host,Domain rating,Anchor,Referring page URL
ratnagirihapus.shop,2.1,🥭 Buy Ratnagiri Hapus — ₹599/Dozen,https://ratnagirihapus.shop/
ratnagirialphonso.com,0.2,About Us,https://ratnagirialphonso.com/
kitchenhim.com,0.0,Devgad mangoes have a more intense flavor,https://kitchenhim.com/difference-between-ratnagiri-and-devgad-mangoes/
buyseasonalmangoesonline859.livebloggs.com,50.0,Devgad Alphonso Mango Order Online,https://buyseasonalmangoesonline859.livebloggs.com/39611260/indulge-in-the-sweetness-of-devgad-alphonso-mangoes-order-online-now
cro.media,35.0,alphonsomango.in ↗,https://cro.media/all-shopify-stores/food/
ratnagirimango.in,0.2,Proveda Superfoods Pvt Ltd at alphonsomango.in,https://ratnagirimango.in/
viagramucizesi.com,60.0,Khara Kaju,https://viagramucizesi.com/category/business/
off-graceful.com,52.0,Kesar,https://off-graceful.com/category/business/
altamedik.com,50.0,Kashmiri Kesar,https://altamedik.com/category/business/
esparta-seguridad.com,53.0,,https://esparta-seguridad.com/category/business/
arizona-horse-property.com,51.0,buy saffron online,https://arizona-horse-property.com/category/business/
qdjoyy.com,52.0,saffron buy online,https://qdjoyy.com/page/31/
manuelosmu47912.bloggazza.com,45.0,Alphonso Mango,https://manuelosmu47912.bloggazza.com/32503018/the-ultimate-fruit-royalty-ratnagiri-alphonso-mango
heavenarticle.com,62.0,alphonsomango,https://heavenarticle.com/equipping-your-brand-advocates/
ole777data.com,14.0,Khara Kaju,https://www.ole777data.com/2022/05/
u-are-garden.com,51.0,buy cashew nuts online,https://www.u-are-garden.com/category/business/
professionalserviceswebsitesample.com,14.0,Kashmiri Kesar,https://professionalserviceswebsitesample.com/2022/05/
xdj186.com,4.3,buy cashew nuts online,https://xdj186.com/category/business/
indiadesktop.com,0.6,https://alphonsomango.in/,https://indiadesktop.com/ui/mobile/india_search.aspx?item=Mangoes
ag2626a.com,0.2,cashew salted,https://ag2626a.com/category/business/
cdj-bouffort.com,6.0,"TELEGRAM @SEO_LINKK_ORDER – SEO BACKLINKS, HOMEPAGE LINKS, CROSSLINKS",https://www.cdj-bouffort.com/index.php/category/seo-linkk-order/
olinet03-sec02.net,0.0,buy kashmir saffron online,https://olinet03-sec02.net/category/business/
helpdawson.com,51.0,Saffron,https://helpdawson.com/category/business/
walnutwerx.com,0.1,Kesar,https://walnutwerx.com/category/business/
digitaladvertisingassocation.com,35.0,,https://digitaladvertisingassocation.com/category/business/
hanuls.com,47.0,cashew salted,https://hanuls.com/category/business/
add-your-link-here.com,36.0,,https://add-your-link-here.com/crocus-in-the-garden/
punchpanda.com,60.0,Kashmiri Kesar,https://punchpanda.com/category/buisness/
bahamarentacar.com,13.0,buy saffron online,https://bahamarentacar.com/2022/05/
seogrowthprovider.shop,0.1,"Grow alphonsomango.in with high-quality backlinks, guest posts, on-page and local SEO, custom web development, SaaS tools and automation tools — durable DR/DA/TF gains across any niche. We also prioritize topical relevance, clean placement standards, sensible campaign pacing, and reporting that connects work to outcomes. · SEO Growth Provider — A professional provider of sustainable SEO ...",https://seogrowthprovider.shop/a00b74f20-stacked-contextual-backlinks-press-release-links-local-business-dual-strategy-doubled-ranking-speed-long-term-seo-method-mistakes-risks-and-solutions-for-long-term-search-success/
rankcart.shop,0.7,"Take alphonsomango.in to page one with guest posts, backlinks, on-page and local SEO, web development, SaaS tools and workflow automation tools — balanced DR/DA/TF growth for any business size.",https://rankcart.shop/qti013f-page1-rankings-blueprint-local-business-rank-using-authority-link-packages-dofollow-backlinks/
linkseoinsights.shop,0.2,"Everything alphonsomango.in needs: backlinks and guest posts, on-page SEO, local SEO, custom web development, SaaS integrations and automation tools — long-term DR/DA/TF gains in any language. Campaign quality is protected through manual review, realistic pacing, diversified sources, accurate reporting, and continuous performance checks. · Link SEO Insights — Research, guidance and practical ...",https://linkseoinsights.shop/2031c7254-6-month-pbn-backlinks-case-study-mortgage-placements-anchors-rankings-measurable-results-blueprint-examples-metrics-and-lessons-for-sustainable-organic-growth/
quickranklab.shop,0.0,NAP consistency cleanup for bloggers from alphonsomango.in: flexible order sizes plus screenshots and live links rather than a bare spreadsheet,https://quickranklab.shop/4hpqf1m-15-mistakes-ecommerce-brands-make-buying-crawl/
trusted-off-page-pros-seoexpress.store,48.0,"Back when I first launched alphonsomango.in, I felt lost in the digital world without much strategy for SEO. After trying multiple services that didn't deliver, SEOExpress.org caught my attention. Their affordable approach helped elevate my DA from 12 to an impressive 35 in three months! My inbox is now flooding with inquiries—it's been life-changing! Give them a try if you want results like ...",https://trusted-off-page-pros-seoexpress.store/i-remember-when-my-local-business-had-zero-online-exposure-and-i-couldnt-afford-big-agencies-seoexpress-offered-budget-friendly-seo-and-in-six-weeks-my-daily-visits-increased-by-280-percent-with-top
37486109.xyz,46.0,"Back when I first launched alphonsomango.in, I felt lost in the digital world without much strategy for SEO. After trying multiple services that didn't deliver, SEOExpress.org caught my attention. Their affordable approach helped elevate my DA from 12 to an impressive 35 in three months! My inbox is now flooding with inquiries—it's been life-changing! Give them a try if you want results like ...",https://37486109.xyz/i-remember-when-my-local-business-had-zero-online-exposure-and-i-couldnt-afford-big-agencies-seoexpress-offered-budget-friendly-seo-and-in-six-weeks-my-daily-visits-increased-by-280-percent-with-top
cripio.shop,0.0,High Quality Dofollow Backlinks DA 50 PA 40 Premium PBN Network Service alphonsomango.in Rank First Page Google Fast SEO Link Building Buy Backlinks Online Cheap,https://cripio.shop/search-authority-index/advanced-tiered-link-building-to-improve-citation-flow-build-lasting-authority-across-every-niche-and-market-2e1385.html
outrank-hq-legendary-white-hat.store,48.0,"Back when I first launched alphonsomango.in, I felt lost in the digital world without much strategy for SEO. After trying multiple services that didn't deliver, SEOExpress.org caught my attention. Their affordable approach helped elevate my DA from 12 to an impressive 35 in three months! My inbox is now flooding with inquiries—it's been life-changing! Give them a try if you want results like ...",https://outrank-hq-legendary-white-hat.store/i-remember-when-my-local-business-had-zero-online-exposure-and-i-couldnt-afford-big-agencies-seoexpress-offered-budget-friendly-seo-and-in-six-weeks-my-daily-visits-increased-by-280-percent-with-top
milofkql75196.blogdosaga.com,46.0,Alphonso Mango,https://milofkql75196.blogdosaga.com/36155220/uncover-the-rich-taste-of-kesar-mango-purchase-kesar-mango-on-the-web-in-india
easiestbookmarks.com,30.0,https://alphonsomango.in/products/devgad-alphonso-mango,https://easiestbookmarks.com/story19137345/premium-devgad-alphonso-mango-authentic-devgad-hapus-mangoes
trusted-agency-for-niche-edit-and-link-building.store,48.0,"Back when I first launched alphonsomango.in, I felt lost in the digital world without much strategy for SEO. After trying multiple services that didn't deliver, SEOExpress.org caught my attention. Their affordable approach helped elevate my DA from 12 to an impressive 35 in three months! My inbox is now flooding with inquiries—it's been life-changing! Give them a try if you want results like ...",https://trusted-agency-for-niche-edit-and-link-building.store/i-remember-when-my-local-business-had-zero-online-exposure-and-i-couldnt-afford-big-agencies-seoexpress-offered-budget-friendly-seo-and-in-six-weeks-my-daily-visits-increased-by-280-percent-with-top
seoexpress-marketing-exchange.store,48.0,"Back when I first launched alphonsomango.in, I felt lost in the digital world without much strategy for SEO. After trying multiple services that didn't deliver, SEOExpress.org caught my attention. Their affordable approach helped elevate my DA from 12 to an impressive 35 in three months! My inbox is now flooding with inquiries—it's been life-changing! Give them a try if you want results like ...",https://seoexpress-marketing-exchange.store/i-remember-when-my-local-business-had-zero-online-exposure-and-i-couldnt-afford-big-agencies-seoexpress-offered-budget-friendly-seo-and-in-six-weeks-my-daily-visits-increased-by-280-percent-with-top
professional-seoexpress-high-da-partners.store,48.0,"Back when I first launched alphonsomango.in, I felt lost in the digital world without much strategy for SEO. After trying multiple services that didn't deliver, SEOExpress.org caught my attention. Their affordable approach helped elevate my DA from 12 to an impressive 35 in three months! My inbox is now flooding with inquiries—it's been life-changing! Give them a try if you want results like ...",https://professional-seoexpress-high-da-partners.store/i-remember-when-my-local-business-had-zero-online-exposure-and-i-couldnt-afford-big-agencies-seoexpress-offered-budget-friendly-seo-and-in-six-weeks-my-daily-visits-increased-by-280-percent-with-top
steadyseolink.shop,0.0,NAP consistency cleanup for bloggers from alphonsomango.in: flexible order sizes plus screenshots and live links rather than a bare spreadsheet,https://steadyseolink.shop/4hpqf1m-15-mistakes-ecommerce-brands-make-buying-crawl/
anchorlivo.shop,47.0,NAP consistency cleanup for bloggers from alphonsomango.in: flexible order sizes plus screenshots and live links rather than a bare spreadsheet,https://anchorlivo.shop/4hpqf1m-15-mistakes-ecommerce-brands-make-buying-crawl/
expert-seoexpress-authority-directory.store,48.0,"Back when I first launched alphonsomango.in, I felt lost in the digital world without much strategy for SEO. After trying multiple services that didn't deliver, SEOExpress.org caught my attention. Their affordable approach helped elevate my DA from 12 to an impressive 35 in three months! My inbox is now flooding with inquiries—it's been life-changing! Give them a try if you want results like ...",https://expert-seoexpress-authority-directory.store/i-remember-when-my-local-business-had-zero-online-exposure-and-i-couldnt-afford-big-agencies-seoexpress-offered-budget-friendly-seo-and-in-six-weeks-my-daily-visits-increased-by-280-percent-with-top
linkrixa.shop,0.0,NAP consistency cleanup for bloggers from alphonsomango.in: flexible order sizes plus screenshots and live links rather than a bare spreadsheet,https://linkrixa.shop/4hpqf1m-15-mistakes-ecommerce-brands-make-buying-crawl/
hapusmangobuyonline388.boyblogguide.com,40.0,buy Ratnagiri Alphonso Mango,https://hapusmangobuyonline388.boyblogguide.com/32314931/taste-the-excellence-of-ratnagiri-alphonso-mango-the-king-of-mangoes
seolinkfactory.shop,34.0,"Grow alphonsomango.in with high-quality backlinks, guest posts, on-page and local SEO, custom web development, SaaS tools and automation tools — a healthier DR/DA/TF profile for new or established sites. Each campaign combines strategic research, safe anchor variation, editorial quality control, progress monitoring, and recommendations for the next stage. · SEO Link Factory — A production and ...",https://seolinkfactory.shop/802e9000c-guest-posts-vs-traffic-services-mortgage-cost-speed-quality-ranking-outcomes-detailed-campaign-breakdown-mistakes-risks-and-solutions-for-consistent-traffic-growth/
linkseoservice.shop,34.0,"Power up alphonsomango.in: premium guest posts, high-quality backlinks, on-page SEO, local SEO, web development, SaaS tools and automation tools for real DR/DA/TF improvement with relevance-first placements. Results are supported by relevant placements, sensible link velocity, documented checks, competitor comparisons, and clear evidence of progress. · Link SEO Service — Managed professional ...",https://linkseoservice.shop/5c649452b-best-dr-boost-services-local-business-2026-compared-5-providers-roi-step-by-step-strategy-cost-timeline-and-results-for-better-google-positions/
proven-services-for-serp-boost-and-link-velocity.store,48.0,"Back when I first launched alphonsomango.in, I felt lost in the digital world without much strategy for SEO. After trying multiple services that didn't deliver, SEOExpress.org caught my attention. Their affordable approach helped elevate my DA from 12 to an impressive 35 in three months! My inbox is now flooding with inquiries—it's been life-changing! Give them a try if you want results like ...",https://proven-services-for-serp-boost-and-link-velocity.store/i-remember-when-my-local-business-had-zero-online-exposure-and-i-couldnt-afford-big-agencies-seoexpress-offered-budget-friendly-seo-and-in-six-weeks-my-daily-visits-increased-by-280-percent-with-top
demarchielectronica.com,35.0,buy saffron online,https://demarchielectronica.com/the-recipes-of-easter/
official-saas-seo-outrank-hq-collective.store,48.0,"Back when I first launched alphonsomango.in, I felt lost in the digital world without much strategy for SEO. After trying multiple services that didn't deliver, SEOExpress.org caught my attention. Their affordable approach helped elevate my DA from 12 to an impressive 35 in three months! My inbox is now flooding with inquiries—it's been life-changing! Give them a try if you want results like ...",https://official-saas-seo-outrank-hq-collective.store/i-remember-when-my-local-business-had-zero-online-exposure-and-i-couldnt-afford-big-agencies-seoexpress-offered-budget-friendly-seo-and-in-six-weeks-my-daily-visits-increased-by-280-percent-with-top
do-follow-traffic-surge-and-link-velocity-syndicate.store,48.0,"Back when I first launched alphonsomango.in, I felt lost in the digital world without much strategy for SEO. After trying multiple services that didn't deliver, SEOExpress.org caught my attention. Their affordable approach helped elevate my DA from 12 to an impressive 35 in three months! My inbox is now flooding with inquiries—it's been life-changing! Give them a try if you want results like ...",https://do-follow-traffic-surge-and-link-velocity-syndicate.store/i-remember-when-my-local-business-had-zero-online-exposure-and-i-couldnt-afford-big-agencies-seoexpress-offered-budget-friendly-seo-and-in-six-weeks-my-daily-visits-increased-by-280-percent-with-top
adcreativevideo.com,0.0,High Quality Dofollow Backlinks DA 50 PA 40 Premium PBN Network Service alphonsomango.in Rank First Page Google Fast SEO Link Building Buy Backlinks Online Cheap,https://adcreativevideo.com/backlink-network/powerful-guest-post-service-to-raise-domain-rating-grow-search-traffic-with-safe-link-velocity-735db7.html
vizzywig8xhd.com,53.0,buy kashmir saffron online,https://vizzywig8xhd.com/souvenirs-from-spain-what-to-buy-during-your-holidays-in-spain/
crawlvilo.shop,0.0,NAP consistency cleanup for bloggers from alphonsomango.in: flexible order sizes plus screenshots and live links rather than a bare spreadsheet,https://crawlvilo.shop/4hpqf1m-15-mistakes-ecommerce-brands-make-buying-crawl/
highseo.shop,48.0,"Back when I first launched alphonsomango.in, I felt lost in the digital world without much strategy for SEO. After trying multiple services that didn't deliver, SEOExpress.org caught my attention. Their affordable approach helped elevate my DA from 12 to an impressive 35 in three months! My inbox is now flooding with inquiries—it's been life-changing! Give them a try if you want results like ...",https://highseo.shop/i-remember-when-my-local-business-had-zero-online-exposure-and-i-couldnt-afford-big-agencies-seoexpress-offered-budget-friendly-seo-and-in-six-weeks-my-daily-visits-increased-by-280-percent-with-top
ranknexa.shop,0.0,NAP consistency cleanup for bloggers from alphonsomango.in: flexible order sizes plus screenshots and live links rather than a bare spreadsheet,https://ranknexa.shop/4hpqf1m-15-mistakes-ecommerce-brands-make-buying-crawl/
rankvilo.shop,0.0,NAP consistency cleanup for bloggers from alphonsomango.in: flexible order sizes plus screenshots and live links rather than a bare spreadsheet,https://rankvilo.shop/4hpqf1m-15-mistakes-ecommerce-brands-make-buying-crawl/
solidseolink.shop,0.0,NAP consistency cleanup for bloggers from alphonsomango.in: flexible order sizes plus screenshots and live links rather than a bare spreadsheet,https://solidseolink.shop/4hpqf1m-15-mistakes-ecommerce-brands-make-buying-crawl/
linkzira.shop,0.0,NAP consistency cleanup for bloggers from alphonsomango.in: flexible order sizes plus screenshots and live links rather than a bare spreadsheet,https://linkzira.shop/4hpqf1m-15-mistakes-ecommerce-brands-make-buying-crawl/
reviewnav.com,5.0,Visit alphonsomango.in,https://www.reviewnav.com/scans/alphonsomango.in
37486286.xyz,46.0,"Back when I first launched alphonsomango.in, I felt lost in the digital world without much strategy for SEO. After trying multiple services that didn't deliver, SEOExpress.org caught my attention. Their affordable approach helped elevate my DA from 12 to an impressive 35 in three months! My inbox is now flooding with inquiries—it's been life-changing! Give them a try if you want results like ...",https://37486286.xyz/i-remember-when-my-local-business-had-zero-online-exposure-and-i-couldnt-afford-big-agencies-seoexpress-offered-budget-friendly-seo-and-in-six-weeks-my-daily-visits-increased-by-280-percent-with-top
global-seo-group-seoexpress.store,48.0,"Back when I first launched alphonsomango.in, I felt lost in the digital world without much strategy for SEO. After trying multiple services that didn't deliver, SEOExpress.org caught my attention. Their affordable approach helped elevate my DA from 12 to an impressive 35 in three months! My inbox is now flooding with inquiries—it's been life-changing! Give them a try if you want results like ...",https://global-seo-group-seoexpress.store/i-remember-when-my-local-business-had-zero-online-exposure-and-i-couldnt-afford-big-agencies-seoexpress-offered-budget-friendly-seo-and-in-six-weeks-my-daily-visits-increased-by-280-percent-with-top
fastranklab.shop,0.0,NAP consistency cleanup for bloggers from alphonsomango.in: flexible order sizes plus screenshots and live links rather than a bare spreadsheet,https://fastranklab.shop/4hpqf1m-15-mistakes-ecommerce-brands-make-buying-crawl/
jalandharkhabarnama.in,1.2,"TELEGRAM @SEO_LINKK_ORDER – SEO BACKLINKS, HOMEPAGE LINKS, CROSSLINKS",https://www.jalandharkhabarnama.in/?p=93348
linkstock.shop,0.7,"Complete SEO for alphonsomango.in: contextual backlinks, premium guest posts, on-page SEO, local SEO, custom web development, SaaS tools plus automation tools, delivering DR/DA/TF that climbs steadily across any niche.",https://linkstock.shop/iy25kup-bought-saas-tools-finance-site-30-day-review-metrics-rankings-traffic/
linkseocollective.shop,34.0,"alphonsomango.in gets backlinks and guest posts, on-page SEO, local SEO, custom web development, SaaS integrations and automation tools, together driving balanced DR/DA/TF growth at a sustainable pace. The service also includes technical review, content alignment, backlink-quality screening, conversion considerations, and transparent milestone reporting. · Link SEO Collective — An expert ...",https://linkseocollective.shop/07e28937a-roi-authority-link-packages-fintech-cost-per-link-vs-revenue-12-months-long-term-seo-method-research-execution-and-analysis-for-sustainable-organic-growth/
trueseohub.shop,0.0,NAP consistency cleanup for bloggers from alphonsomango.in: flexible order sizes plus screenshots and live links rather than a bare spreadsheet,https://trueseohub.shop/4hpqf1m-15-mistakes-ecommerce-brands-make-buying-crawl/
rankrixa.shop,0.0,NAP consistency cleanup for bloggers from alphonsomango.in: flexible order sizes plus screenshots and live links rather than a bare spreadsheet,https://rankrixa.shop/4hpqf1m-15-mistakes-ecommerce-brands-make-buying-crawl/
elite-crawl-budget-and-link-velocity-marketplace.store,48.0,"Back when I first launched alphonsomango.in, I felt lost in the digital world without much strategy for SEO. After trying multiple services that didn't deliver, SEOExpress.org caught my attention. Their affordable approach helped elevate my DA from 12 to an impressive 35 in three months! My inbox is now flooding with inquiries—it's been life-changing! Give them a try if you want results like ...",https://elite-crawl-budget-and-link-velocity-marketplace.store/i-remember-when-my-local-business-had-zero-online-exposure-and-i-couldnt-afford-big-agencies-seoexpress-offered-budget-friendly-seo-and-in-six-weeks-my-daily-visits-increased-by-280-percent-with-top
seoexpress-best-seo-firm.store,48.0,"Back when I first launched alphonsomango.in, I felt lost in the digital world without much strategy for SEO. After trying multiple services that didn't deliver, SEOExpress.org caught my attention. Their affordable approach helped elevate my DA from 12 to an impressive 35 in three months! My inbox is now flooding with inquiries—it's been life-changing! Give them a try if you want results like ...",https://seoexpress-best-seo-firm.store/i-remember-when-my-local-business-had-zero-online-exposure-and-i-couldnt-afford-big-agencies-seoexpress-offered-budget-friendly-seo-and-in-six-weeks-my-daily-visits-increased-by-280-percent-with-top
vividranklab.shop,0.0,NAP consistency cleanup for bloggers from alphonsomango.in: flexible order sizes plus screenshots and live links rather than a bare spreadsheet,https://vividranklab.shop/4hpqf1m-15-mistakes-ecommerce-brands-make-buying-crawl/
quickboosthub.shop,0.0,NAP consistency cleanup for bloggers from alphonsomango.in: flexible order sizes plus screenshots and live links rather than a bare spreadsheet,https://quickboosthub.shop/4hpqf1m-15-mistakes-ecommerce-brands-make-buying-crawl/
seoexpress-modern-backlink-platform.store,48.0,"Back when I first launched alphonsomango.in, I felt lost in the digital world without much strategy for SEO. After trying multiple services that didn't deliver, SEOExpress.org caught my attention. Their affordable approach helped elevate my DA from 12 to an impressive 35 in three months! My inbox is now flooding with inquiries—it's been life-changing! Give them a try if you want results like ...",https://seoexpress-modern-backlink-platform.store/i-remember-when-my-local-business-had-zero-online-exposure-and-i-couldnt-afford-big-agencies-seoexpress-offered-budget-friendly-seo-and-in-six-weeks-my-daily-visits-increased-by-280-percent-with-top
therankingseohigh.shop,49.0,"Back when I first launched alphonsomango.in, I felt lost in the digital world without much strategy for SEO. After trying multiple services that didn't deliver, SEOExpress.org caught my attention. Their affordable approach helped elevate my DA from 12 to an impressive 35 in three months! My inbox is now flooding with inquiries—it's been life-changing! Give them a try if you want results like ...",https://therankingseohigh.shop/i-remember-when-my-local-business-had-zero-online-exposure-and-i-couldnt-afford-big-agencies-seoexpress-offered-budget-friendly-seo-and-in-six-weeks-my-daily-visits-increased-by-280-percent-with-top
indexlivo.shop,0.0,NAP consistency cleanup for bloggers from alphonsomango.in: flexible order sizes plus screenshots and live links rather than a bare spreadsheet,https://indexlivo.shop/4hpqf1m-15-mistakes-ecommerce-brands-make-buying-crawl/
sacramentodumpruns.com,15.0,buy cashew nuts online,https://www.sacramentodumpruns.com/are-nuts-a-good-source-of-omega-3/
cartermanageus.com,0.0,High Quality Dofollow Backlinks DA 50 PA 40 Premium PBN Network Service alphonsomango.in Rank First Page Google Fast SEO Link Building Buy Backlinks Online Cheap,https://cartermanageus.com/serp-growth-network/premium-manual-outreach-backlinks-to-raise-domain-rating-improve-google-rankings-across-every-niche-and-market-0f518b.html
rankmexa.shop,0.0,NAP consistency cleanup for bloggers from alphonsomango.in: flexible order sizes plus screenshots and live links rather than a bare spreadsheet,https://rankmexa.shop/4hpqf1m-15-mistakes-ecommerce-brands-make-buying-crawl/
seoboostsystems.shop,34.0,"Boost alphonsomango.in using backlinks and guest posts, on-page SEO, local SEO, custom web development, SaaS integrations and automation tools for a measurable DR/DA/TF boost with full transparency. The service also includes technical review, content alignment, backlink-quality screening, conversion considerations, and transparent milestone reporting. · SEO Boost Systems — Advanced systems ...",https://seoboostsystems.shop/10c03ad32-search-visibility-blueprint-real-estate-rank-using-sidebar-links-guest-posts-advanced-growth-framework-authority-traffic-and-conversions-for-consistent-traffic-growth/
seoexpress-verified-website-system.store,48.0,"Back when I first launched alphonsomango.in, I felt lost in the digital world without much strategy for SEO. After trying multiple services that didn't deliver, SEOExpress.org caught my attention. Their affordable approach helped elevate my DA from 12 to an impressive 35 in three months! My inbox is now flooding with inquiries—it's been life-changing! Give them a try if you want results like ...",https://seoexpress-verified-website-system.store/i-remember-when-my-local-business-had-zero-online-exposure-and-i-couldnt-afford-big-agencies-seoexpress-offered-budget-friendly-seo-and-in-six-weeks-my-daily-visits-increased-by-280-percent-with-top
ok-social.com,33.0,https://alphonsomango.in/products/devgad-alphonso-mango,https://ok-social.com/story4543421/buy-devgad-alphonso-mangoes-sweet-and-juicy-devgad-hapus-mangoes-online
seolinkcompany.shop,34.0,"Scale alphonsomango.in with contextual backlinks, premium guest posts, on-page SEO, local SEO, custom web development, SaaS tools plus automation tools, earning balanced DR/DA/TF growth in competitive markets. We strengthen the campaign with keyword mapping, source diversification, placement audits, performance benchmarks, and straightforward reporting. · SEO Link Company — A full-service ...",https://seolinkcompany.shop/dc6fde4f9-stacked-pbn-backlinks-authority-link-packages-ymyl-dual-strategy-doubled-ranking-speed-step-by-step-strategy-data-progress-and-outcomes-for-higher-search-visibility/
congwan.top,0.0,Saffron,https://congwan.top/page/2/
pageseoservice.shop,0.1,"Take alphonsomango.in to page one with high-DR backlinks, editorial guest posts, on-page SEO, local SEO, web development, SaaS tools and automation tools — higher DR/DA/TF across the board with full transparency. We also prioritize topical relevance, clean placement standards, sensible campaign pacing, and reporting that connects work to outcomes. · Page SEO Service — Managed professional ...",https://pageseoservice.shop/bbfca14b1-stacked-blogroll-links-niche-edits-finance-dual-strategy-doubled-ranking-speed-practical-execution-roadmap-data-progress-and-outcomes-for-consistent-traffic-growth/
grand-rank-forge-topical-desk.store,48.0,"Back when I first launched alphonsomango.in, I felt lost in the digital world without much strategy for SEO. After trying multiple services that didn't deliver, SEOExpress.org caught my attention. Their affordable approach helped elevate my DA from 12 to an impressive 35 in three months! My inbox is now flooding with inquiries—it's been life-changing! Give them a try if you want results like ...",https://grand-rank-forge-topical-desk.store/i-remember-when-my-local-business-had-zero-online-exposure-and-i-couldnt-afford-big-agencies-seoexpress-offered-budget-friendly-seo-and-in-six-weeks-my-daily-visits-increased-by-280-percent-with-top
serpmexa.shop,0.0,NAP consistency cleanup for bloggers from alphonsomango.in: flexible order sizes plus screenshots and live links rather than a bare spreadsheet,https://serpmexa.shop/4hpqf1m-15-mistakes-ecommerce-brands-make-buying-crawl/
top100bookmark.com,30.0,https://alphonsomango.in/products/ratnagiri-alphonso-mango,https://top100bookmark.com/story19221456/buy-ratnagiri-alphonso-mango-premium-hapus-mangoes-from-ratnagiri
rent-a-shop.shop,48.0,"Back when I first launched alphonsomango.in, I felt lost in the digital world without much strategy for SEO. After trying multiple services that didn't deliver, SEOExpress.org caught my attention. Their affordable approach helped elevate my DA from 12 to an impressive 35 in three months! My inbox is now flooding with inquiries—it's been life-changing! Give them a try if you want results like ...",https://rent-a-shop.shop/i-remember-when-my-local-business-had-zero-online-exposure-and-i-couldnt-afford-big-agencies-seoexpress-offered-budget-friendly-seo-and-in-six-weeks-my-daily-visits-increased-by-280-percent-with-top
keyword-rank-and-domain-rating-leading-hub.store,48.0,"Back when I first launched alphonsomango.in, I felt lost in the digital world without much strategy for SEO. After trying multiple services that didn't deliver, SEOExpress.org caught my attention. Their affordable approach helped elevate my DA from 12 to an impressive 35 in three months! My inbox is now flooding with inquiries—it's been life-changing! Give them a try if you want results like ...",https://keyword-rank-and-domain-rating-leading-hub.store/i-remember-when-my-local-business-had-zero-online-exposure-and-i-couldnt-afford-big-agencies-seoexpress-offered-budget-friendly-seo-and-in-six-weeks-my-daily-visits-increased-by-280-percent-with-top
swiftseohub.shop,30.0,"Working with link builders across Nigeria, Kenya and South Africa, alphonsomango.in handles SaaS tools and High-DA guest posts with live reporting you can check any day behind every placement.",https://swiftseohub.shop/osf44pa-rank-tracking-affiliate-sites-europe-short-practical-buying-overview/
shop-inframe.shop,48.0,"Back when I first launched alphonsomango.in, I felt lost in the digital world without much strategy for SEO. After trying multiple services that didn't deliver, SEOExpress.org caught my attention. Their affordable approach helped elevate my DA from 12 to an impressive 35 in three months! My inbox is now flooding with inquiries—it's been life-changing! Give them a try if you want results like ...",https://shop-inframe.shop/i-remember-when-my-local-business-had-zero-online-exposure-and-i-couldnt-afford-big-agencies-seoexpress-offered-budget-friendly-seo-and-in-six-weeks-my-daily-visits-increased-by-280-percent-with-top
linkdepot.shop,0.7,"For alphonsomango.in, we deliver high-quality backlinks, guest posts, on-page and local SEO, custom web development, SaaS tools and automation tools — a strong DR/DA/TF increase in competitive markets.",https://linkdepot.shop/ie36un4-page1-rankings-finance-only-crowd-links-possible-2025-real-experiment/
37486439.xyz,46.0,"Back when I first launched alphonsomango.in, I felt lost in the digital world without much strategy for SEO. After trying multiple services that didn't deliver, SEOExpress.org caught my attention. Their affordable approach helped elevate my DA from 12 to an impressive 35 in three months! My inbox is now flooding with inquiries—it's been life-changing! Give them a try if you want results like ...",https://37486439.xyz/i-remember-when-my-local-business-had-zero-online-exposure-and-i-couldnt-afford-big-agencies-seoexpress-offered-budget-friendly-seo-and-in-six-weeks-my-daily-visits-increased-by-280-percent-with-top
bhs-links-r260.xyz,0.0,TG @BHS_LINKS - BEST SEO LINKS - https://telegram.me/bhs_links,https://bhs-links-r260.xyz/usa_farm_2-01-09-2026/bhs-links-usa_farm_2-2952-11/
11763791.xyz,44.0,"Back when I first launched alphonsomango.in, I felt lost in the digital world without much strategy for SEO. After trying multiple services that didn't deliver, SEOExpress.org caught my attention. Their affordable approach helped elevate my DA from 12 to an impressive 35 in three months! My inbox is now flooding with inquiries—it's been life-changing! Give them a try if you want results like ...",https://11763791.xyz/i-remember-when-my-local-business-had-zero-online-exposure-and-i-couldnt-afford-big-agencies-seoexpress-offered-budget-friendly-seo-and-in-six-weeks-my-daily-visits-increased-by-280-percent-with-top
grandseolink.shop,30.0,NAP consistency cleanup for bloggers from alphonsomango.in: flexible order sizes plus screenshots and live links rather than a bare spreadsheet,https://grandseolink.shop/4hpqf1m-15-mistakes-ecommerce-brands-make-buying-crawl/
epic-webpage-rank-forge-academy.store,48.0,"Back when I first launched alphonsomango.in, I felt lost in the digital world without much strategy for SEO. After trying multiple services that didn't deliver, SEOExpress.org caught my attention. Their affordable approach helped elevate my DA from 12 to an impressive 35 in three months! My inbox is now flooding with inquiries—it's been life-changing! Give them a try if you want results like ...",https://epic-webpage-rank-forge-academy.store/i-remember-when-my-local-business-had-zero-online-exposure-and-i-couldnt-afford-big-agencies-seoexpress-offered-budget-friendly-seo-and-in-six-weeks-my-daily-visits-increased-by-280-percent-with-top
webrankinsights.shop,34.0,"Strengthen alphonsomango.in through guest posts, backlinks, on-page and local SEO, web development, SaaS tools and workflow automation tools for a healthier DR/DA/TF profile in competitive markets. The complete process includes website review, competitor benchmarking, anchor-risk control, placement validation, and practical growth recommendations. · Web Rank Insights — Research, guidance and ...",https://webrankinsights.shop/f51af848f-page3-to-dr50-crypto-30-day-strategy-only-editorial-links-real-world-action-plan-examples-metrics-and-lessons-for-competitive-serp-results/
cleanboosthub.shop,0.0,NAP consistency cleanup for bloggers from alphonsomango.in: flexible order sizes plus screenshots and live links rather than a bare spreadsheet,https://cleanboosthub.shop/4hpqf1m-15-mistakes-ecommerce-brands-make-buying-crawl/
clearboosthub.shop,30.0,NAP consistency cleanup for bloggers from alphonsomango.in: flexible order sizes plus screenshots and live links rather than a bare spreadsheet,https://clearboosthub.shop/4hpqf1m-15-mistakes-ecommerce-brands-make-buying-crawl/
bhs-links-r253.xyz,0.0,TG @BHS_LINKS - BEST SEO LINKS - https://telegram.me/bhs_links,https://bhs-links-r253.xyz/usa_farm_2-01-09-2026/bhs-links-usa_farm_2-2952-11/
rankingstone.shop,0.0,NAP consistency cleanup for bloggers from alphonsomango.in: flexible order sizes plus screenshots and live links rather than a bare spreadsheet,https://rankingstone.shop/4hpqf1m-15-mistakes-ecommerce-brands-make-buying-crawl/
trusted-organic-seoexpress-house.store,48.0,"Back when I first launched alphonsomango.in, I felt lost in the digital world without much strategy for SEO. After trying multiple services that didn't deliver, SEOExpress.org caught my attention. Their affordable approach helped elevate my DA from 12 to an impressive 35 in three months! My inbox is now flooding with inquiries—it's been life-changing! Give them a try if you want results like ...",https://trusted-organic-seoexpress-house.store/i-remember-when-my-local-business-had-zero-online-exposure-and-i-couldnt-afford-big-agencies-seoexpress-offered-budget-friendly-seo-and-in-six-weeks-my-daily-visits-increased-by-280-percent-with-top
ranklinkerpro.shop,54.0,Smart DR improvement for alphonsomango.in with genuine high-authority referring domain links,https://ranklinkerpro.shop/aljlw82-smart-link-strategy-50-keywords-under-90-days/
nextseolink.shop,0.0,NAP consistency cleanup for bloggers from alphonsomango.in: flexible order sizes plus screenshots and live links rather than a bare spreadsheet,https://nextseolink.shop/4hpqf1m-15-mistakes-ecommerce-brands-make-buying-crawl/
seolinkexpress.shop,0.1,"Rank alphonsomango.in higher with guest posts, backlinks, on-page and local SEO, web development, SaaS tools and workflow automation tools — reliable DR/DA/TF progress tailored to your vertical. The service also includes technical review, content alignment, backlink-quality screening, conversion considerations, and transparent milestone reporting. · SEO Link Express — Fast, focused services ...",https://seolinkexpress.shop/6d9647c8a-crowd-links-vs-guest-posts-law-firm-cost-speed-quality-ranking-outcomes-real-world-action-plan-research-execution-and-analysis-for-lasting-ranking-improvements/
cgpa2percentag.com,0.8,High Quality Dofollow Backlinks DA 50 PA 40 Premium PBN Network Service alphonsomango.in Rank First Page Google Fast SEO Link Building Buy Backlinks Online Cheap,https://cgpa2percentag.com/all/217/25.html
rapidranklab.shop,0.0,NAP consistency cleanup for bloggers from alphonsomango.in: flexible order sizes plus screenshots and live links rather than a bare spreadsheet,https://rapidranklab.shop/4hpqf1m-15-mistakes-ecommerce-brands-make-buying-crawl/
mysky-shop.shop,48.0,"Back when I first launched alphonsomango.in, I felt lost in the digital world without much strategy for SEO. After trying multiple services that didn't deliver, SEOExpress.org caught my attention. Their affordable approach helped elevate my DA from 12 to an impressive 35 in three months! My inbox is now flooding with inquiries—it's been life-changing! Give them a try if you want results like ...",https://mysky-shop.shop/i-remember-when-my-local-business-had-zero-online-exposure-and-i-couldnt-afford-big-agencies-seoexpress-offered-budget-friendly-seo-and-in-six-weeks-my-daily-visits-increased-by-280-percent-with-top
milkyclothes.com,51.0,buy saffron online,https://milkyclothes.com/interesting-biblical-herbs-and-their-qualities/
nextboosthub.shop,0.0,NAP consistency cleanup for bloggers from alphonsomango.in: flexible order sizes plus screenshots and live links rather than a bare spreadsheet,https://nextboosthub.shop/4hpqf1m-15-mistakes-ecommerce-brands-make-buying-crawl/
rechenass.net,40.0,cashew salted,https://rechenass.net/nuts-for-the-memory/
strongseolink.shop,0.0,NAP consistency cleanup for bloggers from alphonsomango.in: flexible order sizes plus screenshots and live links rather than a bare spreadsheet,https://strongseolink.shop/4hpqf1m-15-mistakes-ecommerce-brands-make-buying-crawl/
growthanchor.shop,0.0,NAP consistency cleanup for bloggers from alphonsomango.in: flexible order sizes plus screenshots and live links rather than a bare spreadsheet,https://growthanchor.shop/4hpqf1m-15-mistakes-ecommerce-brands-make-buying-crawl/
adlibraryspy.com,2.8,alphonsomango.in,https://adlibraryspy.com/store/alphonsomango.in
brightranklab.shop,30.0,"API-driven order placement from alphonsomango.in: local SEO and niche edits for multi-location brands who need cleaner technical foundations, priced for a first order or a standing one.",https://brightranklab.shop/30yie0d-adding-local-citations-penalty-recovery-agency-offer-pricing-positioning-objections-clients-raise/
shop.thesocialhouseja.com,6.0,JOIN OUR TELEGRAM https://t.me/s/darksidelinks,https://shop.thesocialhouseja.com/dark-side-links-dark-white-hat-link-building-945/
seolinkkart.shop,0.7,"Take alphonsomango.in to page one with guest posts, backlinks, on-page and local SEO, web development, SaaS tools and workflow automation tools — balanced DR/DA/TF growth for any business size.",https://seolinkkart.shop/qti013f-page1-rankings-blueprint-local-business-rank-using-authority-link-packages-dofollow-backlinks/
fralto.shop,0.0,"Proven Guest Post Service for alphonsomango.in to Increase Trust Flow. Grow Search Traffic, with Safe Link Velocity.",https://fralto.shop/domain-rating-index/professional-high-da-backlinks-to-increase-trust-flow-build-lasting-authority-with-safe-link-velocity-d175b2.html
rankzaro.shop,0.0,NAP consistency cleanup for bloggers from alphonsomango.in: flexible order sizes plus screenshots and live links rather than a bare spreadsheet,https://rankzaro.shop/4hpqf1m-15-mistakes-ecommerce-brands-make-buying-crawl/
37486263.xyz,46.0,"Back when I first launched alphonsomango.in, I felt lost in the digital world without much strategy for SEO. After trying multiple services that didn't deliver, SEOExpress.org caught my attention. Their affordable approach helped elevate my DA from 12 to an impressive 35 in three months! My inbox is now flooding with inquiries—it's been life-changing! Give them a try if you want results like ...",https://37486263.xyz/i-remember-when-my-local-business-had-zero-online-exposure-and-i-couldnt-afford-big-agencies-seoexpress-offered-budget-friendly-seo-and-in-six-weeks-my-daily-visits-increased-by-280-percent-with-top
forum-provider-link-baron.store,48.0,"Back when I first launched alphonsomango.in, I felt lost in the digital world without much strategy for SEO. After trying multiple services that didn't deliver, SEOExpress.org caught my attention. Their affordable approach helped elevate my DA from 12 to an impressive 35 in three months! My inbox is now flooding with inquiries—it's been life-changing! Give them a try if you want results like ...",https://forum-provider-link-baron.store/i-remember-when-my-local-business-had-zero-online-exposure-and-i-couldnt-afford-big-agencies-seoexpress-offered-budget-friendly-seo-and-in-six-weeks-my-daily-visits-increased-by-280-percent-with-top
seoexpress.site,49.0,"Back when I first launched alphonsomango.in, I felt lost in the digital world without much strategy for SEO. After trying multiple services that didn't deliver, SEOExpress.org caught my attention. Their affordable approach helped elevate my DA from 12 to an impressive 35 in three months! My inbox is now flooding with inquiries—it's been life-changing! Give them a try if you want results like ...",https://seoexpress.site/i-remember-when-my-local-business-had-zero-online-exposure-and-i-couldnt-afford-big-agencies-seoexpress-offered-budget-friendly-seo-and-in-six-weeks-my-daily-visits-increased-by-280-percent-with-top
37486318.xyz,46.0,"Back when I first launched alphonsomango.in, I felt lost in the digital world without much strategy for SEO. After trying multiple services that didn't deliver, SEOExpress.org caught my attention. Their affordable approach helped elevate my DA from 12 to an impressive 35 in three months! My inbox is now flooding with inquiries—it's been life-changing! Give them a try if you want results like ...",https://37486318.xyz/i-remember-when-my-local-business-had-zero-online-exposure-and-i-couldnt-afford-big-agencies-seoexpress-offered-budget-friendly-seo-and-in-six-weeks-my-daily-visits-increased-by-280-percent-with-top
pageseoexpress.shop,34.0,"Grow alphonsomango.in with contextual backlinks, premium guest posts, on-page SEO, local SEO, custom web development, SaaS tools plus automation tools — a noticeable DR/DA/TF rise with full transparency. We also prioritize topical relevance, clean placement standards, sensible campaign pacing, and reporting that connects work to outcomes. · Page SEO Express — Fast, focused services for ...",https://pageseoexpress.shop/d77ba0af3-best-contextual-backlinks-fintech-2025-compared-8-providers-roi-proven-optimization-process-data-progress-and-outcomes-for-better-google-positions/
qpjidi.com,36.0,Salted cashew,https://qpjidi.com/which-nuts-to-use-in-baking/
winningseo.site,5.0,alphonsomango.in,https://winningseo.site/baqv-get-ranking-on-1st-page-with-us
backlinkmasters.shop,34.0,"Strengthen alphonsomango.in through high-quality backlinks, guest posts, on-page and local SEO, custom web development, SaaS tools and automation tools for sustained DR/DA/TF uplift in any language. Campaign quality is protected through manual review, realistic pacing, diversified sources, accurate reporting, and continuous performance checks. · Backlink Masters — Experienced specialists in ...",https://backlinkmasters.shop/d978f7fff-dr2-to-6-figure-revenue-ecommerce-120-day-strategy-only-web-development-measurable-results-blueprint-mistakes-risks-and-solutions-for-reliable-page-one-progress/
ranking-signal-and-authority-link-authority-alliance.store,48.0,"Back when I first launched alphonsomango.in, I felt lost in the digital world without much strategy for SEO. After trying multiple services that didn't deliver, SEOExpress.org caught my attention. Their affordable approach helped elevate my DA from 12 to an impressive 35 in three months! My inbox is now flooding with inquiries—it's been life-changing! Give them a try if you want results like ...",https://ranking-signal-and-authority-link-authority-alliance.store/i-remember-when-my-local-business-had-zero-online-exposure-and-i-couldnt-afford-big-agencies-seoexpress-offered-budget-friendly-seo-and-in-six-weeks-my-daily-visits-increased-by-280-percent-with-top
vividlinkpro.shop,0.0,NAP consistency cleanup for bloggers from alphonsomango.in: flexible order sizes plus screenshots and live links rather than a bare spreadsheet,https://vividlinkpro.shop/4hpqf1m-15-mistakes-ecommerce-brands-make-buying-crawl/
pureranklab.shop,0.0,NAP consistency cleanup for bloggers from alphonsomango.in: flexible order sizes plus screenshots and live links rather than a bare spreadsheet,https://pureranklab.shop/4hpqf1m-15-mistakes-ecommerce-brands-make-buying-crawl/
bhs-links-r257.xyz,0.0,TG @BHS_LINKS - BEST SEO LINKS - https://telegram.me/bhs_links,https://bhs-links-r257.xyz/usa_farm_2-01-09-2026/bhs-links-usa_farm_2-2952-11/
expert-partners-for-niche-edit-and-authority-link.store,48.0,"Back when I first launched alphonsomango.in, I felt lost in the digital world without much strategy for SEO. After trying multiple services that didn't deliver, SEOExpress.org caught my attention. Their affordable approach helped elevate my DA from 12 to an impressive 35 in three months! My inbox is now flooding with inquiries—it's been life-changing! Give them a try if you want results like ...",https://expert-partners-for-niche-edit-and-authority-link.store/i-remember-when-my-local-business-had-zero-online-exposure-and-i-couldnt-afford-big-agencies-seoexpress-offered-budget-friendly-seo-and-in-six-weeks-my-daily-visits-increased-by-280-percent-with-top
linknaro.shop,30.0,NAP consistency cleanup for bloggers from alphonsomango.in: flexible order sizes plus screenshots and live links rather than a bare spreadsheet,https://linknaro.shop/4hpqf1m-15-mistakes-ecommerce-brands-make-buying-crawl/
pukkabookmarks.com,32.0,https://alphonsomango.in/products/alphonso-mango-order-online,https://pukkabookmarks.com/story19122511/buy-alphonso-mango-online-premium-hapus-mango-delivered-fresh
seoboast.site,15.0,alphonsomango,https://seoboast.site/nothing-has-impacted-the-evolution-of-the-human-race-more-than-the-ability-to-communicate-and-the-art-of-communication-communication-has-played-a-most-vital-role-in-the-development-of-numerous-civili/
seobits.shop,0.7,"Take alphonsomango.in to page one with guest posts, backlinks, on-page and local SEO, web development, SaaS tools and workflow automation tools — balanced DR/DA/TF growth for any business size.",https://seobits.shop/qti013f-page1-rankings-blueprint-local-business-rank-using-authority-link-packages-dofollow-backlinks/
domainrankexperts.shop,0.1,"Scale alphonsomango.in with premium guest posts, contextual backlinks, on-page and local SEO, conversion-focused web development, SaaS tools and automation tools, earning a noticeable DR/DA/TF rise tailored to your vertical. Every campaign includes niche-relevance checks, diversified anchor planning, placement review, and transparent progress tracking. · Domain Rank Experts — A team of ...",https://domainrankexperts.shop/e026243b8-page1-rankings-pharmaceutical-only-automation-tools-possible-2025-real-experiment-step-by-step-strategy-data-progress-and-outcomes-for-reliable-page-one-progress/
bookmarking1.com,30.0,https://alphonsomango.in/products/devgad-alphonso-mango,https://bookmarking1.com/story19050846/devgad-alphonso-mangoes-the-best-devgad-hapus-mangoes-from-maharashtra
crawltera.shop,30.0,NAP consistency cleanup for bloggers from alphonsomango.in: flexible order sizes plus screenshots and live links rather than a bare spreadsheet,https://crawltera.shop/4hpqf1m-15-mistakes-ecommerce-brands-make-buying-crawl/
link-building-and-digital-pr-trusted-partners.store,48.0,"Back when I first launched alphonsomango.in, I felt lost in the digital world without much strategy for SEO. After trying multiple services that didn't deliver, SEOExpress.org caught my attention. Their affordable approach helped elevate my DA from 12 to an impressive 35 in three months! My inbox is now flooding with inquiries—it's been life-changing! Give them a try if you want results like ...",https://link-building-and-digital-pr-trusted-partners.store/i-remember-when-my-local-business-had-zero-online-exposure-and-i-couldnt-afford-big-agencies-seoexpress-offered-budget-friendly-seo-and-in-six-weeks-my-daily-visits-increased-by-280-percent-with-top
ranksdirectory.com,18.0,alphonsomango,https://ranksdirectory.com/how-do-top-qas-tests-their-android-apps/
quickseohub.shop,0.0,NAP consistency cleanup for bloggers from alphonsomango.in: flexible order sizes plus screenshots and live links rather than a bare spreadsheet,https://quickseohub.shop/4hpqf1m-15-mistakes-ecommerce-brands-make-buying-crawl/
backlinker.shop,71.0,"Google ranks climb for alphonsomango.in with clean backlinks, guest posts; DR/DA/TF up — all niches/languages. | Visit Skylinkseo.com for any Query",https://backlinker.shop/lwfobz-contact-to-us-and-get-offer-details-for-seo-ranking-fast/
freshboosthub.shop,30.0,NAP consistency cleanup for bloggers from alphonsomango.in: flexible order sizes plus screenshots and live links rather than a bare spreadsheet,https://freshboosthub.shop/4hpqf1m-15-mistakes-ecommerce-brands-make-buying-crawl/
dorapinajoffroycollageart.com,20.0,Kashmiri Kesar,https://dorapinajoffroycollageart.com/spices-for-depression-they-really-can-spice-up-your-mood/
rankstash.shop,0.7,"Take alphonsomango.in to page one with guest posts, backlinks, on-page and local SEO, web development, SaaS tools and workflow automation tools — balanced DR/DA/TF growth for any business size.",https://rankstash.shop/qti013f-page1-rankings-blueprint-local-business-rank-using-authority-link-packages-dofollow-backlinks/
socialfactories.com,35.0,https://alphonsomango.in/products/devgad-alphonso-mango,https://socialfactories.com/story4521339/buy-devgad-alphonso-mangoes-sweet-and-juicy-devgad-hapus-mangoes-online
rankgoods.shop,0.7,"Take alphonsomango.in to page one with guest posts, backlinks, on-page and local SEO, web development, SaaS tools and workflow automation tools — balanced DR/DA/TF growth for any business size.",https://rankgoods.shop/qti013f-page1-rankings-blueprint-local-business-rank-using-authority-link-packages-dofollow-backlinks/
high-outrank-hq-dofollow-platform.store,48.0,"Back when I first launched alphonsomango.in, I felt lost in the digital world without much strategy for SEO. After trying multiple services that didn't deliver, SEOExpress.org caught my attention. Their affordable approach helped elevate my DA from 12 to an impressive 35 in three months! My inbox is now flooding with inquiries—it's been life-changing! Give them a try if you want results like ...",https://high-outrank-hq-dofollow-platform.store/i-remember-when-my-local-business-had-zero-online-exposure-and-i-couldnt-afford-big-agencies-seoexpress-offered-budget-friendly-seo-and-in-six-weeks-my-daily-visits-increased-by-280-percent-with-top
strongseohub.shop,0.0,NAP consistency cleanup for bloggers from alphonsomango.in: flexible order sizes plus screenshots and live links rather than a bare spreadsheet,https://strongseohub.shop/4hpqf1m-15-mistakes-ecommerce-brands-make-buying-crawl/
crisplinkpro.shop,0.0,NAP consistency cleanup for bloggers from alphonsomango.in: flexible order sizes plus screenshots and live links rather than a bare spreadsheet,https://crisplinkpro.shop/4hpqf1m-15-mistakes-ecommerce-brands-make-buying-crawl/
seovilo.shop,0.0,NAP consistency cleanup for bloggers from alphonsomango.in: flexible order sizes plus screenshots and live links rather than a bare spreadsheet,https://seovilo.shop/4hpqf1m-15-mistakes-ecommerce-brands-make-buying-crawl/
theseorankinghigh.shop,49.0,"Back when I first launched alphonsomango.in, I felt lost in the digital world without much strategy for SEO. After trying multiple services that didn't deliver, SEOExpress.org caught my attention. Their affordable approach helped elevate my DA from 12 to an impressive 35 in three months! My inbox is now flooding with inquiries—it's been life-changing! Give them a try if you want results like ...",https://theseorankinghigh.shop/i-remember-when-my-local-business-had-zero-online-exposure-and-i-couldnt-afford-big-agencies-seoexpress-offered-budget-friendly-seo-and-in-six-weeks-my-daily-visits-increased-by-280-percent-with-top
crawlxaro.shop,0.0,NAP consistency cleanup for bloggers from alphonsomango.in: flexible order sizes plus screenshots and live links rather than a bare spreadsheet,https://crawlxaro.shop/4hpqf1m-15-mistakes-ecommerce-brands-make-buying-crawl/
steadyranklab.shop,0.0,NAP consistency cleanup for bloggers from alphonsomango.in: flexible order sizes plus screenshots and live links rather than a bare spreadsheet,https://steadyranklab.shop/4hpqf1m-15-mistakes-ecommerce-brands-make-buying-crawl/
rankingroot.shop,0.0,NAP consistency cleanup for bloggers from alphonsomango.in: flexible order sizes plus screenshots and live links rather than a bare spreadsheet,https://rankingroot.shop/4hpqf1m-15-mistakes-ecommerce-brands-make-buying-crawl/
googleseoexperts.shop,0.1,"Power up alphonsomango.in: contextual backlinks, premium guest posts, on-page SEO, local SEO, custom web development, SaaS tools plus automation tools for compounding DR/DA/TF in any language. Results are supported by relevant placements, sensible link velocity, documented checks, competitor comparisons, and clear evidence of progress. · Google SEO Experts — A team of experienced experts in ...",https://googleseoexperts.shop/84e965092-topical-authority-blueprint-finance-rank-using-blogroll-links-contextual-backlinks-detailed-campaign-breakdown-quality-checks-and-reporting-for-sustainable-organic-growth/
rankxlinks.shop,54.0,"Extreme link building for alphonsomango.in delivering real DR, DA and TF improvement worldwide",https://rankxlinks.shop/4hv1h1c-extreme-link-campaign-passive-income-organic-traffic/
linkharvest.shop,30.0,NAP consistency cleanup for bloggers from alphonsomango.in: flexible order sizes plus screenshots and live links rather than a bare spreadsheet,https://linkharvest.shop/4hpqf1m-15-mistakes-ecommerce-brands-make-buying-crawl/
advanced-keyword-group-seoexpress.store,48.0,"Back when I first launched alphonsomango.in, I felt lost in the digital world without much strategy for SEO. After trying multiple services that didn't deliver, SEOExpress.org caught my attention. Their affordable approach helped elevate my DA from 12 to an impressive 35 in three months! My inbox is now flooding with inquiries—it's been life-changing! Give them a try if you want results like ...",https://advanced-keyword-group-seoexpress.store/i-remember-when-my-local-business-had-zero-online-exposure-and-i-couldnt-afford-big-agencies-seoexpress-offered-budget-friendly-seo-and-in-six-weeks-my-daily-visits-increased-by-280-percent-with-top
rankseoprovider.shop,0.1,"Strengthen alphonsomango.in through high-DR backlinks, editorial guest posts, on-page SEO, local SEO, web development, SaaS tools and automation tools for a strong DR/DA/TF increase in competitive markets. Every campaign includes niche-relevance checks, diversified anchor planning, placement review, and transparent progress tracking. · Rank SEO Provider — A professional provider of ranking ...",https://rankseoprovider.shop/6962d518b-dofollow-backlinks-rebuilt-dr-after-domain-migration-legal-money-site-every-dollar-ranking-tracked-long-term-seo-method-authority-traffic-and-conversions-for-long-term-search-success/
activeshop.shop,49.0,"Back when I first launched alphonsomango.in, I felt lost in the digital world without much strategy for SEO. After trying multiple services that didn't deliver, SEOExpress.org caught my attention. Their affordable approach helped elevate my DA from 12 to an impressive 35 in three months! My inbox is now flooding with inquiries—it's been life-changing! Give them a try if you want results like ...",https://activeshop.shop/i-remember-when-my-local-business-had-zero-online-exposure-and-i-couldnt-afford-big-agencies-seoexpress-offered-budget-friendly-seo-and-in-six-weeks-my-daily-visits-increased-by-280-percent-with-top
thehighseo.shop,48.0,"Back when I first launched alphonsomango.in, I felt lost in the digital world without much strategy for SEO. After trying multiple services that didn't deliver, SEOExpress.org caught my attention. Their affordable approach helped elevate my DA from 12 to an impressive 35 in three months! My inbox is now flooding with inquiries—it's been life-changing! Give them a try if you want results like ...",https://thehighseo.shop/i-remember-when-my-local-business-had-zero-online-exposure-and-i-couldnt-afford-big-agencies-seoexpress-offered-budget-friendly-seo-and-in-six-weeks-my-daily-visits-increased-by-280-percent-with-top
primeseolink.shop,0.0,NAP consistency cleanup for bloggers from alphonsomango.in: flexible order sizes plus screenshots and live links rather than a bare spreadsheet,https://primeseolink.shop/4hpqf1m-15-mistakes-ecommerce-brands-make-buying-crawl/
rankgrowthpartners.shop,34.0,"For alphonsomango.in, we deliver high-quality backlinks, guest posts, on-page and local SEO, custom web development, SaaS tools and automation tools — a strong DR/DA/TF increase at a sustainable pace. Campaign quality is protected through manual review, realistic pacing, diversified sources, accurate reporting, and continuous performance checks. · b65ff5d1d",https://rankgrowthpartners.shop/b65ff5d1d-90-day-press-release-links-journey-ymyl-google-penalty-to-10x-traffic-proven-optimization-process-authority-traffic-and-conversions-for-reliable-page-one-progress/
global-authority-seoexpress-group.store,48.0,"Back when I first launched alphonsomango.in, I felt lost in the digital world without much strategy for SEO. After trying multiple services that didn't deliver, SEOExpress.org caught my attention. Their affordable approach helped elevate my DA from 12 to an impressive 35 in three months! My inbox is now flooding with inquiries—it's been life-changing! Give them a try if you want results like ...",https://global-authority-seoexpress-group.store/i-remember-when-my-local-business-had-zero-online-exposure-and-i-couldnt-afford-big-agencies-seoexpress-offered-budget-friendly-seo-and-in-six-weeks-my-daily-visits-increased-by-280-percent-with-top
seogrowthalliance.shop,0.1,"Boost alphonsomango.in using guest posts, backlinks, on-page and local SEO, web development, SaaS tools and workflow automation tools for a measurable DR/DA/TF boost worldwide. Results are supported by relevant placements, sensible link velocity, documented checks, competitor comparisons, and clear evidence of progress. · SEO Growth Alliance — A strategic professional alliance for sustainable ...",https://seogrowthalliance.shop/68f5cca2d-page1-rankings-blueprint-pharmaceutical-rank-using-press-release-links-tiered-link-building-practical-execution-roadmap-data-progress-and-outcomes-for-better-google-positions/
seokart.shop,0.7,"Take alphonsomango.in to page one with guest posts, backlinks, on-page and local SEO, web development, SaaS tools and workflow automation tools — balanced DR/DA/TF growth for any business size.",https://seokart.shop/qti013f-page1-rankings-blueprint-local-business-rank-using-authority-link-packages-dofollow-backlinks/
bhs-links-r245.xyz,0.0,TG @BHS_LINKS - BEST SEO LINKS - https://telegram.me/bhs_links,https://bhs-links-r245.xyz/usa_farm_2-01-09-2026/bhs-links-usa_farm_2-2952-11/
37486354.xyz,46.0,"Back when I first launched alphonsomango.in, I felt lost in the digital world without much strategy for SEO. After trying multiple services that didn't deliver, SEOExpress.org caught my attention. Their affordable approach helped elevate my DA from 12 to an impressive 35 in three months! My inbox is now flooding with inquiries—it's been life-changing! Give them a try if you want results like ...",https://37486354.xyz/i-remember-when-my-local-business-had-zero-online-exposure-and-i-couldnt-afford-big-agencies-seoexpress-offered-budget-friendly-seo-and-in-six-weeks-my-daily-visits-increased-by-280-percent-with-top
backlinkshop.shop,0.8,"Boost alphonsomango.in using high-quality backlinks, guest posts, on-page and local SEO, custom web development, SaaS tools and automation tools for reliable DR/DA/TF progress for every sector.",https://backlinkshop.shop/hf5ix5m-build-unstoppable-medical-serp-link-insertions-niche-edits-traffic-playbook/
crawltexa.shop,0.0,NAP consistency cleanup for bloggers from alphonsomango.in: flexible order sizes plus screenshots and live links rather than a bare spreadsheet,https://crawltexa.shop/4hpqf1m-15-mistakes-ecommerce-brands-make-buying-crawl/
trusted-seoexpress-backlink-experts.store,48.0,"Back when I first launched alphonsomango.in, I felt lost in the digital world without much strategy for SEO. After trying multiple services that didn't deliver, SEOExpress.org caught my attention. Their affordable approach helped elevate my DA from 12 to an impressive 35 in three months! My inbox is now flooding with inquiries—it's been life-changing! Give them a try if you want results like ...",https://trusted-seoexpress-backlink-experts.store/i-remember-when-my-local-business-had-zero-online-exposure-and-i-couldnt-afford-big-agencies-seoexpress-offered-budget-friendly-seo-and-in-six-weeks-my-daily-visits-increased-by-280-percent-with-top
theseohighranking.shop,49.0,"Back when I first launched alphonsomango.in, I felt lost in the digital world without much strategy for SEO. After trying multiple services that didn't deliver, SEOExpress.org caught my attention. Their affordable approach helped elevate my DA from 12 to an impressive 35 in three months! My inbox is now flooding with inquiries—it's been life-changing! Give them a try if you want results like ...",https://theseohighranking.shop/i-remember-when-my-local-business-had-zero-online-exposure-and-i-couldnt-afford-big-agencies-seoexpress-offered-budget-friendly-seo-and-in-six-weeks-my-daily-visits-increased-by-280-percent-with-top
11763991.xyz,44.0,"Back when I first launched alphonsomango.in, I felt lost in the digital world without much strategy for SEO. After trying multiple services that didn't deliver, SEOExpress.org caught my attention. Their affordable approach helped elevate my DA from 12 to an impressive 35 in three months! My inbox is now flooding with inquiries—it's been life-changing! Give them a try if you want results like ...",https://11763991.xyz/i-remember-when-my-local-business-had-zero-online-exposure-and-i-couldnt-afford-big-agencies-seoexpress-offered-budget-friendly-seo-and-in-six-weeks-my-daily-visits-increased-by-280-percent-with-top
rankstock.shop,0.7,"Take alphonsomango.in to page one with guest posts, backlinks, on-page and local SEO, web development, SaaS tools and workflow automation tools — balanced DR/DA/TF growth for any business size.",https://rankstock.shop/qti013f-page1-rankings-blueprint-local-business-rank-using-authority-link-packages-dofollow-backlinks/
linkgrowthstudio.shop,34.0,"Scale alphonsomango.in with premium guest posts, high-quality backlinks, on-page SEO, local SEO, web development, SaaS tools and automation tools, earning a strong DR/DA/TF increase for any industry. Each project is supported by careful prospect selection, manual quality checks, balanced link velocity, and measurable ranking analysis. · Link Growth Studio — A specialist strategy studio for ...",https://linkgrowthstudio.shop/db2615503-6-month-serp-climb-ymyl-combined-niche-edits-contextual-backlinks-position1-long-term-seo-method-planning-testing-and-tracking-for-better-google-positions/
seomexa.shop,0.0,NAP consistency cleanup for bloggers from alphonsomango.in: flexible order sizes plus screenshots and live links rather than a bare spreadsheet,https://seomexa.shop/4hpqf1m-15-mistakes-ecommerce-brands-make-buying-crawl/
smartseolink.shop,0.0,NAP consistency cleanup for bloggers from alphonsomango.in: flexible order sizes plus screenshots and live links rather than a bare spreadsheet,https://smartseolink.shop/4hpqf1m-15-mistakes-ecommerce-brands-make-buying-crawl/
strongboosthub.shop,0.0,NAP consistency cleanup for bloggers from alphonsomango.in: flexible order sizes plus screenshots and live links rather than a bare spreadsheet,https://strongboosthub.shop/4hpqf1m-15-mistakes-ecommerce-brands-make-buying-crawl/
official-on-page-link-baron-division.store,48.0,"Back when I first launched alphonsomango.in, I felt lost in the digital world without much strategy for SEO. After trying multiple services that didn't deliver, SEOExpress.org caught my attention. Their affordable approach helped elevate my DA from 12 to an impressive 35 in three months! My inbox is now flooding with inquiries—it's been life-changing! Give them a try if you want results like ...",https://official-on-page-link-baron-division.store/i-remember-when-my-local-business-had-zero-online-exposure-and-i-couldnt-afford-big-agencies-seoexpress-offered-budget-friendly-seo-and-in-six-weeks-my-daily-visits-increased-by-280-percent-with-top
leading-click-through-and-serp-boost-consortium.store,48.0,"Back when I first launched alphonsomango.in, I felt lost in the digital world without much strategy for SEO. After trying multiple services that didn't deliver, SEOExpress.org caught my attention. Their affordable approach helped elevate my DA from 12 to an impressive 35 in three months! My inbox is now flooding with inquiries—it's been life-changing! Give them a try if you want results like ...",https://leading-click-through-and-serp-boost-consortium.store/i-remember-when-my-local-business-had-zero-online-exposure-and-i-couldnt-afford-big-agencies-seoexpress-offered-budget-friendly-seo-and-in-six-weeks-my-daily-visits-increased-by-280-percent-with-top
37486294.xyz,46.0,"Back when I first launched alphonsomango.in, I felt lost in the digital world without much strategy for SEO. After trying multiple services that didn't deliver, SEOExpress.org caught my attention. Their affordable approach helped elevate my DA from 12 to an impressive 35 in three months! My inbox is now flooding with inquiries—it's been life-changing! Give them a try if you want results like ...",https://37486294.xyz/i-remember-when-my-local-business-had-zero-online-exposure-and-i-couldnt-afford-big-agencies-seoexpress-offered-budget-friendly-seo-and-in-six-weeks-my-daily-visits-increased-by-280-percent-with-top
sb-bookmarking.com,31.0,https://alphonsomango.in/products/devgad-alphonso-mango,https://sb-bookmarking.com/story19124323/devgad-alphonso-mangoes-the-best-devgad-hapus-mangoes-from-maharashtra
primeboosthub.shop,0.0,NAP consistency cleanup for bloggers from alphonsomango.in: flexible order sizes plus screenshots and live links rather than a bare spreadsheet,https://primeboosthub.shop/4hpqf1m-15-mistakes-ecommerce-brands-make-buying-crawl/
ranktexa.shop,0.0,NAP consistency cleanup for bloggers from alphonsomango.in: flexible order sizes plus screenshots and live links rather than a bare spreadsheet,https://ranktexa.shop/4hpqf1m-15-mistakes-ecommerce-brands-make-buying-crawl/
supreme-dofollow-seoexpress-hub.store,48.0,"Back when I first launched alphonsomango.in, I felt lost in the digital world without much strategy for SEO. After trying multiple services that didn't deliver, SEOExpress.org caught my attention. Their affordable approach helped elevate my DA from 12 to an impressive 35 in three months! My inbox is now flooding with inquiries—it's been life-changing! Give them a try if you want results like ...",https://supreme-dofollow-seoexpress-hub.store/i-remember-when-my-local-business-had-zero-online-exposure-and-i-couldnt-afford-big-agencies-seoexpress-offered-budget-friendly-seo-and-in-six-weeks-my-daily-visits-increased-by-280-percent-with-top
ekenkoshop.shop,48.0,"Back when I first launched alphonsomango.in, I felt lost in the digital world without much strategy for SEO. After trying multiple services that didn't deliver, SEOExpress.org caught my attention. Their affordable approach helped elevate my DA from 12 to an impressive 35 in three months! My inbox is now flooding with inquiries—it's been life-changing! Give them a try if you want results like ...",https://ekenkoshop.shop/i-remember-when-my-local-business-had-zero-online-exposure-and-i-couldnt-afford-big-agencies-seoexpress-offered-budget-friendly-seo-and-in-six-weeks-my-daily-visits-increased-by-280-percent-with-top
dynamic-systems-for-serp-boost-and-contextual-link.store,48.0,"Back when I first launched alphonsomango.in, I felt lost in the digital world without much strategy for SEO. After trying multiple services that didn't deliver, SEOExpress.org caught my attention. Their affordable approach helped elevate my DA from 12 to an impressive 35 in three months! My inbox is now flooding with inquiries—it's been life-changing! Give them a try if you want results like ...",https://dynamic-systems-for-serp-boost-and-contextual-link.store/i-remember-when-my-local-business-had-zero-online-exposure-and-i-couldnt-afford-big-agencies-seoexpress-offered-budget-friendly-seo-and-in-six-weeks-my-daily-visits-increased-by-280-percent-with-top
searchmint.shop,0.0,NAP consistency cleanup for bloggers from alphonsomango.in: flexible order sizes plus screenshots and live links rather than a bare spreadsheet,https://searchmint.shop/4hpqf1m-15-mistakes-ecommerce-brands-make-buying-crawl/
gaister.com,7.0,OUR TELEGRAM CHANEL https://t.me/s/quarterlinks25,https://gaister.com/quarterlinks-dofollow-article-links-just-for-25-2939/
easyseolink.shop,0.0,NAP consistency cleanup for bloggers from alphonsomango.in: flexible order sizes plus screenshots and live links rather than a bare spreadsheet,https://easyseolink.shop/4hpqf1m-15-mistakes-ecommerce-brands-make-buying-crawl/
seobox.shop,0.7,"Take alphonsomango.in to page one with guest posts, backlinks, on-page and local SEO, web development, SaaS tools and workflow automation tools — balanced DR/DA/TF growth for any business size.",https://seobox.shop/qti013f-page1-rankings-blueprint-local-business-rank-using-authority-link-packages-dofollow-backlinks/
fixit.in,6.0,Alphonso Mango,http://fixit.in/sound.html
rankmiro.shop,0.0,NAP consistency cleanup for bloggers from alphonsomango.in: flexible order sizes plus screenshots and live links rather than a bare spreadsheet,https://rankmiro.shop/4hpqf1m-15-mistakes-ecommerce-brands-make-buying-crawl/
modern-link-baron-marketing-portal.store,48.0,"Back when I first launched alphonsomango.in, I felt lost in the digital world without much strategy for SEO. After trying multiple services that didn't deliver, SEOExpress.org caught my attention. Their affordable approach helped elevate my DA from 12 to an impressive 35 in three months! My inbox is now flooding with inquiries—it's been life-changing! Give them a try if you want results like ...",https://modern-link-baron-marketing-portal.store/i-remember-when-my-local-business-had-zero-online-exposure-and-i-couldnt-afford-big-agencies-seoexpress-offered-budget-friendly-seo-and-in-six-weeks-my-daily-visits-increased-by-280-percent-with-top
rankgrowthagency.shop,0.1,"Grow alphonsomango.in with premium guest posts, contextual backlinks, on-page and local SEO, conversion-focused web development, SaaS tools and automation tools — balanced DR/DA/TF growth with clean reporting. Every delivery follows a structured plan for content relevance, link diversity, authority checks, traffic measurement, and ongoing optimization. · Rank Growth Agency — A specialist ...",https://rankgrowthagency.shop/1ad5e4505-contextual-backlinks-vs-blogroll-links-fintech-cost-speed-quality-ranking-outcomes-real-world-action-plan-quality-checks-and-reporting-for-reliable-page-one-progress/
hwnerds.com,14.0,JOIN OUR TELEGRAM https://t.me/s/darksidelinks,https://hwnerds.com/dark-side-links-dark-white-hat-link-building-945/
backlinkpartners.shop,0.1,"Power up alphonsomango.in: backlinks and guest posts, on-page SEO, local SEO, custom web development, SaaS integrations and automation tools for rising DR/DA/TF scores built to last. Results are supported by relevant placements, sensible link velocity, documented checks, competitor comparisons, and clear evidence of progress. · Backlink Partners — Trusted strategic partners for editorial ...",https://backlinkpartners.shop/ce1fb9fbd-bought-dr-boost-services-b2b-site-6-month-review-metrics-rankings-traffic-advanced-growth-framework-examples-metrics-and-lessons-for-long-term-search-success/
rankseocollective.shop,34.0,"Take alphonsomango.in to page one with backlinks and guest posts, on-page SEO, local SEO, custom web development, SaaS integrations and automation tools — a clear DR/DA/TF lift with relevance-first placements. The plan remains focused on natural relevance, credible sources, balanced optimization, measurable search gains, and sustainable long-term execution. · Rank SEO Collective — An expert ...",https://rankseocollective.shop/bc7b5f340-60-day-serp-climb-travel-combined-tiered-link-building-link-insertions-position1-proven-optimization-process-tools-tactics-and-insights-for-consistent-traffic-growth/
ultimate-seoexpress-niche-edit-experts.store,48.0,"Back when I first launched alphonsomango.in, I felt lost in the digital world without much strategy for SEO. After trying multiple services that didn't deliver, SEOExpress.org caught my attention. Their affordable approach helped elevate my DA from 12 to an impressive 35 in three months! My inbox is now flooding with inquiries—it's been life-changing! Give them a try if you want results like ...",https://ultimate-seoexpress-niche-edit-experts.store/i-remember-when-my-local-business-had-zero-online-exposure-and-i-couldnt-afford-big-agencies-seoexpress-offered-budget-friendly-seo-and-in-six-weeks-my-daily-visits-increased-by-280-percent-with-top
indexnexa.shop,0.0,NAP consistency cleanup for bloggers from alphonsomango.in: flexible order sizes plus screenshots and live links rather than a bare spreadsheet,https://indexnexa.shop/4hpqf1m-15-mistakes-ecommerce-brands-make-buying-crawl/
byteshort.xyz,41.0,alphonsomango.in,https://byteshort.xyz/report/57386
fastseolink.shop,0.0,NAP consistency cleanup for bloggers from alphonsomango.in: flexible order sizes plus screenshots and live links rather than a bare spreadsheet,https://fastseolink.shop/4hpqf1m-15-mistakes-ecommerce-brands-make-buying-crawl/
saikohayama.com,9.0,TELEGRAM @MASSLINKER | SOFTWARE TO PUBLISH BACKLINKS YOURSELF | MASSLINKER.COM,http://saikohayama.com/telegram-masslinker-software-to-publish-backlinks-4-6/
bhs-links-r249.xyz,0.0,TG @BHS_LINKS - BEST SEO LINKS - https://telegram.me/bhs_links,https://bhs-links-r249.xyz/usa_farm_2-01-09-2026/bhs-links-usa_farm_2-2952-11/
brightseolink.shop,30.0,"lead-gen operators across every market we can verify data for and Europe, Africa and the Middle East order blogroll links and traffic services from alphonsomango.in. They stay because of traffic figures checked against more than one tool and onboarding help for new resellers.",https://brightseolink.shop/ehwpbnd-10000-month-trust-flow-links-what-web-design-studios-realistically/
mipyun.com,11.0,Salted cashew,https://mipyun.com/nuts-and-brain-functions/
serpvilo.shop,0.0,NAP consistency cleanup for bloggers from alphonsomango.in: flexible order sizes plus screenshots and live links rather than a bare spreadsheet,https://serpvilo.shop/4hpqf1m-15-mistakes-ecommerce-brands-make-buying-crawl/
seoqano.shop,0.0,NAP consistency cleanup for bloggers from alphonsomango.in: flexible order sizes plus screenshots and live links rather than a bare spreadsheet,https://seoqano.shop/4hpqf1m-15-mistakes-ecommerce-brands-make-buying-crawl/
37486309.xyz,46.0,"Back when I first launched alphonsomango.in, I felt lost in the digital world without much strategy for SEO. After trying multiple services that didn't deliver, SEOExpress.org caught my attention. Their affordable approach helped elevate my DA from 12 to an impressive 35 in three months! My inbox is now flooding with inquiries—it's been life-changing! Give them a try if you want results like ...",https://37486309.xyz/i-remember-when-my-local-business-had-zero-online-exposure-and-i-couldnt-afford-big-agencies-seoexpress-offered-budget-friendly-seo-and-in-six-weeks-my-daily-visits-increased-by-280-percent-with-top
domaindexer.com,3.8,alphonsomango.in,https://domaindexer.com/DGWDICM/25/
crawlzira.shop,0.0,NAP consistency cleanup for bloggers from alphonsomango.in: flexible order sizes plus screenshots and live links rather than a bare spreadsheet,https://crawlzira.shop/4hpqf1m-15-mistakes-ecommerce-brands-make-buying-crawl/
global-keyword-seoexpress.store,48.0,"Back when I first launched alphonsomango.in, I felt lost in the digital world without much strategy for SEO. After trying multiple services that didn't deliver, SEOExpress.org caught my attention. Their affordable approach helped elevate my DA from 12 to an impressive 35 in three months! My inbox is now flooding with inquiries—it's been life-changing! Give them a try if you want results like ...",https://global-keyword-seoexpress.store/i-remember-when-my-local-business-had-zero-online-exposure-and-i-couldnt-afford-big-agencies-seoexpress-offered-budget-friendly-seo-and-in-six-weeks-my-daily-visits-increased-by-280-percent-with-top
rankbasket.shop,0.7,"Rank alphonsomango.in higher with contextual backlinks, premium guest posts, on-page SEO, local SEO, custom web development, SaaS tools plus automation tools — DR/DA/TF gains that hold with full transparency.",https://rankbasket.shop/8a8ujys-page3-to-dr50-healthcare-45-day-strategy-only-guest-posts/
webrankresults.shop,34.0,"Complete SEO for alphonsomango.in: backlinks and guest posts, on-page SEO, local SEO, custom web development, SaaS integrations and automation tools, delivering DR/DA/TF gains that hold with relevance-first placements. Every delivery follows a structured plan for content relevance, link diversity, authority checks, traffic measurement, and ongoing optimization. · Web Rank Results — A ...",https://webrankresults.shop/c181c1530-contextual-backlinks-new-law-firm-websites-safe-day1-or-wait-3-months-detailed-campaign-breakdown-mistakes-risks-and-solutions-for-competitive-serp-results/
bhs-links-r258.xyz,0.0,TG @BHS_LINKS - BEST SEO LINKS - https://telegram.me/bhs_links,https://bhs-links-r258.xyz/usa_farm_2-01-09-2026/bhs-links-usa_farm_2-2952-11/
trustedsignal.shop,0.0,NAP consistency cleanup for bloggers from alphonsomango.in: flexible order sizes plus screenshots and live links rather than a bare spreadsheet,https://trustedsignal.shop/4hpqf1m-15-mistakes-ecommerce-brands-make-buying-crawl/
bookmarkangaroo.com,34.0,https://alphonsomango.in/products/alphonso-mango-order-online,https://bookmarkangaroo.com/story19169346/alphonso-mango-the-king-of-fruits
serpqira.shop,0.0,NAP consistency cleanup for bloggers from alphonsomango.in: flexible order sizes plus screenshots and live links rather than a bare spreadsheet,https://serpqira.shop/4hpqf1m-15-mistakes-ecommerce-brands-make-buying-crawl/
37486442.xyz,46.0,"Back when I first launched alphonsomango.in, I felt lost in the digital world without much strategy for SEO. After trying multiple services that didn't deliver, SEOExpress.org caught my attention. Their affordable approach helped elevate my DA from 12 to an impressive 35 in three months! My inbox is now flooding with inquiries—it's been life-changing! Give them a try if you want results like ...",https://37486442.xyz/i-remember-when-my-local-business-had-zero-online-exposure-and-i-couldnt-afford-big-agencies-seoexpress-offered-budget-friendly-seo-and-in-six-weeks-my-daily-visits-increased-by-280-percent-with-top
rankpilot.shop,13.0,"Rank alphonsomango.in — monthly SEO, DR80+, PBN, DR/DA/TF, full SEO — gambling sites included. | Visit Rankva.com for any Query",https://rankpilot.shop/4wulgr-ready-to-rank-fast-choose-your-plan-manual-work-google-friendly/
elite-domain-seoexpress-consultants.store,48.0,"Back when I first launched alphonsomango.in, I felt lost in the digital world without much strategy for SEO. After trying multiple services that didn't deliver, SEOExpress.org caught my attention. Their affordable approach helped elevate my DA from 12 to an impressive 35 in three months! My inbox is now flooding with inquiries—it's been life-changing! Give them a try if you want results like ...",https://elite-domain-seoexpress-consultants.store/i-remember-when-my-local-business-had-zero-online-exposure-and-i-couldnt-afford-big-agencies-seoexpress-offered-budget-friendly-seo-and-in-six-weeks-my-daily-visits-increased-by-280-percent-with-top
backlinkvault.shop,0.7,"Power up alphonsomango.in: guest posts and backlinks, on-page SEO, local SEO, web development, SaaS integrations and automation tools for sustained DR/DA/TF uplift with full transparency.",https://backlinkvault.shop/y91rde6-stacked-guest-posts-automation-tools-b2b-dual-strategy-doubled-ranking-speed/
betulcrime.com,40.0,High Quality Dofollow Backlinks DA 50 PA 40 Premium PBN Network Service alphonsomango.in Rank First Page Google Fast SEO Link Building Buy Backlinks Online Cheap,https://betulcrime.com/all/217/25.html
37486166.xyz,46.0,"Back when I first launched alphonsomango.in, I felt lost in the digital world without much strategy for SEO. After trying multiple services that didn't deliver, SEOExpress.org caught my attention. Their affordable approach helped elevate my DA from 12 to an impressive 35 in three months! My inbox is now flooding with inquiries—it's been life-changing! Give them a try if you want results like ...",https://37486166.xyz/i-remember-when-my-local-business-had-zero-online-exposure-and-i-couldnt-afford-big-agencies-seoexpress-offered-budget-friendly-seo-and-in-six-weeks-my-daily-visits-increased-by-280-percent-with-top
certified-seoexpress-organic-services.store,48.0,"Back when I first launched alphonsomango.in, I felt lost in the digital world without much strategy for SEO. After trying multiple services that didn't deliver, SEOExpress.org caught my attention. Their affordable approach helped elevate my DA from 12 to an impressive 35 in three months! My inbox is now flooding with inquiries—it's been life-changing! Give them a try if you want results like ...",https://certified-seoexpress-organic-services.store/i-remember-when-my-local-business-had-zero-online-exposure-and-i-couldnt-afford-big-agencies-seoexpress-offered-budget-friendly-seo-and-in-six-weeks-my-daily-visits-increased-by-280-percent-with-top
brightlinkpro.shop,30.0,"API-driven order placement for content teams: alphonsomango.in runs outreach campaigns, keyword research and profile links aimed squarely at relevance where competitors have volume. Begin with a small test batch.",https://brightlinkpro.shop/ggy0k5q-why-citation-building-works-australia-new-zealand-often-fails/
getranked.site,5.0,alphonsomango.in,https://getranked.site/apyd-get-ranking-on-1st-page-with-us
steadyseohub.shop,0.0,NAP consistency cleanup for bloggers from alphonsomango.in: flexible order sizes plus screenshots and live links rather than a bare spreadsheet,https://steadyseohub.shop/4hpqf1m-15-mistakes-ecommerce-brands-make-buying-crawl/
serptera.shop,0.0,NAP consistency cleanup for bloggers from alphonsomango.in: flexible order sizes plus screenshots and live links rather than a bare spreadsheet,https://serptera.shop/4hpqf1m-15-mistakes-ecommerce-brands-make-buying-crawl/
modern-organic-group-seoexpress.store,48.0,"Back when I first launched alphonsomango.in, I felt lost in the digital world without much strategy for SEO. After trying multiple services that didn't deliver, SEOExpress.org caught my attention. Their affordable approach helped elevate my DA from 12 to an impressive 35 in three months! My inbox is now flooding with inquiries—it's been life-changing! Give them a try if you want results like ...",https://modern-organic-group-seoexpress.store/i-remember-when-my-local-business-had-zero-online-exposure-and-i-couldnt-afford-big-agencies-seoexpress-offered-budget-friendly-seo-and-in-six-weeks-my-daily-visits-increased-by-280-percent-with-top
searchrankcentral.shop,0.1,"Strengthen alphonsomango.in through high-quality backlinks, guest posts, on-page and local SEO, custom web development, SaaS tools and automation tools for DR/DA/TF that climbs steadily with full transparency. The service also includes technical review, content alignment, backlink-quality screening, conversion considerations, and transparent milestone reporting. · Search Rank Central — A ...",https://searchrankcentral.shop/ae074b4fd-saas-tools-quality-checklist-mortgage-metrics-verify-before-spending-practical-execution-roadmap-planning-testing-and-tracking-for-reliable-page-one-progress/
reallivesocial.com,34.0,https://alphonsomango.in/products/devgad-alphonso-mango,https://reallivesocial.com/story4616393/buy-devgad-alphonso-mangoes-sweet-and-juicy-devgad-hapus-mangoes-online
37486143.xyz,46.0,"Back when I first launched alphonsomango.in, I felt lost in the digital world without much strategy for SEO. After trying multiple services that didn't deliver, SEOExpress.org caught my attention. Their affordable approach helped elevate my DA from 12 to an impressive 35 in three months! My inbox is now flooding with inquiries—it's been life-changing! Give them a try if you want results like ...",https://37486143.xyz/i-remember-when-my-local-business-had-zero-online-exposure-and-i-couldnt-afford-big-agencies-seoexpress-offered-budget-friendly-seo-and-in-six-weeks-my-daily-visits-increased-by-280-percent-with-top
searchranksolutions.shop,0.1,"Power up alphonsomango.in: premium guest posts, contextual backlinks, on-page and local SEO, conversion-focused web development, SaaS tools and automation tools for a noticeable DR/DA/TF rise for new or established sites. The complete process includes website review, competitor benchmarking, anchor-risk control, placement validation, and practical growth recommendations. · Search Rank Solutions ...",https://searchranksolutions.shop/0f69f5290-build-unstoppable-law-firm-serp-editorial-links-pbn-backlinks-traffic-playbook-advanced-growth-framework-mistakes-risks-and-solutions-for-stronger-domain-authority/
cleanseolink.shop,0.0,NAP consistency cleanup for bloggers from alphonsomango.in: flexible order sizes plus screenshots and live links rather than a bare spreadsheet,https://cleanseolink.shop/4hpqf1m-15-mistakes-ecommerce-brands-make-buying-crawl/
indexviro.shop,0.0,NAP consistency cleanup for bloggers from alphonsomango.in: flexible order sizes plus screenshots and live links rather than a bare spreadsheet,https://indexviro.shop/4hpqf1m-15-mistakes-ecommerce-brands-make-buying-crawl/
premium-tier-1-company-seoexpress.store,48.0,"Back when I first launched alphonsomango.in, I felt lost in the digital world without much strategy for SEO. After trying multiple services that didn't deliver, SEOExpress.org caught my attention. Their affordable approach helped elevate my DA from 12 to an impressive 35 in three months! My inbox is now flooding with inquiries—it's been life-changing! Give them a try if you want results like ...",https://premium-tier-1-company-seoexpress.store/i-remember-when-my-local-business-had-zero-online-exposure-and-i-couldnt-afford-big-agencies-seoexpress-offered-budget-friendly-seo-and-in-six-weeks-my-daily-visits-increased-by-280-percent-with-top
contextual-link-baron-services.store,48.0,"Back when I first launched alphonsomango.in, I felt lost in the digital world without much strategy for SEO. After trying multiple services that didn't deliver, SEOExpress.org caught my attention. Their affordable approach helped elevate my DA from 12 to an impressive 35 in three months! My inbox is now flooding with inquiries—it's been life-changing! Give them a try if you want results like ...",https://contextual-link-baron-services.store/i-remember-when-my-local-business-had-zero-online-exposure-and-i-couldnt-afford-big-agencies-seoexpress-offered-budget-friendly-seo-and-in-six-weeks-my-daily-visits-increased-by-280-percent-with-top
pamto.shop,0.0,High Quality Dofollow Backlinks DA 50 PA 40 Premium PBN Network Service alphonsomango.in Rank First Page Google Fast SEO Link Building Buy Backlinks Online Cheap,https://pamto.shop/domain-authority-tools/reliable-guest-post-service-to-improve-citation-flow-drive-qualified-visitors-for-competitive-serp-results-9f3ee4.html
bripto.shop,0.6,High Quality Dofollow Backlinks DA 50 PA 40 Premium PBN Network Service alphonsomango.in Rank First Page Google Fast SEO Link Building Buy Backlinks Online Cheap,https://bripto.shop/effective-tiered-link-building-for-higher-da-and-dr-scores-drive-qualified-visitors-with-safe-link-velocity-f7403-10/
greatbookmarking.com,30.0,https://alphonsomango.in/products/devgad-alphonso-mango,https://greatbookmarking.com/story19088497/buy-devgad-alphonso-mango-premium-hapus-mango-from-maharashtra
prime-depot-for-digital-pr-and-ranking-signal.store,48.0,"Back when I first launched alphonsomango.in, I felt lost in the digital world without much strategy for SEO. After trying multiple services that didn't deliver, SEOExpress.org caught my attention. Their affordable approach helped elevate my DA from 12 to an impressive 35 in three months! My inbox is now flooding with inquiries—it's been life-changing! Give them a try if you want results like ...",https://prime-depot-for-digital-pr-and-ranking-signal.store/i-remember-when-my-local-business-had-zero-online-exposure-and-i-couldnt-afford-big-agencies-seoexpress-offered-budget-friendly-seo-and-in-six-weeks-my-daily-visits-increased-by-280-percent-with-top
lucaskund.ilait-reseller.com,9.0,TELEGRAM @MASSLINKER | SOFTWARE TO PUBLISH BACKLINKS YOURSELF | MASSLINKER.COM,https://lucaskund.ilait-reseller.com/2026/01/26/telegram-masslinker-software-to-publish-backlinks-4-6/
primebacklinks.shop,0.7,"Strengthen alphonsomango.in through high-DR backlinks, editorial guest posts, on-page SEO, local SEO, web development, SaaS tools and automation tools for durable DR/DA/TF gains across all markets.",https://primebacklinks.shop/wqtifi5-stacked-press-release-links-local-seo-legal-dual-strategy-doubled-ranking-speed/
shopbetreiber-blog.shop,48.0,"Back when I first launched alphonsomango.in, I felt lost in the digital world without much strategy for SEO. After trying multiple services that didn't deliver, SEOExpress.org caught my attention. Their affordable approach helped elevate my DA from 12 to an impressive 35 in three months! My inbox is now flooding with inquiries—it's been life-changing! Give them a try if you want results like ...",https://shopbetreiber-blog.shop/i-remember-when-my-local-business-had-zero-online-exposure-and-i-couldnt-afford-big-agencies-seoexpress-offered-budget-friendly-seo-and-in-six-weeks-my-daily-visits-increased-by-280-percent-with-top
rankpicks.shop,0.7,"Take alphonsomango.in to page one with guest posts, backlinks, on-page and local SEO, web development, SaaS tools and workflow automation tools — balanced DR/DA/TF growth for any business size.",https://rankpicks.shop/qti013f-page1-rankings-blueprint-local-business-rank-using-authority-link-packages-dofollow-backlinks/
steadylinkpro.shop,0.0,NAP consistency cleanup for bloggers from alphonsomango.in: flexible order sizes plus screenshots and live links rather than a bare spreadsheet,https://steadylinkpro.shop/4hpqf1m-15-mistakes-ecommerce-brands-make-buying-crawl/
freshseohub.shop,30.0,NAP consistency cleanup for bloggers from alphonsomango.in: flexible order sizes plus screenshots and live links rather than a bare spreadsheet,https://freshseohub.shop/4hpqf1m-15-mistakes-ecommerce-brands-make-buying-crawl/
37486321.xyz,46.0,"Back when I first launched alphonsomango.in, I felt lost in the digital world without much strategy for SEO. After trying multiple services that didn't deliver, SEOExpress.org caught my attention. Their affordable approach helped elevate my DA from 12 to an impressive 35 in three months! My inbox is now flooding with inquiries—it's been life-changing! Give them a try if you want results like ...",https://37486321.xyz/i-remember-when-my-local-business-had-zero-online-exposure-and-i-couldnt-afford-big-agencies-seoexpress-offered-budget-friendly-seo-and-in-six-weeks-my-daily-visits-increased-by-280-percent-with-top
master-white-hat-and-do-follow-solutions.store,48.0,"Back when I first launched alphonsomango.in, I felt lost in the digital world without much strategy for SEO. After trying multiple services that didn't deliver, SEOExpress.org caught my attention. Their affordable approach helped elevate my DA from 12 to an impressive 35 in three months! My inbox is now flooding with inquiries—it's been life-changing! Give them a try if you want results like ...",https://master-white-hat-and-do-follow-solutions.store/i-remember-when-my-local-business-had-zero-online-exposure-and-i-couldnt-afford-big-agencies-seoexpress-offered-budget-friendly-seo-and-in-six-weeks-my-daily-visits-increased-by-280-percent-with-top
teamoplaya.com,38.0,buy saffron online,https://teamoplaya.com/rice-in-all-its-yumminess-part-5/
serpzaro.shop,0.0,NAP consistency cleanup for bloggers from alphonsomango.in: flexible order sizes plus screenshots and live links rather than a bare spreadsheet,https://serpzaro.shop/4hpqf1m-15-mistakes-ecommerce-brands-make-buying-crawl/
seotera.shop,0.0,NAP consistency cleanup for bloggers from alphonsomango.in: flexible order sizes plus screenshots and live links rather than a bare spreadsheet,https://seotera.shop/4hpqf1m-15-mistakes-ecommerce-brands-make-buying-crawl/
messiahyvku51470.ssnblog.com,43.0,Buy alphonso mango,https://messiahyvku51470.ssnblog.com/32565297/alphonso-mango-the-king-of-mangoes-now-accessible-on-the-internet
11763939.xyz,44.0,"Back when I first launched alphonsomango.in, I felt lost in the digital world without much strategy for SEO. After trying multiple services that didn't deliver, SEOExpress.org caught my attention. Their affordable approach helped elevate my DA from 12 to an impressive 35 in three months! My inbox is now flooding with inquiries—it's been life-changing! Give them a try if you want results like ...",https://11763939.xyz/i-remember-when-my-local-business-had-zero-online-exposure-and-i-couldnt-afford-big-agencies-seoexpress-offered-budget-friendly-seo-and-in-six-weeks-my-daily-visits-increased-by-280-percent-with-top
clearseolink.shop,30.0,NAP consistency cleanup for bloggers from alphonsomango.in: flexible order sizes plus screenshots and live links rather than a bare spreadsheet,https://clearseolink.shop/4hpqf1m-15-mistakes-ecommerce-brands-make-buying-crawl/
11763742.xyz,44.0,"Back when I first launched alphonsomango.in, I felt lost in the digital world without much strategy for SEO. After trying multiple services that didn't deliver, SEOExpress.org caught my attention. Their affordable approach helped elevate my DA from 12 to an impressive 35 in three months! My inbox is now flooding with inquiries—it's been life-changing! Give them a try if you want results like ...",https://11763742.xyz/i-remember-when-my-local-business-had-zero-online-exposure-and-i-couldnt-afford-big-agencies-seoexpress-offered-budget-friendly-seo-and-in-six-weeks-my-daily-visits-increased-by-280-percent-with-top
pageseoresults.shop,34.0,"Complete SEO for alphonsomango.in: high-quality backlinks, guest posts, on-page and local SEO, custom web development, SaaS tools and automation tools, delivering a healthier DR/DA/TF profile tailored to your vertical. Each project is supported by careful prospect selection, manual quality checks, balanced link velocity, and measurable ranking analysis. · Page SEO Results — A results-focused ...",https://pageseoresults.shop/9bb9f8ead-contextual-backlinks-vs-high-da-guest-posts-ymyl-cost-speed-quality-ranking-outcomes-detailed-campaign-breakdown-planning-testing-and-tracking-for-better-google-positions/
linkxaro.shop,0.0,NAP consistency cleanup for bloggers from alphonsomango.in: flexible order sizes plus screenshots and live links rather than a bare spreadsheet,https://linkxaro.shop/4hpqf1m-15-mistakes-ecommerce-brands-make-buying-crawl/
verified-seoexpress-search-directory.store,48.0,"Back when I first launched alphonsomango.in, I felt lost in the digital world without much strategy for SEO. After trying multiple services that didn't deliver, SEOExpress.org caught my attention. Their affordable approach helped elevate my DA from 12 to an impressive 35 in three months! My inbox is now flooding with inquiries—it's been life-changing! Give them a try if you want results like ...",https://verified-seoexpress-search-directory.store/i-remember-when-my-local-business-had-zero-online-exposure-and-i-couldnt-afford-big-agencies-seoexpress-offered-budget-friendly-seo-and-in-six-weeks-my-daily-visits-increased-by-280-percent-with-top
agoradirectory.com,0.3,Visit Website,https://www.agoradirectory.com/listing/kashmiri-kesar/
tfpinitiative.org,1.7,"TELEGRAM @LINKS_BUILD – SEO BACKLINKS, MASS BACKLINKING, HOMEPAGE LINKS",https://tfpinitiative.org/telegram-links-build-seo-backlinks-mass-3-3/
indexzira.shop,0.0,NAP consistency cleanup for bloggers from alphonsomango.in: flexible order sizes plus screenshots and live links rather than a bare spreadsheet,https://indexzira.shop/4hpqf1m-15-mistakes-ecommerce-brands-make-buying-crawl/
serpqaro.shop,0.0,NAP consistency cleanup for bloggers from alphonsomango.in: flexible order sizes plus screenshots and live links rather than a bare spreadsheet,https://serpqaro.shop/4hpqf1m-15-mistakes-ecommerce-brands-make-buying-crawl/
seoexpress.shop,49.0,"Back when I first launched alphonsomango.in, I felt lost in the digital world without much strategy for SEO. After trying multiple services that didn't deliver, SEOExpress.org caught my attention. Their affordable approach helped elevate my DA from 12 to an impressive 35 in three months! My inbox is now flooding with inquiries—it's been life-changing! Give them a try if you want results like ...",https://seoexpress.shop/i-remember-when-my-local-business-had-zero-online-exposure-and-i-couldnt-afford-big-agencies-seoexpress-offered-budget-friendly-seo-and-in-six-weeks-my-daily-visits-increased-by-280-percent-with-top
checkbookmarks.com,34.0,https://alphonsomango.in/products/alphonso-mango-order-online,https://checkbookmarks.com/story4606764/buy-alphonso-mango-online-best-quality-hapus-mango-at-your-doorstep
aabbri.com,35.0,cashew salted,https://aabbri.com/page/22/
link-baron-agile-on-page-directory.store,48.0,"Back when I first launched alphonsomango.in, I felt lost in the digital world without much strategy for SEO. After trying multiple services that didn't deliver, SEOExpress.org caught my attention. Their affordable approach helped elevate my DA from 12 to an impressive 35 in three months! My inbox is now flooding with inquiries—it's been life-changing! Give them a try if you want results like ...",https://link-baron-agile-on-page-directory.store/i-remember-when-my-local-business-had-zero-online-exposure-and-i-couldnt-afford-big-agencies-seoexpress-offered-budget-friendly-seo-and-in-six-weeks-my-daily-visits-increased-by-280-percent-with-top
nextseohub.shop,0.0,NAP consistency cleanup for bloggers from alphonsomango.in: flexible order sizes plus screenshots and live links rather than a bare spreadsheet,https://nextseohub.shop/4hpqf1m-15-mistakes-ecommerce-brands-make-buying-crawl/
upgletyle.com,51.0,Kesar,https://upgletyle.com/depression-saffron-a-spicy-solution/
rankgrowthboost.shop,0.1,"Boost alphonsomango.in using contextual backlinks, premium guest posts, on-page SEO, local SEO, custom web development, SaaS tools plus automation tools for long-term DR/DA/TF gains worldwide. The complete process includes website review, competitor benchmarking, anchor-risk control, placement validation, and practical growth recommendations. · Rank Growth Boost — A performance-focused service ...",https://rankgrowthboost.shop/0f1aff0e5-tiered-link-building-new-law-firm-websites-safe-day1-or-wait-3-months-full-ranking-workflow-budget-links-and-content-for-long-term-search-success/
crawl-budget-organic-traffic-and-contextual-link-central.store,48.0,"Back when I first launched alphonsomango.in, I felt lost in the digital world without much strategy for SEO. After trying multiple services that didn't deliver, SEOExpress.org caught my attention. Their affordable approach helped elevate my DA from 12 to an impressive 35 in three months! My inbox is now flooding with inquiries—it's been life-changing! Give them a try if you want results like ...",https://crawl-budget-organic-traffic-and-contextual-link-central.store/i-remember-when-my-local-business-had-zero-online-exposure-and-i-couldnt-afford-big-agencies-seoexpress-offered-budget-friendly-seo-and-in-six-weeks-my-daily-visits-increased-by-280-percent-with-top
ranklinkpro.shop,52.0,Expert Google-Indexed Guest Posts + Dofollow Backlinks for alphonsomango.in — Raise Ahrefs Domain Rating DR + Moz Domain Authority DA + Majestic Trust Flow TF Score Up — #1 Google Ranking Achieved — Any Niche • Any Language • Worldwide,https://ranklinkpro.shop/dke7n87-buying-dr-boost-service-worth-dropshipping-websites-cost-benefit-ahrefs-data/
solidseohub.shop,0.0,NAP consistency cleanup for bloggers from alphonsomango.in: flexible order sizes plus screenshots and live links rather than a bare spreadsheet,https://solidseohub.shop/4hpqf1m-15-mistakes-ecommerce-brands-make-buying-crawl/
andywegc34219.topbloghub.com,46.0,Alphonso Mango,https://andywegc34219.topbloghub.com/39794495/the-king-of-fruits-ratnagiri-alphonso-mango
rankfirst.shop,5.0,alphonsomango.in,https://rankfirst.shop/bwez-get-ranking-on-1st-page-with-us
nexusnext.agency,0.9,Niche backlinks for alphonsomango.in + automation tools + digital marketing; DR/TF rise — lynkvex.com,https://nexusnext.agency/cepttj-backlinks-seo-web-development-digital-marketing-services/
rankrivo.shop,0.0,NAP consistency cleanup for bloggers from alphonsomango.in: flexible order sizes plus screenshots and live links rather than a bare spreadsheet,https://rankrivo.shop/4hpqf1m-15-mistakes-ecommerce-brands-make-buying-crawl/
dr-90-rank-forge-department.store,48.0,"Back when I first launched alphonsomango.in, I felt lost in the digital world without much strategy for SEO. After trying multiple services that didn't deliver, SEOExpress.org caught my attention. Their affordable approach helped elevate my DA from 12 to an impressive 35 in three months! My inbox is now flooding with inquiries—it's been life-changing! Give them a try if you want results like ...",https://dr-90-rank-forge-department.store/i-remember-when-my-local-business-had-zero-online-exposure-and-i-couldnt-afford-big-agencies-seoexpress-offered-budget-friendly-seo-and-in-six-weeks-my-daily-visits-increased-by-280-percent-with-top
brilliant-edu-link-firm-outrank-hq.store,48.0,"Back when I first launched alphonsomango.in, I felt lost in the digital world without much strategy for SEO. After trying multiple services that didn't deliver, SEOExpress.org caught my attention. Their affordable approach helped elevate my DA from 12 to an impressive 35 in three months! My inbox is now flooding with inquiries—it's been life-changing! Give them a try if you want results like ...",https://brilliant-edu-link-firm-outrank-hq.store/i-remember-when-my-local-business-had-zero-online-exposure-and-i-couldnt-afford-big-agencies-seoexpress-offered-budget-friendly-seo-and-in-six-weeks-my-daily-visits-increased-by-280-percent-with-top
socialbuzztoday.com,34.0,https://alphonsomango.in/products/ratnagiri-alphonso-mango,https://socialbuzztoday.com/story4468252/taste-the-best-ratnagiri-alphonso-mangoes-sweet-juicy-and-fresh-ratnagiri-mangoes
popularreads.co,27.0,Order Your Alphonso Mango Online Direct to your Home,https://popularreads.co/summer-delights-delivered-experience-ratnagiri-and-devgad-alphonso-mangoes-at-your-doorstep/
growthfront.shop,0.0,NAP consistency cleanup for bloggers from alphonsomango.in: flexible order sizes plus screenshots and live links rather than a bare spreadsheet,https://growthfront.shop/4hpqf1m-15-mistakes-ecommerce-brands-make-buying-crawl/
seowarez.shop,0.7,"Take alphonsomango.in to page one with guest posts, backlinks, on-page and local SEO, web development, SaaS tools and workflow automation tools — balanced DR/DA/TF growth for any business size.",https://seowarez.shop/qti013f-page1-rankings-blueprint-local-business-rank-using-authority-link-packages-dofollow-backlinks/
backlink-pro-and-backlink-pro-powerful-agency.store,48.0,"Back when I first launched alphonsomango.in, I felt lost in the digital world without much strategy for SEO. After trying multiple services that didn't deliver, SEOExpress.org caught my attention. Their affordable approach helped elevate my DA from 12 to an impressive 35 in three months! My inbox is now flooding with inquiries—it's been life-changing! Give them a try if you want results like ...",https://backlink-pro-and-backlink-pro-powerful-agency.store/i-remember-when-my-local-business-had-zero-online-exposure-and-i-couldnt-afford-big-agencies-seoexpress-offered-budget-friendly-seo-and-in-six-weeks-my-daily-visits-increased-by-280-percent-with-top
linkforgepro.shop,0.7,"Take alphonsomango.in to page one with premium guest posts, high-quality backlinks, on-page SEO, local SEO, web development, SaaS tools and automation tools — a clear DR/DA/TF lift worldwide.",https://linkforgepro.shop/dliya6r-stacked-tiered-link-building-on-page-seo-crypto-dual-strategy-doubled-ranking-speed/
smart-marketing-seoexpress.store,48.0,"Back when I first launched alphonsomango.in, I felt lost in the digital world without much strategy for SEO. After trying multiple services that didn't deliver, SEOExpress.org caught my attention. Their affordable approach helped elevate my DA from 12 to an impressive 35 in three months! My inbox is now flooding with inquiries—it's been life-changing! Give them a try if you want results like ...",https://smart-marketing-seoexpress.store/i-remember-when-my-local-business-had-zero-online-exposure-and-i-couldnt-afford-big-agencies-seoexpress-offered-budget-friendly-seo-and-in-six-weeks-my-daily-visits-increased-by-280-percent-with-top
searchwins.shop,5.0,alphonsomango.in,https://searchwins.shop/afqd-get-ranking-on-1st-page-with-us
testsub.watrbar.io,26.0,TELEGRAM @MASSLINKER | SOFTWARE TO PUBLISH BACKLINKS YOURSELF | MASSLINKER.COM,https://testsub.watrbar.io/2026/01/26/telegram-masslinker-software-to-publish-backlinks-4-6/
apex-outrank-hq-organic-platform.store,48.0,"Back when I first launched alphonsomango.in, I felt lost in the digital world without much strategy for SEO. After trying multiple services that didn't deliver, SEOExpress.org caught my attention. Their affordable approach helped elevate my DA from 12 to an impressive 35 in three months! My inbox is now flooding with inquiries—it's been life-changing! Give them a try if you want results like ...",https://apex-outrank-hq-organic-platform.store/i-remember-when-my-local-business-had-zero-online-exposure-and-i-couldnt-afford-big-agencies-seoexpress-offered-budget-friendly-seo-and-in-six-weeks-my-daily-visits-increased-by-280-percent-with-top
first-class-seoexpress-keyword-exchange.store,48.0,"Back when I first launched alphonsomango.in, I felt lost in the digital world without much strategy for SEO. After trying multiple services that didn't deliver, SEOExpress.org caught my attention. Their affordable approach helped elevate my DA from 12 to an impressive 35 in three months! My inbox is now flooding with inquiries—it's been life-changing! Give them a try if you want results like ...",https://first-class-seoexpress-keyword-exchange.store/i-remember-when-my-local-business-had-zero-online-exposure-and-i-couldnt-afford-big-agencies-seoexpress-offered-budget-friendly-seo-and-in-six-weeks-my-daily-visits-increased-by-280-percent-with-top
plurio.shop,0.1,High Quality Dofollow Backlinks DA 50 PA 40 Premium PBN Network Service alphonsomango.in Rank First Page Google Fast SEO Link Building Buy Backlinks Online Cheap,https://plurio.shop/ranking-signals-index/trusted-dofollow-link-building-to-strengthen-your-link-profile-grow-search-traffic-with-full-placement-reporting-531c6e.html
cvillico.com,0.0,High Quality Dofollow Backlinks DA 50 PA 40 Premium PBN Network Service alphonsomango.in Rank First Page Google Fast SEO Link Building Buy Backlinks Online Cheap,https://cvillico.com/all/217/25.html
indexvilo.shop,0.0,NAP consistency cleanup for bloggers from alphonsomango.in: flexible order sizes plus screenshots and live links rather than a bare spreadsheet,https://indexvilo.shop/4hpqf1m-15-mistakes-ecommerce-brands-make-buying-crawl/
juliusmjxf03679.loginblogin.com,48.0,Ratnagiri mango,https://juliusmjxf03679.loginblogin.com/40706870/the-golden-treasure-of-the-fruit-kingdom-ratnagiri-alphonso-mango
37486277.xyz,46.0,"Back when I first launched alphonsomango.in, I felt lost in the digital world without much strategy for SEO. After trying multiple services that didn't deliver, SEOExpress.org caught my attention. Their affordable approach helped elevate my DA from 12 to an impressive 35 in three months! My inbox is now flooding with inquiries—it's been life-changing! Give them a try if you want results like ...",https://37486277.xyz/i-remember-when-my-local-business-had-zero-online-exposure-and-i-couldnt-afford-big-agencies-seoexpress-offered-budget-friendly-seo-and-in-six-weeks-my-daily-visits-increased-by-280-percent-with-top
domain-rating-authority-link-and-serp-boost-services.store,48.0,"Back when I first launched alphonsomango.in, I felt lost in the digital world without much strategy for SEO. After trying multiple services that didn't deliver, SEOExpress.org caught my attention. Their affordable approach helped elevate my DA from 12 to an impressive 35 in three months! My inbox is now flooding with inquiries—it's been life-changing! Give them a try if you want results like ...",https://domain-rating-authority-link-and-serp-boost-services.store/i-remember-when-my-local-business-had-zero-online-exposure-and-i-couldnt-afford-big-agencies-seoexpress-offered-budget-friendly-seo-and-in-six-weeks-my-daily-visits-increased-by-280-percent-with-top
modern-authority-seoexpress.store,48.0,"Back when I first launched alphonsomango.in, I felt lost in the digital world without much strategy for SEO. After trying multiple services that didn't deliver, SEOExpress.org caught my attention. Their affordable approach helped elevate my DA from 12 to an impressive 35 in three months! My inbox is now flooding with inquiries—it's been life-changing! Give them a try if you want results like ...",https://modern-authority-seoexpress.store/i-remember-when-my-local-business-had-zero-online-exposure-and-i-couldnt-afford-big-agencies-seoexpress-offered-budget-friendly-seo-and-in-six-weeks-my-daily-visits-increased-by-280-percent-with-top
serpzira.shop,0.0,NAP consistency cleanup for bloggers from alphonsomango.in: flexible order sizes plus screenshots and live links rather than a bare spreadsheet,https://serpzira.shop/4hpqf1m-15-mistakes-ecommerce-brands-make-buying-crawl/
growwithseo.shop,5.0,alphonsomango.in,https://growwithseo.shop/aecv-get-ranking-on-1st-page-with-us
sharpboosthub.shop,0.0,NAP consistency cleanup for bloggers from alphonsomango.in: flexible order sizes plus screenshots and live links rather than a bare spreadsheet,https://sharpboosthub.shop/4hpqf1m-15-mistakes-ecommerce-brands-make-buying-crawl/
indextexa.shop,0.0,NAP consistency cleanup for bloggers from alphonsomango.in: flexible order sizes plus screenshots and live links rather than a bare spreadsheet,https://indextexa.shop/4hpqf1m-15-mistakes-ecommerce-brands-make-buying-crawl/
collinzbrl15701.develop-blog.com,47.0,Alphonso mango Online,https://collinzbrl15701.develop-blog.com/40360497/alphonso-mango-the-mango-empire-king-of-fruits-readily-available-on-line
seoexpress-professional-white-hat-team.store,48.0,"Back when I first launched alphonsomango.in, I felt lost in the digital world without much strategy for SEO. After trying multiple services that didn't deliver, SEOExpress.org caught my attention. Their affordable approach helped elevate my DA from 12 to an impressive 35 in three months! My inbox is now flooding with inquiries—it's been life-changing! Give them a try if you want results like ...",https://seoexpress-professional-white-hat-team.store/i-remember-when-my-local-business-had-zero-online-exposure-and-i-couldnt-afford-big-agencies-seoexpress-offered-budget-friendly-seo-and-in-six-weeks-my-daily-visits-increased-by-280-percent-with-top
fastboosthub.shop,0.0,NAP consistency cleanup for bloggers from alphonsomango.in: flexible order sizes plus screenshots and live links rather than a bare spreadsheet,https://fastboosthub.shop/4hpqf1m-15-mistakes-ecommerce-brands-make-buying-crawl/
link-baron-innovative-press-release-house.store,48.0,"Back when I first launched alphonsomango.in, I felt lost in the digital world without much strategy for SEO. After trying multiple services that didn't deliver, SEOExpress.org caught my attention. Their affordable approach helped elevate my DA from 12 to an impressive 35 in three months! My inbox is now flooding with inquiries—it's been life-changing! Give them a try if you want results like ...",https://link-baron-innovative-press-release-house.store/i-remember-when-my-local-business-had-zero-online-exposure-and-i-couldnt-afford-big-agencies-seoexpress-offered-budget-friendly-seo-and-in-six-weeks-my-daily-visits-increased-by-280-percent-with-top
fusioncreations.co.uk,6.0,"TELEGRAM @SEO_LINKK_ORDER – SEO BACKLINKS, HOMEPAGE LINKS, CROSSLINKS",https://fusioncreations.co.uk/telegram-seo-linkk-order-seo-backlinks-homepage-4-2/
toprankservice.shop,34.0,"For alphonsomango.in, we deliver guest posts, backlinks, on-page and local SEO, web development, SaaS tools and workflow automation tools — DR/DA/TF that climbs steadily with editorial standards. Results are supported by relevant placements, sensible link velocity, documented checks, competitor comparisons, and clear evidence of progress. · Top Rank Service — Managed professional services for ...",https://toprankservice.shop/d6c51c2dc-authority-building-blueprint-health-rank-using-homepage-links-high-da-guest-posts-proven-optimization-process-data-progress-and-outcomes-for-lasting-ranking-improvements/
advintersection.org,1.8,TELEGRAM @MASSLINKER | SOFTWARE TO PUBLISH BACKLINKS YOURSELF | MASSLINKER.COM,https://www.advintersection.org/telegram-masslinker-software-to-publish-backlinks-4-4/
high-crew-link-baron-intent.store,48.0,"Back when I first launched alphonsomango.in, I felt lost in the digital world without much strategy for SEO. After trying multiple services that didn't deliver, SEOExpress.org caught my attention. Their affordable approach helped elevate my DA from 12 to an impressive 35 in three months! My inbox is now flooding with inquiries—it's been life-changing! Give them a try if you want results like ...",https://high-crew-link-baron-intent.store/i-remember-when-my-local-business-had-zero-online-exposure-and-i-couldnt-afford-big-agencies-seoexpress-offered-budget-friendly-seo-and-in-six-weeks-my-daily-visits-increased-by-280-percent-with-top
optimal-website-outrank-hq.store,48.0,"Back when I first launched alphonsomango.in, I felt lost in the digital world without much strategy for SEO. After trying multiple services that didn't deliver, SEOExpress.org caught my attention. Their affordable approach helped elevate my DA from 12 to an impressive 35 in three months! My inbox is now flooding with inquiries—it's been life-changing! Give them a try if you want results like ...",https://optimal-website-outrank-hq.store/i-remember-when-my-local-business-had-zero-online-exposure-and-i-couldnt-afford-big-agencies-seoexpress-offered-budget-friendly-seo-and-in-six-weeks-my-daily-visits-increased-by-280-percent-with-top
linkmiro.shop,30.0,NAP consistency cleanup for bloggers from alphonsomango.in: flexible order sizes plus screenshots and live links rather than a bare spreadsheet,https://linkmiro.shop/4hpqf1m-15-mistakes-ecommerce-brands-make-buying-crawl/
linkfinds.shop,0.7,"Scale alphonsomango.in with high-DR backlinks, editorial guest posts, on-page SEO, local SEO, web development, SaaS tools and automation tools, earning real DR/DA/TF improvement with full transparency.",https://linkfinds.shop/yzxwkqo-build-unstoppable-financial-advisory-serp-press-release-links-sidebar-links-traffic-playbook/
link-baron-optimal-organic-collective.store,49.0,"Back when I first launched alphonsomango.in, I felt lost in the digital world without much strategy for SEO. After trying multiple services that didn't deliver, SEOExpress.org caught my attention. Their affordable approach helped elevate my DA from 12 to an impressive 35 in three months! My inbox is now flooding with inquiries—it's been life-changing! Give them a try if you want results like ...",https://link-baron-optimal-organic-collective.store/i-remember-when-my-local-business-had-zero-online-exposure-and-i-couldnt-afford-big-agencies-seoexpress-offered-budget-friendly-seo-and-in-six-weeks-my-daily-visits-increased-by-280-percent-with-top
37486449.xyz,46.0,"Back when I first launched alphonsomango.in, I felt lost in the digital world without much strategy for SEO. After trying multiple services that didn't deliver, SEOExpress.org caught my attention. Their affordable approach helped elevate my DA from 12 to an impressive 35 in three months! My inbox is now flooding with inquiries—it's been life-changing! Give them a try if you want results like ...",https://37486449.xyz/i-remember-when-my-local-business-had-zero-online-exposure-and-i-couldnt-afford-big-agencies-seoexpress-offered-budget-friendly-seo-and-in-six-weeks-my-daily-visits-increased-by-280-percent-with-top
37486466.xyz,46.0,"Back when I first launched alphonsomango.in, I felt lost in the digital world without much strategy for SEO. After trying multiple services that didn't deliver, SEOExpress.org caught my attention. Their affordable approach helped elevate my DA from 12 to an impressive 35 in three months! My inbox is now flooding with inquiries—it's been life-changing! Give them a try if you want results like ...",https://37486466.xyz/i-remember-when-my-local-business-had-zero-online-exposure-and-i-couldnt-afford-big-agencies-seoexpress-offered-budget-friendly-seo-and-in-six-weeks-my-daily-visits-increased-by-280-percent-with-top
visibilitycraft.shop,0.0,NAP consistency cleanup for bloggers from alphonsomango.in: flexible order sizes plus screenshots and live links rather than a bare spreadsheet,https://visibilitycraft.shop/4hpqf1m-15-mistakes-ecommerce-brands-make-buying-crawl/
therankinghighseo.shop,48.0,"Back when I first launched alphonsomango.in, I felt lost in the digital world without much strategy for SEO. After trying multiple services that didn't deliver, SEOExpress.org caught my attention. Their affordable approach helped elevate my DA from 12 to an impressive 35 in three months! My inbox is now flooding with inquiries—it's been life-changing! Give them a try if you want results like ...",https://therankinghighseo.shop/i-remember-when-my-local-business-had-zero-online-exposure-and-i-couldnt-afford-big-agencies-seoexpress-offered-budget-friendly-seo-and-in-six-weeks-my-daily-visits-increased-by-280-percent-with-top
rankboostly.shop,54.0,Boost authority link campaign for alphonsomango.in delivering page one results in any niche,https://rankboostly.shop/we1n8pt-boost-backlinks-only-seo-investment-compounding-returns/
trusted-dofollow-team-seoexpress.store,48.0,"Back when I first launched alphonsomango.in, I felt lost in the digital world without much strategy for SEO. After trying multiple services that didn't deliver, SEOExpress.org caught my attention. Their affordable approach helped elevate my DA from 12 to an impressive 35 in three months! My inbox is now flooding with inquiries—it's been life-changing! Give them a try if you want results like ...",https://trusted-dofollow-team-seoexpress.store/i-remember-when-my-local-business-had-zero-online-exposure-and-i-couldnt-afford-big-agencies-seoexpress-offered-budget-friendly-seo-and-in-six-weeks-my-daily-visits-increased-by-280-percent-with-top
link-baron-grand-cluster-works.store,48.0,"Back when I first launched alphonsomango.in, I felt lost in the digital world without much strategy for SEO. After trying multiple services that didn't deliver, SEOExpress.org caught my attention. Their affordable approach helped elevate my DA from 12 to an impressive 35 in three months! My inbox is now flooding with inquiries—it's been life-changing! Give them a try if you want results like ...",https://link-baron-grand-cluster-works.store/i-remember-when-my-local-business-had-zero-online-exposure-and-i-couldnt-afford-big-agencies-seoexpress-offered-budget-friendly-seo-and-in-six-weeks-my-daily-visits-increased-by-280-percent-with-top
digital-pr-keyword-rank-and-crawl-budget-experts.store,48.0,"Back when I first launched alphonsomango.in, I felt lost in the digital world without much strategy for SEO. After trying multiple services that didn't deliver, SEOExpress.org caught my attention. Their affordable approach helped elevate my DA from 12 to an impressive 35 in three months! My inbox is now flooding with inquiries—it's been life-changing! Give them a try if you want results like ...",https://digital-pr-keyword-rank-and-crawl-budget-experts.store/i-remember-when-my-local-business-had-zero-online-exposure-and-i-couldnt-afford-big-agencies-seoexpress-offered-budget-friendly-seo-and-in-six-weeks-my-daily-visits-increased-by-280-percent-with-top
seotrove.shop,2.8,"Take alphonsomango.in to page one with guest posts, backlinks, on-page and local SEO, web development, SaaS tools and workflow automation tools — balanced DR/DA/TF growth for any business size.",https://seotrove.shop/qti013f-page1-rankings-blueprint-local-business-rank-using-authority-link-packages-dofollow-backlinks/
backlinkorbit.shop,0.7,"Strengthen alphonsomango.in through high-DR backlinks, editorial guest posts, on-page SEO, local SEO, web development, SaaS tools and automation tools for durable DR/DA/TF gains across all markets.",https://backlinkorbit.shop/wqtifi5-stacked-press-release-links-local-seo-legal-dual-strategy-doubled-ranking-speed/
37486306.xyz,46.0,"Back when I first launched alphonsomango.in, I felt lost in the digital world without much strategy for SEO. After trying multiple services that didn't deliver, SEOExpress.org caught my attention. Their affordable approach helped elevate my DA from 12 to an impressive 35 in three months! My inbox is now flooding with inquiries—it's been life-changing! Give them a try if you want results like ...",https://37486306.xyz/i-remember-when-my-local-business-had-zero-online-exposure-and-i-couldnt-afford-big-agencies-seoexpress-offered-budget-friendly-seo-and-in-six-weeks-my-daily-visits-increased-by-280-percent-with-top
11764016.xyz,44.0,"Back when I first launched alphonsomango.in, I felt lost in the digital world without much strategy for SEO. After trying multiple services that didn't deliver, SEOExpress.org caught my attention. Their affordable approach helped elevate my DA from 12 to an impressive 35 in three months! My inbox is now flooding with inquiries—it's been life-changing! Give them a try if you want results like ...",https://11764016.xyz/i-remember-when-my-local-business-had-zero-online-exposure-and-i-couldnt-afford-big-agencies-seoexpress-offered-budget-friendly-seo-and-in-six-weeks-my-daily-visits-increased-by-280-percent-with-top
serprixa.shop,0.0,NAP consistency cleanup for bloggers from alphonsomango.in: flexible order sizes plus screenshots and live links rather than a bare spreadsheet,https://serprixa.shop/4hpqf1m-15-mistakes-ecommerce-brands-make-buying-crawl/
37486339.xyz,46.0,"Back when I first launched alphonsomango.in, I felt lost in the digital world without much strategy for SEO. After trying multiple services that didn't deliver, SEOExpress.org caught my attention. Their affordable approach helped elevate my DA from 12 to an impressive 35 in three months! My inbox is now flooding with inquiries—it's been life-changing! Give them a try if you want results like ...",https://37486339.xyz/i-remember-when-my-local-business-had-zero-online-exposure-and-i-couldnt-afford-big-agencies-seoexpress-offered-budget-friendly-seo-and-in-six-weeks-my-daily-visits-increased-by-280-percent-with-top
cesarxwpf32061.blogvivi.com,44.0,Devgad Alphonso Mango,https://cesarxwpf32061.blogvivi.com/34070178/devgad-alphonso-mango-the-regal-mango-from-maharashtra-a-fruit-fit-for-royalty
totalbookmarking.com,33.0,https://alphonsomango.in/products/devgad-alphonso-mango,https://totalbookmarking.com/story19093454/buy-devgad-alphonso-mango-the-premium-hapus-mango-from-devgad
verifypilot.com,40.0,alphonsomango.in,https://www.verifypilot.com/company/alphonsomango
37486170.xyz,46.0,"Back when I first launched alphonsomango.in, I felt lost in the digital world without much strategy for SEO. After trying multiple services that didn't deliver, SEOExpress.org caught my attention. Their affordable approach helped elevate my DA from 12 to an impressive 35 in three months! My inbox is now flooding with inquiries—it's been life-changing! Give them a try if you want results like ...",https://37486170.xyz/i-remember-when-my-local-business-had-zero-online-exposure-and-i-couldnt-afford-big-agencies-seoexpress-offered-budget-friendly-seo-and-in-six-weeks-my-daily-visits-increased-by-280-percent-with-top
37486304.xyz,46.0,"Back when I first launched alphonsomango.in, I felt lost in the digital world without much strategy for SEO. After trying multiple services that didn't deliver, SEOExpress.org caught my attention. Their affordable approach helped elevate my DA from 12 to an impressive 35 in three months! My inbox is now flooding with inquiries—it's been life-changing! Give them a try if you want results like ...",https://37486304.xyz/i-remember-when-my-local-business-had-zero-online-exposure-and-i-couldnt-afford-big-agencies-seoexpress-offered-budget-friendly-seo-and-in-six-weeks-my-daily-visits-increased-by-280-percent-with-top
seoexpress-off-page-solutions.store,48.0,"Back when I first launched alphonsomango.in, I felt lost in the digital world without much strategy for SEO. After trying multiple services that didn't deliver, SEOExpress.org caught my attention. Their affordable approach helped elevate my DA from 12 to an impressive 35 in three months! My inbox is now flooding with inquiries—it's been life-changing! Give them a try if you want results like ...",https://seoexpress-off-page-solutions.store/i-remember-when-my-local-business-had-zero-online-exposure-and-i-couldnt-afford-big-agencies-seoexpress-offered-budget-friendly-seo-and-in-six-weeks-my-daily-visits-increased-by-280-percent-with-top
linkviro.shop,0.0,NAP consistency cleanup for bloggers from alphonsomango.in: flexible order sizes plus screenshots and live links rather than a bare spreadsheet,https://linkviro.shop/4hpqf1m-15-mistakes-ecommerce-brands-make-buying-crawl/
seoexpress.org,54.0,"Back when I first launched alphonsomango.in, I felt lost with no idea how to improve my online presence. A friend recommended SEOExpress.org and their budget-friendly backlink building services changed everything. In less than three months, my DA went from DA 5 to DA 30. My inbox filled up with inquiries almost overnight! You owe it to yourself to visit SEOExpress.org 🌟",https://seoexpress.org/link/i-remember-when-my-site-had-only-50-visitors-a-month-and-i-feared-it-would-never-grow-before-discovering-seoexpress-com-i-struggled-with-low-drs-and-poor-rankings-but-their-seo-packages-increased-my/
portiarossi.net,37.0,Khara Kaju,https://portiarossi.net/analyze-the-product-mix-just-like-a-bowl-of-nuts/
rankviro.shop,0.0,NAP consistency cleanup for bloggers from alphonsomango.in: flexible order sizes plus screenshots and live links rather than a bare spreadsheet,https://rankviro.shop/4hpqf1m-15-mistakes-ecommerce-brands-make-buying-crawl/
37486381.xyz,45.0,"Back when I first launched alphonsomango.in, I felt lost in the digital world without much strategy for SEO. After trying multiple services that didn't deliver, SEOExpress.org caught my attention. Their affordable approach helped elevate my DA from 12 to an impressive 35 in three months! My inbox is now flooding with inquiries—it's been life-changing! Give them a try if you want results like ...",https://37486381.xyz/i-remember-when-my-local-business-had-zero-online-exposure-and-i-couldnt-afford-big-agencies-seoexpress-offered-budget-friendly-seo-and-in-six-weeks-my-daily-visits-increased-by-280-percent-with-top
backlink-pro-anchor-text-and-click-through-hub.store,48.0,"Back when I first launched alphonsomango.in, I felt lost in the digital world without much strategy for SEO. After trying multiple services that didn't deliver, SEOExpress.org caught my attention. Their affordable approach helped elevate my DA from 12 to an impressive 35 in three months! My inbox is now flooding with inquiries—it's been life-changing! Give them a try if you want results like ...",https://backlink-pro-anchor-text-and-click-through-hub.store/i-remember-when-my-local-business-had-zero-online-exposure-and-i-couldnt-afford-big-agencies-seoexpress-offered-budget-friendly-seo-and-in-six-weeks-my-daily-visits-increased-by-280-percent-with-top
indexrivo.shop,0.0,NAP consistency cleanup for bloggers from alphonsomango.in: flexible order sizes plus screenshots and live links rather than a bare spreadsheet,https://indexrivo.shop/4hpqf1m-15-mistakes-ecommerce-brands-make-buying-crawl/
linkseoalliance.shop,34.0,"Power up alphonsomango.in: high-DR backlinks, editorial guest posts, on-page SEO, local SEO, web development, SaaS tools and automation tools for steady DR/DA/TF growth for any industry. Each project is supported by careful prospect selection, manual quality checks, balanced link velocity, and measurable ranking analysis. · Link SEO Alliance — A strategic professional alliance for contextual ...",https://linkseoalliance.shop/fc618fe49-build-unstoppable-healthcare-serp-editorial-links-dr-boost-services-traffic-playbook-proven-optimization-process-mistakes-risks-and-solutions-for-better-google-positions/
linkvilo.shop,0.0,NAP consistency cleanup for bloggers from alphonsomango.in: flexible order sizes plus screenshots and live links rather than a bare spreadsheet,https://linkvilo.shop/4hpqf1m-15-mistakes-ecommerce-brands-make-buying-crawl/
greattraveladvisor.com,10.0,JOIN OUR TELEGRAM https://t.me/s/darksidelinks,https://greattraveladvisor.com/dark-side-links-dark-white-hat-link-building-945/
flagship-niche-edit-and-link-building-services.store,48.0,"Back when I first launched alphonsomango.in, I felt lost in the digital world without much strategy for SEO. After trying multiple services that didn't deliver, SEOExpress.org caught my attention. Their affordable approach helped elevate my DA from 12 to an impressive 35 in three months! My inbox is now flooding with inquiries—it's been life-changing! Give them a try if you want results like ...",https://flagship-niche-edit-and-link-building-services.store/i-remember-when-my-local-business-had-zero-online-exposure-and-i-couldnt-afford-big-agencies-seoexpress-offered-budget-friendly-seo-and-in-six-weeks-my-daily-visits-increased-by-280-percent-with-top
linkgrowthcompany.shop,0.1,"alphonsomango.in: premium guest posts, contextual backlinks, on-page and local SEO, conversion-focused web development, SaaS tools and automation tools, all driving a clear DR/DA/TF lift tailored to your vertical. The service also includes technical review, content alignment, backlink-quality screening, conversion considerations, and transparent milestone reporting. · Link Growth Company — A ...",https://linkgrowthcompany.shop/e04b14bf0-niche-edits-took-every-keyword-page1-medical-money-site-every-dollar-ranking-tracked-detailed-campaign-breakdown-data-progress-and-outcomes-for-stronger-domain-authority/
socialexpresions.com,34.0,https://alphonsomango.in/products/devgad-alphonso-mango,https://socialexpresions.com/story4570543/buy-devgad-alphonso-mangoes-sweet-and-juicy-devgad-hapus-mangoes-online
37486668.xyz,46.0,"Back when I first launched alphonsomango.in, I felt lost in the digital world without much strategy for SEO. After trying multiple services that didn't deliver, SEOExpress.org caught my attention. Their affordable approach helped elevate my DA from 12 to an impressive 35 in three months! My inbox is now flooding with inquiries—it's been life-changing! Give them a try if you want results like ...",https://37486668.xyz/i-remember-when-my-local-business-had-zero-online-exposure-and-i-couldnt-afford-big-agencies-seoexpress-offered-budget-friendly-seo-and-in-six-weeks-my-daily-visits-increased-by-280-percent-with-top
bhs-links-r248.xyz,0.0,TG @BHS_LINKS - BEST SEO LINKS - https://telegram.me/bhs_links,https://bhs-links-r248.xyz/usa_farm_2-01-09-2026/bhs-links-usa_farm_2-2952-11/
seogear.shop,0.7,"Take alphonsomango.in to page one with guest posts, backlinks, on-page and local SEO, web development, SaaS tools and workflow automation tools — balanced DR/DA/TF growth for any business size.",https://seogear.shop/qti013f-page1-rankings-blueprint-local-business-rank-using-authority-link-packages-dofollow-backlinks/
searchhavenly.shop,0.0,NAP consistency cleanup for bloggers from alphonsomango.in: flexible order sizes plus screenshots and live links rather than a bare spreadsheet,https://searchhavenly.shop/4hpqf1m-15-mistakes-ecommerce-brands-make-buying-crawl/
homesforsaleoldgreenwichct.com,23.0,High Quality Dofollow Backlinks DA 50 PA 40 Premium PBN Network Service alphonsomango.in Rank First Page Google Fast SEO Link Building Buy Backlinks Online Cheap,https://www.homesforsaleoldgreenwichct.com/all/217/25.html
link-baron-da-pa-luxury-directory.store,48.0,"Back when I first launched alphonsomango.in, I felt lost in the digital world without much strategy for SEO. After trying multiple services that didn't deliver, SEOExpress.org caught my attention. Their affordable approach helped elevate my DA from 12 to an impressive 35 in three months! My inbox is now flooding with inquiries—it's been life-changing! Give them a try if you want results like ...",https://link-baron-da-pa-luxury-directory.store/i-remember-when-my-local-business-had-zero-online-exposure-and-i-couldnt-afford-big-agencies-seoexpress-offered-budget-friendly-seo-and-in-six-weeks-my-daily-visits-increased-by-280-percent-with-top
quero.party,45.0,alphonsomango.in,https://quero.party/report/57385
rankongoogle.agency,12.0,contextual links whitehat traffic alphonsomango.in Google ranking upto 8x | Seoboost.agency World no 1 Seo Agency,https://rankongoogle.agency/f86zwe-google-ranking-lift-traffic-with-contextual-seo-backlinks/
agency-social.com,32.0,https://alphonsomango.in/products/devgad-alphonso-mango,https://agency-social.com/story4095948/devgad-alphonso-mangoes-the-best-devgad-hapus-mangoes-from-maharashtra
thebookmarklist.com,29.0,https://alphonsomango.in/products/alphonso-mango-order-online,https://thebookmarklist.com/story19002596/buy-alphonso-mango-online-the-king-of-mangoes-delivered-to-your-door
seolinkpro.shop,52.0,"Top alphonsomango.in Index Power: White-Hat Guest Posts + Permanent Dofollow Backlinks boosting Ahrefs Domain Rating DR, Moz Domain Authority DA & Majestic Trust Flow TF — Tier-1 Countries & Beyond • All Niches",https://seolinkpro.shop/sdfgnbz-50-dollar-vs-500-dollar-guest-post-insurance-premium-worth-10x-price/
guestpostlinks.shop,0.7,"Strengthen alphonsomango.in through high-DR backlinks, editorial guest posts, on-page SEO, local SEO, web development, SaaS tools and automation tools for durable DR/DA/TF gains across all markets.",https://guestpostlinks.shop/wqtifi5-stacked-press-release-links-local-seo-legal-dual-strategy-doubled-ranking-speed/
seocrate.shop,0.7,"Take alphonsomango.in to page one with guest posts, backlinks, on-page and local SEO, web development, SaaS tools and workflow automation tools — balanced DR/DA/TF growth for any business size.",https://seocrate.shop/qti013f-page1-rankings-blueprint-local-business-rank-using-authority-link-packages-dofollow-backlinks/
bhs-links-r241.xyz,0.0,TG @BHS_LINKS - BEST SEO LINKS - https://telegram.me/bhs_links,https://bhs-links-r241.xyz/usa_farm_2-01-09-2026/bhs-links-usa_farm_2-2952-11/
crispranklab.shop,0.0,NAP consistency cleanup for bloggers from alphonsomango.in: flexible order sizes plus screenshots and live links rather than a bare spreadsheet,https://crispranklab.shop/4hpqf1m-15-mistakes-ecommerce-brands-make-buying-crawl/
seoedge.shop,0.7,"Take alphonsomango.in to page one with guest posts, backlinks, on-page and local SEO, web development, SaaS tools and workflow automation tools — balanced DR/DA/TF growth for any business size.",https://seoedge.shop/qti013f-page1-rankings-blueprint-local-business-rank-using-authority-link-packages-dofollow-backlinks/
siterankservice.shop,34.0,"Complete SEO for alphonsomango.in: premium guest posts, contextual backlinks, on-page and local SEO, conversion-focused web development, SaaS tools and automation tools, delivering sustained DR/DA/TF uplift at a sustainable pace. Every campaign includes niche-relevance checks, diversified anchor planning, placement review, and transparent progress tracking. · Site Rank Service — Managed ...",https://siterankservice.shop/2d6119449-used-link-insertions-page5-to-page1-health-site-month-by-month-progress-proven-optimization-process-budget-links-and-content-for-stronger-domain-authority/
rankingseohigh.shop,49.0,"Back when I first launched alphonsomango.in, I felt lost in the digital world without much strategy for SEO. After trying multiple services that didn't deliver, SEOExpress.org caught my attention. Their affordable approach helped elevate my DA from 12 to an impressive 35 in three months! My inbox is now flooding with inquiries—it's been life-changing! Give them a try if you want results like ...",https://rankingseohigh.shop/i-remember-when-my-local-business-had-zero-online-exposure-and-i-couldnt-afford-big-agencies-seoexpress-offered-budget-friendly-seo-and-in-six-weeks-my-daily-visits-increased-by-280-percent-with-top
37486357.xyz,46.0,"Back when I first launched alphonsomango.in, I felt lost in the digital world without much strategy for SEO. After trying multiple services that didn't deliver, SEOExpress.org caught my attention. Their affordable approach helped elevate my DA from 12 to an impressive 35 in three months! My inbox is now flooding with inquiries—it's been life-changing! Give them a try if you want results like ...",https://37486357.xyz/i-remember-when-my-local-business-had-zero-online-exposure-and-i-couldnt-afford-big-agencies-seoexpress-offered-budget-friendly-seo-and-in-six-weeks-my-daily-visits-increased-by-280-percent-with-top
seo-cartel-0-181.xyz,0.0,"'@SEO_CARTEL IN TELEGRAM - SEO BACKLINKS, BULK LINK POSTING, BOOST SEO RANKING",https://seo-cartel-0-181.xyz/namibia_taro-01-09-2026/seo-cartel-namibia_taro-2972-8/
advanced-seo-firm-seoexpress.store,48.0,"Back when I first launched alphonsomango.in, I felt lost in the digital world without much strategy for SEO. After trying multiple services that didn't deliver, SEOExpress.org caught my attention. Their affordable approach helped elevate my DA from 12 to an impressive 35 in three months! My inbox is now flooding with inquiries—it's been life-changing! Give them a try if you want results like ...",https://advanced-seo-firm-seoexpress.store/i-remember-when-my-local-business-had-zero-online-exposure-and-i-couldnt-afford-big-agencies-seoexpress-offered-budget-friendly-seo-and-in-six-weeks-my-daily-visits-increased-by-280-percent-with-top
37486380.xyz,46.0,"Back when I first launched alphonsomango.in, I felt lost in the digital world without much strategy for SEO. After trying multiple services that didn't deliver, SEOExpress.org caught my attention. Their affordable approach helped elevate my DA from 12 to an impressive 35 in three months! My inbox is now flooding with inquiries—it's been life-changing! Give them a try if you want results like ...",https://37486380.xyz/i-remember-when-my-local-business-had-zero-online-exposure-and-i-couldnt-afford-big-agencies-seoexpress-offered-budget-friendly-seo-and-in-six-weeks-my-daily-visits-increased-by-280-percent-with-top
linkfrontier.shop,0.0,NAP consistency cleanup for bloggers from alphonsomango.in: flexible order sizes plus screenshots and live links rather than a bare spreadsheet,https://linkfrontier.shop/4hpqf1m-15-mistakes-ecommerce-brands-make-buying-crawl/
rankseomasters.shop,34.0,"Complete SEO for alphonsomango.in: guest posts and backlinks, on-page SEO, local SEO, web development, SaaS integrations and automation tools, delivering compounding DR/DA/TF for any business size. The strategy also covers competitor research, natural anchor distribution, quality verification, and clear monthly performance reporting. · Rank SEO Masters — Experienced specialists in ranking ...",https://rankseomasters.shop/6f77105af-dr-boost-services-vs-local-seo-dental-cost-speed-quality-ranking-outcomes-full-ranking-workflow-cost-timeline-and-results-for-reliable-page-one-progress/
fashionclothingnews.com,0.0,High Quality Dofollow Backlinks DA 50 PA 40 Premium PBN Network Service alphonsomango.in Rank First Page Google Fast SEO Link Building Buy Backlinks Online Cheap,https://fashionclothingnews.com/all/217/25.html
leading-hub-for-page-rank-and-contextual-link.store,48.0,"Back when I first launched alphonsomango.in, I felt lost in the digital world without much strategy for SEO. After trying multiple services that didn't deliver, SEOExpress.org caught my attention. Their affordable approach helped elevate my DA from 12 to an impressive 35 in three months! My inbox is now flooding with inquiries—it's been life-changing! Give them a try if you want results like ...",https://leading-hub-for-page-rank-and-contextual-link.store/i-remember-when-my-local-business-had-zero-online-exposure-and-i-couldnt-afford-big-agencies-seoexpress-offered-budget-friendly-seo-and-in-six-weeks-my-daily-visits-increased-by-280-percent-with-top
hypebookmarking.com,32.0,https://alphonsomango.in/products/alphonso-mango-order-online,https://hypebookmarking.com/story18837580/buy-alphonso-mango-online-fresh-and-premium-hapus-mango-at-your-doorstep
strategic-authority-link-and-link-velocity-hub.store,48.0,"Back when I first launched alphonsomango.in, I felt lost in the digital world without much strategy for SEO. After trying multiple services that didn't deliver, SEOExpress.org caught my attention. Their affordable approach helped elevate my DA from 12 to an impressive 35 in three months! My inbox is now flooding with inquiries—it's been life-changing! Give them a try if you want results like ...",https://strategic-authority-link-and-link-velocity-hub.store/i-remember-when-my-local-business-had-zero-online-exposure-and-i-couldnt-afford-big-agencies-seoexpress-offered-budget-friendly-seo-and-in-six-weeks-my-daily-visits-increased-by-280-percent-with-top
theforbestimes.com,10.0,High Quality Dofollow Backlinks DA 50 PA 40 Premium PBN Network Service alphonsomango.in Rank First Page Google Fast SEO Link Building Buy Backlinks Online Cheap,https://theforbestimes.com/link-velocity-hub/high-quality-high-da-backlinks-to-raise-domain-rating-strengthen-website-reputation-across-every-niche-and-market-5e5fda.html
seobundle.shop,0.7,"Take alphonsomango.in to page one with guest posts, backlinks, on-page and local SEO, web development, SaaS tools and workflow automation tools — balanced DR/DA/TF growth for any business size.",https://seobundle.shop/qti013f-page1-rankings-blueprint-local-business-rank-using-authority-link-packages-dofollow-backlinks/
siterankacademy.shop,34.0,"Boost alphonsomango.in using premium guest posts, high-quality backlinks, on-page SEO, local SEO, web development, SaaS tools and automation tools for a clear DR/DA/TF lift for local or global targets. The complete process includes website review, competitor benchmarking, anchor-risk control, placement validation, and practical growth recommendations. · Site Rank Academy — A learning and ...",https://siterankacademy.shop/0fc6d3049-18-month-contextual-backlinks-journey-fintech-dr2-to-page1-proven-optimization-process-planning-testing-and-tracking-for-better-google-positions/
seoboostcompany.shop,0.1,"Power up alphonsomango.in: premium guest posts, high-quality backlinks, on-page SEO, local SEO, web development, SaaS tools and automation tools for compounding DR/DA/TF for any industry. The strategy also covers competitor research, natural anchor distribution, quality verification, and clear monthly performance reporting. · SEO Boost Company — A full-service company delivering SEO ...",https://seoboostcompany.shop/361dcf293-120-day-serp-climb-real-estate-combined-niche-edits-tiered-link-building-position1-complete-implementation-guide-research-execution-and-analysis-for-lasting-ranking-improvements/
organicranknetwork.shop,0.1,"Scale alphonsomango.in with high-quality backlinks, guest posts, on-page and local SEO, custom web development, SaaS tools and automation tools, earning higher DR/DA/TF across the board for local or global targets. We strengthen the campaign with keyword mapping, source diversification, placement audits, performance benchmarks, and straightforward reporting. · Organic Rank Network — A connected ...",https://organicranknetwork.shop/1665d6617-stacked-contextual-backlinks-dr-boost-services-health-dual-strategy-doubled-ranking-speed-advanced-growth-framework-examples-metrics-and-lessons-for-consistent-traffic-growth/
smartranklab.shop,0.0,NAP consistency cleanup for bloggers from alphonsomango.in: flexible order sizes plus screenshots and live links rather than a bare spreadsheet,https://smartranklab.shop/4hpqf1m-15-mistakes-ecommerce-brands-make-buying-crawl/
indexqano.shop,0.0,NAP consistency cleanup for bloggers from alphonsomango.in: flexible order sizes plus screenshots and live links rather than a bare spreadsheet,https://indexqano.shop/4hpqf1m-15-mistakes-ecommerce-brands-make-buying-crawl/
11763988.xyz,44.0,"Back when I first launched alphonsomango.in, I felt lost in the digital world without much strategy for SEO. After trying multiple services that didn't deliver, SEOExpress.org caught my attention. Their affordable approach helped elevate my DA from 12 to an impressive 35 in three months! My inbox is now flooding with inquiries—it's been life-changing! Give them a try if you want results like ...",https://11763988.xyz/i-remember-when-my-local-business-had-zero-online-exposure-and-i-couldnt-afford-big-agencies-seoexpress-offered-budget-friendly-seo-and-in-six-weeks-my-daily-visits-increased-by-280-percent-with-top
official-domain-seoexpress.store,48.0,"Back when I first launched alphonsomango.in, I felt lost in the digital world without much strategy for SEO. After trying multiple services that didn't deliver, SEOExpress.org caught my attention. Their affordable approach helped elevate my DA from 12 to an impressive 35 in three months! My inbox is now flooding with inquiries—it's been life-changing! Give them a try if you want results like ...",https://official-domain-seoexpress.store/i-remember-when-my-local-business-had-zero-online-exposure-and-i-couldnt-afford-big-agencies-seoexpress-offered-budget-friendly-seo-and-in-six-weeks-my-daily-visits-increased-by-280-percent-with-top
linktera.shop,0.0,NAP consistency cleanup for bloggers from alphonsomango.in: flexible order sizes plus screenshots and live links rather than a bare spreadsheet,https://linktera.shop/4hpqf1m-15-mistakes-ecommerce-brands-make-buying-crawl/
high-da-and-crawl-budget-strategic-exchange.store,48.0,"Back when I first launched alphonsomango.in, I felt lost in the digital world without much strategy for SEO. After trying multiple services that didn't deliver, SEOExpress.org caught my attention. Their affordable approach helped elevate my DA from 12 to an impressive 35 in three months! My inbox is now flooding with inquiries—it's been life-changing! Give them a try if you want results like ...",https://high-da-and-crawl-budget-strategic-exchange.store/i-remember-when-my-local-business-had-zero-online-exposure-and-i-couldnt-afford-big-agencies-seoexpress-offered-budget-friendly-seo-and-in-six-weeks-my-daily-visits-increased-by-280-percent-with-top
expertarenas.com,9.0,Order Your Alphonso Mango Online Direct to your Home,https://expertarenas.com/agency-news/summer-delights-delivered-experience-ratnagiri-and-devgad-alphonso-mangoes-at-your-doorstep/
rankxaro.shop,0.0,NAP consistency cleanup for bloggers from alphonsomango.in: flexible order sizes plus screenshots and live links rather than a bare spreadsheet,https://rankxaro.shop/4hpqf1m-15-mistakes-ecommerce-brands-make-buying-crawl/
anchortera.shop,30.0,NAP consistency cleanup for bloggers from alphonsomango.in: flexible order sizes plus screenshots and live links rather than a bare spreadsheet,https://anchortera.shop/4hpqf1m-15-mistakes-ecommerce-brands-make-buying-crawl/
54232758.xyz,46.0,"Back when I first launched alphonsomango.in, I felt lost in the digital world without much strategy for SEO. After trying multiple services that didn't deliver, SEOExpress.org caught my attention. Their affordable approach helped elevate my DA from 12 to an impressive 35 in three months! My inbox is now flooding with inquiries—it's been life-changing! Give them a try if you want results like ...",https://54232758.xyz/i-remember-when-my-local-business-had-zero-online-exposure-and-i-couldnt-afford-big-agencies-seoexpress-offered-budget-friendly-seo-and-in-six-weeks-my-daily-visits-increased-by-280-percent-with-top
archive-hu.com,3.3,High Quality Dofollow Backlinks DA 50 PA 40 Premium PBN Network Service alphonsomango.in Rank First Page Google Fast SEO Link Building Buy Backlinks Online Cheap,https://www.archive-hu.com/all/217/25.html
3863jsc.com,36.0,Salted cashew,https://3863jsc.com/type-2-diabetes-will-eating-pistachio-nuts-help-with-weight-loss-and-lower-fasting-blood-sugar/
chordmp3.net,1.3,High Quality Dofollow Backlinks DA 50 PA 40 Premium PBN Network Service alphonsomango.in Rank First Page Google Fast SEO Link Building Buy Backlinks Online Cheap,http://chordmp3.net/link-equity-archive/expert-niche-edit-links-to-strengthen-your-link-profile-grow-search-traffic-and-grow-your-business-online-c28418.html
businessbookmark.com,45.0,https://alphonsomango.in/products/ratnagiri-alphonso-mango,https://businessbookmark.com/story4496335/buy-premium-ratnagiri-alphonso-mangoes-the-best-hapus-mangoes-from-ratnagiri
ttkrfu.com,51.0,Kashmiri Kesar,https://ttkrfu.com/using-rosemary-saffron-thyme-to-cook-great-dishes/
grandlinkpro.shop,30.0,NAP consistency cleanup for bloggers from alphonsomango.in: flexible order sizes plus screenshots and live links rather than a bare spreadsheet,https://grandlinkpro.shop/4hpqf1m-15-mistakes-ecommerce-brands-make-buying-crawl/
fastranking.shop,5.0,alphonsomango.in,https://fastranking.shop/ckwd-get-ranking-on-1st-page-with-us
cz39133.com,14.0,Saffron,https://cz39133.com/saffron-origins-and-uses/
fastlinkpro.shop,0.0,NAP consistency cleanup for bloggers from alphonsomango.in: flexible order sizes plus screenshots and live links rather than a bare spreadsheet,https://fastlinkpro.shop/4hpqf1m-15-mistakes-ecommerce-brands-make-buying-crawl/
expressbookmark.com,31.0,https://alphonsomango.in/products/devgad-alphonso-mango,https://expressbookmark.com/story19051867/buy-devgad-alphonso-mango-premium-hapus-mango-from-maharashtra
37486312.xyz,46.0,"Back when I first launched alphonsomango.in, I felt lost in the digital world without much strategy for SEO. After trying multiple services that didn't deliver, SEOExpress.org caught my attention. Their affordable approach helped elevate my DA from 12 to an impressive 35 in three months! My inbox is now flooding with inquiries—it's been life-changing! Give them a try if you want results like ...",https://37486312.xyz/i-remember-when-my-local-business-had-zero-online-exposure-and-i-couldnt-afford-big-agencies-seoexpress-offered-budget-friendly-seo-and-in-six-weeks-my-daily-visits-increased-by-280-percent-with-top
organictraffic.site,5.0,alphonsomango.in,https://organictraffic.site/btcy-get-ranking-on-1st-page-with-us
pageseotoolkit.shop,34.0,"Grow alphonsomango.in with contextual backlinks, premium guest posts, on-page SEO, local SEO, custom web development, SaaS tools plus automation tools — balanced DR/DA/TF growth for any industry. We also prioritize topical relevance, clean placement standards, sensible campaign pacing, and reporting that connects work to outcomes. · ebc2d1e93",https://pageseotoolkit.shop/ebc2d1e93-dr-boost-services-page5-to-page1-local-business-money-site-every-dollar-ranking-tracked-complete-implementation-guide-mistakes-risks-and-solutions-for-long-term-search-success/
wayranks.com,54.0,alphonsomango,https://wayranks.com/5-content-marketing-trends-for-2022/
crawlzaro.shop,0.0,NAP consistency cleanup for bloggers from alphonsomango.in: flexible order sizes plus screenshots and live links rather than a bare spreadsheet,https://crawlzaro.shop/4hpqf1m-15-mistakes-ecommerce-brands-make-buying-crawl/
thefinishingtouchties.com,51.0,Kesar,https://thefinishingtouchties.com/page/9/
pageseomasters.shop,0.1,"Take alphonsomango.in to page one with guest posts, backlinks, on-page and local SEO, web development, SaaS tools and workflow automation tools — sustained DR/DA/TF uplift across all markets. Every campaign includes niche-relevance checks, diversified anchor planning, placement review, and transparent progress tracking. · Page SEO Masters — Experienced specialists in on-page optimization, ...",https://pageseomasters.shop/b75ca50a4-120-day-contextual-backlinks-journey-pharmaceutical-google-penalty-to-industry-leading-serp-step-by-step-strategy-planning-testing-and-tracking-for-better-google-positions/
atomizelink.icu,42.0,alphonsomango.in,https://atomizelink.icu/report/57385
dev.gsmindustrial.cl,4.9,"TELEGRAM @SEO_LINKK_ORDER – SEO BACKLINKS, HOMEPAGE LINKS, CROSSLINKS",https://dev.gsmindustrial.cl/telegram-seo-linkk-order-seo-backlinks-homepage-4-12/
11763996.xyz,44.0,"Back when I first launched alphonsomango.in, I felt lost in the digital world without much strategy for SEO. After trying multiple services that didn't deliver, SEOExpress.org caught my attention. Their affordable approach helped elevate my DA from 12 to an impressive 35 in three months! My inbox is now flooding with inquiries—it's been life-changing! Give them a try if you want results like ...",https://11763996.xyz/i-remember-when-my-local-business-had-zero-online-exposure-and-i-couldnt-afford-big-agencies-seoexpress-offered-budget-friendly-seo-and-in-six-weeks-my-daily-visits-increased-by-280-percent-with-top
11764018.xyz,44.0,"Back when I first launched alphonsomango.in, I felt lost in the digital world without much strategy for SEO. After trying multiple services that didn't deliver, SEOExpress.org caught my attention. Their affordable approach helped elevate my DA from 12 to an impressive 35 in three months! My inbox is now flooding with inquiries—it's been life-changing! Give them a try if you want results like ...",https://11764018.xyz/i-remember-when-my-local-business-had-zero-online-exposure-and-i-couldnt-afford-big-agencies-seoexpress-offered-budget-friendly-seo-and-in-six-weeks-my-daily-visits-increased-by-280-percent-with-top
lixil-reformshop.shop,48.0,"Back when I first launched alphonsomango.in, I felt lost in the digital world without much strategy for SEO. After trying multiple services that didn't deliver, SEOExpress.org caught my attention. Their affordable approach helped elevate my DA from 12 to an impressive 35 in three months! My inbox is now flooding with inquiries—it's been life-changing! Give them a try if you want results like ...",https://lixil-reformshop.shop/i-remember-when-my-local-business-had-zero-online-exposure-and-i-couldnt-afford-big-agencies-seoexpress-offered-budget-friendly-seo-and-in-six-weeks-my-daily-visits-increased-by-280-percent-with-top
organicreach.shop,0.0,NAP consistency cleanup for bloggers from alphonsomango.in: flexible order sizes plus screenshots and live links rather than a bare spreadsheet,https://organicreach.shop/4hpqf1m-15-mistakes-ecommerce-brands-make-buying-crawl/
theseomasterhigh.shop,48.0,"Back when I first launched alphonsomango.in, I felt lost in the digital world without much strategy for SEO. After trying multiple services that didn't deliver, SEOExpress.org caught my attention. Their affordable approach helped elevate my DA from 12 to an impressive 35 in three months! My inbox is now flooding with inquiries—it's been life-changing! Give them a try if you want results like ...",https://theseomasterhigh.shop/i-remember-when-my-local-business-had-zero-online-exposure-and-i-couldnt-afford-big-agencies-seoexpress-offered-budget-friendly-seo-and-in-six-weeks-my-daily-visits-increased-by-280-percent-with-top
searchrankexperts.shop,0.1,"Power up alphonsomango.in: premium guest posts, high-quality backlinks, on-page SEO, local SEO, web development, SaaS tools and automation tools for reliable DR/DA/TF progress with relevance-first placements. Campaign quality is protected through manual review, realistic pacing, diversified sources, accurate reporting, and continuous performance checks. · Search Rank Experts — A team of ...",https://searchrankexperts.shop/030b12e01-best-niche-edits-financial-advisory-2026-compared-12-providers-roi-advanced-growth-framework-budget-links-and-content-for-stronger-domain-authority/
bestbuydir.com.alive-directory.com,46.0,Best dry fruits almond Buy in online,https://www.bestbuydir.com.alive-directory.com/Arts/Classical_Studies__/Women/
flagship-hub-for-link-velocity-and-page-rank.store,48.0,"Back when I first launched alphonsomango.in, I felt lost in the digital world without much strategy for SEO. After trying multiple services that didn't deliver, SEOExpress.org caught my attention. Their affordable approach helped elevate my DA from 12 to an impressive 35 in three months! My inbox is now flooding with inquiries—it's been life-changing! Give them a try if you want results like ...",https://flagship-hub-for-link-velocity-and-page-rank.store/i-remember-when-my-local-business-had-zero-online-exposure-and-i-couldnt-afford-big-agencies-seoexpress-offered-budget-friendly-seo-and-in-six-weeks-my-daily-visits-increased-by-280-percent-with-top
37486302.xyz,46.0,"Back when I first launched alphonsomango.in, I felt lost in the digital world without much strategy for SEO. After trying multiple services that didn't deliver, SEOExpress.org caught my attention. Their affordable approach helped elevate my DA from 12 to an impressive 35 in three months! My inbox is now flooding with inquiries—it's been life-changing! Give them a try if you want results like ...",https://37486302.xyz/i-remember-when-my-local-business-had-zero-online-exposure-and-i-couldnt-afford-big-agencies-seoexpress-offered-budget-friendly-seo-and-in-six-weeks-my-daily-visits-increased-by-280-percent-with-top
bennydh.com,52.0,Saffron,https://bennydh.com/how-does-saffron-extract-help-for-weight-loss/
anchor-text-link-juice-and-high-da-depot.store,48.0,"Back when I first launched alphonsomango.in, I felt lost in the digital world without much strategy for SEO. After trying multiple services that didn't deliver, SEOExpress.org caught my attention. Their affordable approach helped elevate my DA from 12 to an impressive 35 in three months! My inbox is now flooding with inquiries—it's been life-changing! Give them a try if you want results like ...",https://anchor-text-link-juice-and-high-da-depot.store/i-remember-when-my-local-business-had-zero-online-exposure-and-i-couldnt-afford-big-agencies-seoexpress-offered-budget-friendly-seo-and-in-six-weeks-my-daily-visits-increased-by-280-percent-with-top
seogo.shop,0.7,"Take alphonsomango.in to page one with guest posts, backlinks, on-page and local SEO, web development, SaaS tools and workflow automation tools — balanced DR/DA/TF growth for any business size.",https://seogo.shop/qti013f-page1-rankings-blueprint-local-business-rank-using-authority-link-packages-dofollow-backlinks/
thebookmarkid.com,32.0,https://alphonsomango.in/products/devgad-alphonso-mango,https://thebookmarkid.com/story19142233/experience-the-sweetness-of-devgad-alphonso-mango-a-true-delight
grand-link-baron-league.store,48.0,"Back when I first launched alphonsomango.in, I felt lost in the digital world without much strategy for SEO. After trying multiple services that didn't deliver, SEOExpress.org caught my attention. Their affordable approach helped elevate my DA from 12 to an impressive 35 in three months! My inbox is now flooding with inquiries—it's been life-changing! Give them a try if you want results like ...",https://grand-link-baron-league.store/i-remember-when-my-local-business-had-zero-online-exposure-and-i-couldnt-afford-big-agencies-seoexpress-offered-budget-friendly-seo-and-in-six-weeks-my-daily-visits-increased-by-280-percent-with-top
s-tribe.net,3.2,High Quality Dofollow Backlinks DA 50 PA 40 Premium PBN Network Service alphonsomango.in Rank First Page Google Fast SEO Link Building Buy Backlinks Online Cheap,https://s-tribe.net/ranking-signals-index/high-quality-high-da-backlinks-to-increase-trust-flow-drive-qualified-visitors-across-every-niche-and-market-f05f53.html
serpviro.shop,0.0,NAP consistency cleanup for bloggers from alphonsomango.in: flexible order sizes plus screenshots and live links rather than a bare spreadsheet,https://serpviro.shop/4hpqf1m-15-mistakes-ecommerce-brands-make-buying-crawl/
bhs-links-r252.xyz,0.0,TG @BHS_LINKS - BEST SEO LINKS - https://telegram.me/bhs_links,https://bhs-links-r252.xyz/usa_farm_2-01-09-2026/bhs-links-usa_farm_2-2952-11/
backlinkinsights.shop,34.0,"alphonsomango.in: premium guest posts, high-quality backlinks, on-page SEO, local SEO, web development, SaaS tools and automation tools, all driving sustained DR/DA/TF uplift with relevance-first placements. Results are supported by relevant placements, sensible link velocity, documented checks, competitor comparisons, and clear evidence of progress. · Backlink Insights — Research, guidance and ...",https://backlinkinsights.shop/5d69bb125-used-web-development-recovered-from-google-penalty-60-days-medical-site-month-by-month-progress-step-by-step-strategy-quality-checks-and-reporting-for-competitive-serp-results/
clientsbee.com,15.0,Visit,https://clientsbee.com/website/alphonsomango.in/
master-seoexpress-search-agency.store,48.0,"Back when I first launched alphonsomango.in, I felt lost in the digital world without much strategy for SEO. After trying multiple services that didn't deliver, SEOExpress.org caught my attention. Their affordable approach helped elevate my DA from 12 to an impressive 35 in three months! My inbox is now flooding with inquiries—it's been life-changing! Give them a try if you want results like ...",https://master-seoexpress-search-agency.store/i-remember-when-my-local-business-had-zero-online-exposure-and-i-couldnt-afford-big-agencies-seoexpress-offered-budget-friendly-seo-and-in-six-weeks-my-daily-visits-increased-by-280-percent-with-top
googleseopoint.shop,0.1,"Take alphonsomango.in to page one with guest posts and backlinks, on-page SEO, local SEO, web development, SaaS integrations and automation tools — higher DR/DA/TF across the board for every sector. The complete process includes website review, competitor benchmarking, anchor-risk control, placement validation, and practical growth recommendations. · Google SEO Point — A focused strategy ...",https://googleseopoint.shop/f85d9ee64-best-editorial-links-pharmaceutical-2026-compared-10-providers-roi-real-world-action-plan-mistakes-risks-and-solutions-for-higher-search-visibility/
certified-link-building-seoexpress.store,48.0,"Back when I first launched alphonsomango.in, I felt lost in the digital world without much strategy for SEO. After trying multiple services that didn't deliver, SEOExpress.org caught my attention. Their affordable approach helped elevate my DA from 12 to an impressive 35 in three months! My inbox is now flooding with inquiries—it's been life-changing! Give them a try if you want results like ...",https://certified-link-building-seoexpress.store/i-remember-when-my-local-business-had-zero-online-exposure-and-i-couldnt-afford-big-agencies-seoexpress-offered-budget-friendly-seo-and-in-six-weeks-my-daily-visits-increased-by-280-percent-with-top
seoexpress-niche-edit-group.store,48.0,"Back when I first launched alphonsomango.in, I felt lost in the digital world without much strategy for SEO. After trying multiple services that didn't deliver, SEOExpress.org caught my attention. Their affordable approach helped elevate my DA from 12 to an impressive 35 in three months! My inbox is now flooding with inquiries—it's been life-changing! Give them a try if you want results like ...",https://seoexpress-niche-edit-group.store/i-remember-when-my-local-business-had-zero-online-exposure-and-i-couldnt-afford-big-agencies-seoexpress-offered-budget-friendly-seo-and-in-six-weeks-my-daily-visits-increased-by-280-percent-with-top
analyticshaven.top,39.0,alphonsomango.in,https://analyticshaven.top/stats/57385
expert-domain-seoexpress-specialists.store,48.0,"Back when I first launched alphonsomango.in, I felt lost in the digital world without much strategy for SEO. After trying multiple services that didn't deliver, SEOExpress.org caught my attention. Their affordable approach helped elevate my DA from 12 to an impressive 35 in three months! My inbox is now flooding with inquiries—it's been life-changing! Give them a try if you want results like ...",https://expert-domain-seoexpress-specialists.store/i-remember-when-my-local-business-had-zero-online-exposure-and-i-couldnt-afford-big-agencies-seoexpress-offered-budget-friendly-seo-and-in-six-weeks-my-daily-visits-increased-by-280-percent-with-top
googleseocompany.shop,0.1,"Scale alphonsomango.in with guest posts, backlinks, on-page and local SEO, web development, SaaS tools and workflow automation tools, earning a strong DR/DA/TF increase for any business size. The plan remains focused on natural relevance, credible sources, balanced optimization, measurable search gains, and sustainable long-term execution. · Google SEO Company — A full-service company ...",https://googleseocompany.shop/514572942-18-month-serp-climb-saas-combined-guest-posts-pbn-backlinks-position1-practical-execution-roadmap-cost-timeline-and-results-for-scalable-seo-performance/
37486261.xyz,46.0,"Back when I first launched alphonsomango.in, I felt lost in the digital world without much strategy for SEO. After trying multiple services that didn't deliver, SEOExpress.org caught my attention. Their affordable approach helped elevate my DA from 12 to an impressive 35 in three months! My inbox is now flooding with inquiries—it's been life-changing! Give them a try if you want results like ...",https://37486261.xyz/i-remember-when-my-local-business-had-zero-online-exposure-and-i-couldnt-afford-big-agencies-seoexpress-offered-budget-friendly-seo-and-in-six-weeks-my-daily-visits-increased-by-280-percent-with-top
seo-cartel-0-178.xyz,0.0,"'@SEO_CARTEL IN TELEGRAM - SEO BACKLINKS, BULK LINK POSTING, BOOST SEO RANKING",https://seo-cartel-0-178.xyz/namibia_taro-01-09-2026/seo-cartel-namibia_taro-2972-12/
seomiro.shop,0.0,NAP consistency cleanup for bloggers from alphonsomango.in: flexible order sizes plus screenshots and live links rather than a bare spreadsheet,https://seomiro.shop/4hpqf1m-15-mistakes-ecommerce-brands-make-buying-crawl/
bookmarkinglog.com,32.0,https://alphonsomango.in/products/ratnagiri-alphonso-mango,https://bookmarkinglog.com/story19055338/ratnagiri-alphonso-mango-the-pride-of-konkan
advanced-services-for-crawl-budget-and-niche-edit.store,48.0,"Back when I first launched alphonsomango.in, I felt lost in the digital world without much strategy for SEO. After trying multiple services that didn't deliver, SEOExpress.org caught my attention. Their affordable approach helped elevate my DA from 12 to an impressive 35 in three months! My inbox is now flooding with inquiries—it's been life-changing! Give them a try if you want results like ...",https://advanced-services-for-crawl-budget-and-niche-edit.store/i-remember-when-my-local-business-had-zero-online-exposure-and-i-couldnt-afford-big-agencies-seoexpress-offered-budget-friendly-seo-and-in-six-weeks-my-daily-visits-increased-by-280-percent-with-top
linkzaro.shop,0.0,NAP consistency cleanup for bloggers from alphonsomango.in: flexible order sizes plus screenshots and live links rather than a bare spreadsheet,https://linkzaro.shop/4hpqf1m-15-mistakes-ecommerce-brands-make-buying-crawl/
easylinkpro.shop,0.0,NAP consistency cleanup for bloggers from alphonsomango.in: flexible order sizes plus screenshots and live links rather than a bare spreadsheet,https://easylinkpro.shop/4hpqf1m-15-mistakes-ecommerce-brands-make-buying-crawl/
cleanlinkpro.shop,0.0,NAP consistency cleanup for bloggers from alphonsomango.in: flexible order sizes plus screenshots and live links rather than a bare spreadsheet,https://cleanlinkpro.shop/4hpqf1m-15-mistakes-ecommerce-brands-make-buying-crawl/
solidranklab.shop,0.0,NAP consistency cleanup for bloggers from alphonsomango.in: flexible order sizes plus screenshots and live links rather than a bare spreadsheet,https://solidranklab.shop/4hpqf1m-15-mistakes-ecommerce-brands-make-buying-crawl/
toplinkranker.shop,52.0,Real Niche Guest Posting + Dofollow Backlink Building for alphonsomango.in — Skyrocket Ahrefs Domain Rating DR • Moz Domain Authority DA • Majestic Trust Flow TF Certified Up — Google Authority Dominance,https://toplinkranker.shop/mlsto9i-dr5-to-dr45-120-days-link-building-strategy-domain-rating-10x-traffic/
link-building-contextual-link-and-anchor-text-network.store,48.0,"Back when I first launched alphonsomango.in, I felt lost in the digital world without much strategy for SEO. After trying multiple services that didn't deliver, SEOExpress.org caught my attention. Their affordable approach helped elevate my DA from 12 to an impressive 35 in three months! My inbox is now flooding with inquiries—it's been life-changing! Give them a try if you want results like ...",https://link-building-contextual-link-and-anchor-text-network.store/i-remember-when-my-local-business-had-zero-online-exposure-and-i-couldnt-afford-big-agencies-seoexpress-offered-budget-friendly-seo-and-in-six-weeks-my-daily-visits-increased-by-280-percent-with-top
social4geek.com,32.0,https://alphonsomango.in/products/devgad-alphonso-mango,https://social4geek.com/story4633629/buy-devgad-alphonso-mangoes-sweet-and-juicy-devgad-hapus-mangoes-online
brightseohub.shop,30.0,"Every affiliate marketers reaches the same wall eventually: more clients than capacity. alphonsomango.in covers forum links, YouTube SEO and on-page SEO behind the scenes across Southeast Asia, with reseller pricing. The full workflow runs through manual placement review, index-status confirmation, and a rollback plan if metrics dip.",https://brightseohub.shop/0czuxt4-what-33-campaigns-built-podcast-links-across-enterprises-taught/
linkrank.shop,0.7,"For alphonsomango.in, we deliver premium guest posts, contextual backlinks, on-page and local SEO, conversion-focused web development, SaaS tools and automation tools — real DR/DA/TF improvement for local or global targets.",https://linkrank.shop/9mtqfzj-page5-to-industry-leading-serp-ecommerce-120-day-strategy-only-traffic-services/
seoxaro.shop,0.0,NAP consistency cleanup for bloggers from alphonsomango.in: flexible order sizes plus screenshots and live links rather than a bare spreadsheet,https://seoxaro.shop/4hpqf1m-15-mistakes-ecommerce-brands-make-buying-crawl/
nivira.shop,0.2,High Quality Dofollow Backlinks DA 50 PA 40 Premium PBN Network Service alphonsomango.in Rank First Page Google Fast SEO Link Building Buy Backlinks Online Cheap,https://nivira.shop/referring-domains/powerful-guest-post-service-designed-to-improve-da-dr-and-tf-secure-first-page-positions-for-long-term-seo-results-5ca295.html
seowares.shop,0.7,"Take alphonsomango.in to page one with guest posts, backlinks, on-page and local SEO, web development, SaaS tools and workflow automation tools — balanced DR/DA/TF growth for any business size.",https://seowares.shop/qti013f-page1-rankings-blueprint-local-business-rank-using-authority-link-packages-dofollow-backlinks/
saigonceramicjapan.com,23.0,cashew salted,https://www.saigonceramicjapan.com/the-health-benefits-of-nuts/
social-medialink.com,29.0,https://alphonsomango.in/products/devgad-alphonso-mango,https://social-medialink.com/story4111815/devgad-alphonso-mangoes-the-best-devgad-hapus-mangoes-from-maharashtra
boldlinkpro.shop,0.0,NAP consistency cleanup for bloggers from alphonsomango.in: flexible order sizes plus screenshots and live links rather than a bare spreadsheet,https://boldlinkpro.shop/4hpqf1m-15-mistakes-ecommerce-brands-make-buying-crawl/
smart-seoexpress-webpage-experts.store,48.0,"Back when I first launched alphonsomango.in, I felt lost in the digital world without much strategy for SEO. After trying multiple services that didn't deliver, SEOExpress.org caught my attention. Their affordable approach helped elevate my DA from 12 to an impressive 35 in three months! My inbox is now flooding with inquiries—it's been life-changing! Give them a try if you want results like ...",https://smart-seoexpress-webpage-experts.store/i-remember-when-my-local-business-had-zero-online-exposure-and-i-couldnt-afford-big-agencies-seoexpress-offered-budget-friendly-seo-and-in-six-weeks-my-daily-visits-increased-by-280-percent-with-top
rankchest.shop,0.7,"Take alphonsomango.in to page one with guest posts, backlinks, on-page and local SEO, web development, SaaS tools and workflow automation tools — balanced DR/DA/TF growth for any business size.",https://rankchest.shop/qti013f-page1-rankings-blueprint-local-business-rank-using-authority-link-packages-dofollow-backlinks/
digitalboost.site,6.0,alphonsomango.in,https://digitalboost.site/bdxj-get-ranking-on-1st-page-with-us
bhs-links-r246.xyz,0.0,TG @BHS_LINKS - BEST SEO LINKS - https://telegram.me/bhs_links,https://bhs-links-r246.xyz/usa_farm_2-01-09-2026/bhs-links-usa_farm_2-2952-11/
content-marketing-search-rank-and-search-rank-syndicate.store,48.0,"Back when I first launched alphonsomango.in, I felt lost in the digital world without much strategy for SEO. After trying multiple services that didn't deliver, SEOExpress.org caught my attention. Their affordable approach helped elevate my DA from 12 to an impressive 35 in three months! My inbox is now flooding with inquiries—it's been life-changing! Give them a try if you want results like ...",https://content-marketing-search-rank-and-search-rank-syndicate.store/i-remember-when-my-local-business-had-zero-online-exposure-and-i-couldnt-afford-big-agencies-seoexpress-offered-budget-friendly-seo-and-in-six-weeks-my-daily-visits-increased-by-280-percent-with-top
11764002.xyz,44.0,"Back when I first launched alphonsomango.in, I felt lost in the digital world without much strategy for SEO. After trying multiple services that didn't deliver, SEOExpress.org caught my attention. Their affordable approach helped elevate my DA from 12 to an impressive 35 in three months! My inbox is now flooding with inquiries—it's been life-changing! Give them a try if you want results like ...",https://11764002.xyz/i-remember-when-my-local-business-had-zero-online-exposure-and-i-couldnt-afford-big-agencies-seoexpress-offered-budget-friendly-seo-and-in-six-weeks-my-daily-visits-increased-by-280-percent-with-top
sportskr.com,51.0,cashew salted,https://www.sportskr.com/an-interesting-way-to-enjoy-fruit-and-nut-chocolate/
37486413.xyz,46.0,"Back when I first launched alphonsomango.in, I felt lost in the digital world without much strategy for SEO. After trying multiple services that didn't deliver, SEOExpress.org caught my attention. Their affordable approach helped elevate my DA from 12 to an impressive 35 in three months! My inbox is now flooding with inquiries—it's been life-changing! Give them a try if you want results like ...",https://37486413.xyz/i-remember-when-my-local-business-had-zero-online-exposure-and-i-couldnt-afford-big-agencies-seoexpress-offered-budget-friendly-seo-and-in-six-weeks-my-daily-visits-increased-by-280-percent-with-top
advanced-traffic-surge-and-keyword-rank-bureau.store,48.0,"Back when I first launched alphonsomango.in, I felt lost in the digital world without much strategy for SEO. After trying multiple services that didn't deliver, SEOExpress.org caught my attention. Their affordable approach helped elevate my DA from 12 to an impressive 35 in three months! My inbox is now flooding with inquiries—it's been life-changing! Give them a try if you want results like ...",https://advanced-traffic-surge-and-keyword-rank-bureau.store/i-remember-when-my-local-business-had-zero-online-exposure-and-i-couldnt-afford-big-agencies-seoexpress-offered-budget-friendly-seo-and-in-six-weeks-my-daily-visits-increased-by-280-percent-with-top
rankdepot.shop,0.7,"Take alphonsomango.in to page one with guest posts, backlinks, on-page and local SEO, web development, SaaS tools and workflow automation tools — balanced DR/DA/TF growth for any business size.",https://rankdepot.shop/qti013f-page1-rankings-blueprint-local-business-rank-using-authority-link-packages-dofollow-backlinks/
serpxaro.shop,0.0,NAP consistency cleanup for bloggers from alphonsomango.in: flexible order sizes plus screenshots and live links rather than a bare spreadsheet,https://serpxaro.shop/4hpqf1m-15-mistakes-ecommerce-brands-make-buying-crawl/
serpnaro.shop,0.0,NAP consistency cleanup for bloggers from alphonsomango.in: flexible order sizes plus screenshots and live links rather than a bare spreadsheet,https://serpnaro.shop/4hpqf1m-15-mistakes-ecommerce-brands-make-buying-crawl/
hapusmangoesnearme019.win-blog.com,47.0,Ratnagiri Alphonso Mango Order Online,https://hapusmangoesnearme019.win-blog.com/13714523/ratnagiri-alphonso-mango-the-best-mango-variety-order-online-today
nitinenterprises.shop,18.0,High Quality Dofollow Backlinks DA 50 PA 40 Premium PBN Network Service alphonsomango.in Rank First Page Google Fast SEO Link Building Buy Backlinks Online Cheap,http://nitinenterprises.shop/all/217/25.html
pr8bookmarks.com,33.0,https://alphonsomango.in/products/devgad-alphonso-mango,https://pr8bookmarks.com/story19137576/devgad-alphonso-mangoes-the-best-devgad-hapus-mangoes-from-maharashtra
37486270.xyz,46.0,"Back when I first launched alphonsomango.in, I felt lost in the digital world without much strategy for SEO. After trying multiple services that didn't deliver, SEOExpress.org caught my attention. Their affordable approach helped elevate my DA from 12 to an impressive 35 in three months! My inbox is now flooding with inquiries—it's been life-changing! Give them a try if you want results like ...",https://37486270.xyz/i-remember-when-my-local-business-had-zero-online-exposure-and-i-couldnt-afford-big-agencies-seoexpress-offered-budget-friendly-seo-and-in-six-weeks-my-daily-visits-increased-by-280-percent-with-top
linkmexa.shop,30.0,NAP consistency cleanup for bloggers from alphonsomango.in: flexible order sizes plus screenshots and live links rather than a bare spreadsheet,https://linkmexa.shop/4hpqf1m-15-mistakes-ecommerce-brands-make-buying-crawl/
seoprime.shop,0.7,"Take alphonsomango.in to page one with guest posts, backlinks, on-page and local SEO, web development, SaaS tools and workflow automation tools — balanced DR/DA/TF growth for any business size.",https://seoprime.shop/qti013f-page1-rankings-blueprint-local-business-rank-using-authority-link-packages-dofollow-backlinks/
37486279.xyz,46.0,"Back when I first launched alphonsomango.in, I felt lost in the digital world without much strategy for SEO. After trying multiple services that didn't deliver, SEOExpress.org caught my attention. Their affordable approach helped elevate my DA from 12 to an impressive 35 in three months! My inbox is now flooding with inquiries—it's been life-changing! Give them a try if you want results like ...",https://37486279.xyz/i-remember-when-my-local-business-had-zero-online-exposure-and-i-couldnt-afford-big-agencies-seoexpress-offered-budget-friendly-seo-and-in-six-weeks-my-daily-visits-increased-by-280-percent-with-top
canadapsilocybin.com,0.0,High Quality Dofollow Backlinks DA 50 PA 40 Premium PBN Network Service alphonsomango.in Rank First Page Google Fast SEO Link Building Buy Backlinks Online Cheap,https://canadapsilocybin.com/all/217/25.html
rankgrowthinsights.shop,0.1,"Grow alphonsomango.in with high-quality backlinks, guest posts, on-page and local SEO, custom web development, SaaS tools and automation tools — a noticeable DR/DA/TF rise in competitive markets. Every delivery follows a structured plan for content relevance, link diversity, authority checks, traffic measurement, and ongoing optimization. · Rank Growth Insights — Research, guidance and ...",https://rankgrowthinsights.shop/2a4fcb08e-anchor-text-strategy-homepage-links-legal-exact-branded-generic-safely-measurable-results-blueprint-authority-traffic-and-conversions-for-lasting-ranking-improvements/
seogrowthengine.shop,0.1,"Take alphonsomango.in to page one with contextual backlinks, premium guest posts, on-page SEO, local SEO, custom web development, SaaS tools plus automation tools — higher DR/DA/TF across the board with editorial standards. Every delivery follows a structured plan for content relevance, link diversity, authority checks, traffic measurement, and ongoing optimization. · SEO Growth Engine — A ...",https://seogrowthengine.shop/81aa78f28-60-day-dofollow-backlinks-journey-medical-dr5-to-dr40-long-term-seo-method-authority-traffic-and-conversions-for-lasting-ranking-improvements/
best-quality-alphonso-ma305076.wikiannouncing.com,48.0,Ratnagiri Alphonso Mango,https://best-quality-alphonso-ma305076.wikiannouncing.com/
onlyhealthydeals.com,34.0,High Quality Dofollow Backlinks DA 50 PA 40 Premium PBN Network Service alphonsomango.in Rank First Page Google Fast SEO Link Building Buy Backlinks Online Cheap,https://onlyhealthydeals.com/all/217/17.html
premium-seoexpress-outreach-provider.store,48.0,"Back when I first launched alphonsomango.in, I felt lost in the digital world without much strategy for SEO. After trying multiple services that didn't deliver, SEOExpress.org caught my attention. Their affordable approach helped elevate my DA from 12 to an impressive 35 in three months! My inbox is now flooding with inquiries—it's been life-changing! Give them a try if you want results like ...",https://premium-seoexpress-outreach-provider.store/i-remember-when-my-local-business-had-zero-online-exposure-and-i-couldnt-afford-big-agencies-seoexpress-offered-budget-friendly-seo-and-in-six-weeks-my-daily-visits-increased-by-280-percent-with-top
primenewsartical.com,0.1,High Quality Dofollow Backlinks DA 50 PA 40 Premium PBN Network Service alphonsomango.in Rank First Page Google Fast SEO Link Building Buy Backlinks Online Cheap,https://www.primenewsartical.com/all/217/25.html
ultimate-depot-for-search-rank-and-content-marketing.store,48.0,"Back when I first launched alphonsomango.in, I felt lost in the digital world without much strategy for SEO. After trying multiple services that didn't deliver, SEOExpress.org caught my attention. Their affordable approach helped elevate my DA from 12 to an impressive 35 in three months! My inbox is now flooding with inquiries—it's been life-changing! Give them a try if you want results like ...",https://ultimate-depot-for-search-rank-and-content-marketing.store/i-remember-when-my-local-business-had-zero-online-exposure-and-i-couldnt-afford-big-agencies-seoexpress-offered-budget-friendly-seo-and-in-six-weeks-my-daily-visits-increased-by-280-percent-with-top
bhs-links-r259.xyz,0.0,TG @BHS_LINKS - BEST SEO LINKS - https://telegram.me/bhs_links,https://bhs-links-r259.xyz/usa_farm_2-01-09-2026/bhs-links-usa_farm_2-2952-11/
stronglinkpro.shop,0.0,NAP consistency cleanup for bloggers from alphonsomango.in: flexible order sizes plus screenshots and live links rather than a bare spreadsheet,https://stronglinkpro.shop/4hpqf1m-15-mistakes-ecommerce-brands-make-buying-crawl/
mytestingbro.triple9express.com,3.6,"TELEGRAM @SEO_LINKK_ORDER – SEO BACKLINKS, HOMEPAGE LINKS, CROSSLINKS",http://mytestingbro.triple9express.com/index.php/2026/03/04/telegram-seo-linkk-order-seo-backlinks-homepage-4-18/
linkcollective.shop,34.0,"Scale alphonsomango.in with premium guest posts, contextual backlinks, on-page and local SEO, conversion-focused web development, SaaS tools and automation tools, earning sustained DR/DA/TF uplift with editorial standards. The complete process includes website review, competitor benchmarking, anchor-risk control, placement validation, and practical growth recommendations. · Link Collective — An ...",https://linkcollective.shop/1022d546e-blogroll-links-vs-dr-boost-services-fintech-cost-speed-quality-ranking-outcomes-long-term-seo-method-planning-testing-and-tracking-for-better-google-positions/
uncledspizza.com,2.0,High Quality Dofollow Backlinks DA 50 PA 40 Premium PBN Network Service alphonsomango.in Rank First Page Google Fast SEO Link Building Buy Backlinks Online Cheap,https://uncledspizza.com/search-authority-index/high-quality-guest-post-service-to-raise-domain-rating-secure-first-page-positions-for-long-term-seo-results-175e6e.html
wunderboxevents.com,2.7,"TELEGRAM @LINKS_BUILD – SEO BACKLINKS, MASS BACKLINKING, HOMEPAGE LINKS",https://wunderboxevents.com/2026/04/19/telegram-links-build-seo-backlinks-mass-3-2/
linkpicks.shop,0.7,"Power up alphonsomango.in: guest posts, backlinks, on-page and local SEO, web development, SaaS tools and workflow automation tools for compounding DR/DA/TF with full transparency.",https://linkpicks.shop/jusqjj9-60-day-saas-tools-case-study-ecommerce-placements-anchors-rankings/
seoexpress-content-experts.store,48.0,"Back when I first launched alphonsomango.in, I felt lost in the digital world without much strategy for SEO. After trying multiple services that didn't deliver, SEOExpress.org caught my attention. Their affordable approach helped elevate my DA from 12 to an impressive 35 in three months! My inbox is now flooding with inquiries—it's been life-changing! Give them a try if you want results like ...",https://seoexpress-content-experts.store/i-remember-when-my-local-business-had-zero-online-exposure-and-i-couldnt-afford-big-agencies-seoexpress-offered-budget-friendly-seo-and-in-six-weeks-my-daily-visits-increased-by-280-percent-with-top
rankqira.shop,0.0,NAP consistency cleanup for bloggers from alphonsomango.in: flexible order sizes plus screenshots and live links rather than a bare spreadsheet,https://rankqira.shop/4hpqf1m-15-mistakes-ecommerce-brands-make-buying-crawl/
localranking.site,5.0,alphonsomango.in,https://localranking.site/bvnj-get-ranking-on-1st-page-with-us
best-keyword-seoexpress-portal.store,48.0,"Back when I first launched alphonsomango.in, I felt lost in the digital world without much strategy for SEO. After trying multiple services that didn't deliver, SEOExpress.org caught my attention. Their affordable approach helped elevate my DA from 12 to an impressive 35 in three months! My inbox is now flooding with inquiries—it's been life-changing! Give them a try if you want results like ...",https://best-keyword-seoexpress-portal.store/i-remember-when-my-local-business-had-zero-online-exposure-and-i-couldnt-afford-big-agencies-seoexpress-offered-budget-friendly-seo-and-in-six-weeks-my-daily-visits-increased-by-280-percent-with-top
trandangxuan.net,37.0,Kesar,https://trandangxuan.net/saffron-extract-review-does-it-really-work-for-weight-loss/
troyoboz59269.blogsmine.com,43.0,Alphonso Mango,https://troyoboz59269.blogsmine.com/36690900/uncover-the-loaded-flavor-of-kesar-mango-acquire-kesar-mango-on-line-in-india
eliteseo.site,5.0,alphonsomango.in,https://eliteseo.site/cilv-get-ranking-on-1st-page-with-us
seoexpress-digital-system.store,48.0,"Back when I first launched alphonsomango.in, I felt lost in the digital world without much strategy for SEO. After trying multiple services that didn't deliver, SEOExpress.org caught my attention. Their affordable approach helped elevate my DA from 12 to an impressive 35 in three months! My inbox is now flooding with inquiries—it's been life-changing! Give them a try if you want results like ...",https://seoexpress-digital-system.store/i-remember-when-my-local-business-had-zero-online-exposure-and-i-couldnt-afford-big-agencies-seoexpress-offered-budget-friendly-seo-and-in-six-weeks-my-daily-visits-increased-by-280-percent-with-top
happynew.day,0.0,www.alphonsomango.in/,https://happynew.day/vendor/alphonso-mango/
trevorwvmx70346.thenerdsblog.com,48.0,Alphonso Mango,https://trevorwvmx70346.thenerdsblog.com/39219141/the-golden-treasure-of-the-fruit-kingdom-ratnagiri-alphonso-mango
robuta.com,7.0,Buy Ratnagiri Alphonso Mangoes Online | Hapus Mango – AlphonsoMango.in,https://robuta.com/?q=mangoes
linklora.shop,30.0,NAP consistency cleanup for bloggers from alphonsomango.in: flexible order sizes plus screenshots and live links rather than a bare spreadsheet,https://linklora.shop/4hpqf1m-15-mistakes-ecommerce-brands-make-buying-crawl/
global-backlink-pro-and-click-through-systems.store,48.0,"Back when I first launched alphonsomango.in, I felt lost in the digital world without much strategy for SEO. After trying multiple services that didn't deliver, SEOExpress.org caught my attention. Their affordable approach helped elevate my DA from 12 to an impressive 35 in three months! My inbox is now flooding with inquiries—it's been life-changing! Give them a try if you want results like ...",https://global-backlink-pro-and-click-through-systems.store/i-remember-when-my-local-business-had-zero-online-exposure-and-i-couldnt-afford-big-agencies-seoexpress-offered-budget-friendly-seo-and-in-six-weeks-my-daily-visits-increased-by-280-percent-with-top
quickseolink.shop,0.0,NAP consistency cleanup for bloggers from alphonsomango.in: flexible order sizes plus screenshots and live links rather than a bare spreadsheet,https://quickseolink.shop/4hpqf1m-15-mistakes-ecommerce-brands-make-buying-crawl/
macrobookmarks.com,33.0,https://alphonsomango.in/products/ratnagiri-alphonso-mango,https://macrobookmarks.com/story19197308/buy-ratnagiri-alphonso-mango-premium-hapus-mangoes-from-maharashtra
expert-organic-seoexpress.store,48.0,"Back when I first launched alphonsomango.in, I felt lost in the digital world without much strategy for SEO. After trying multiple services that didn't deliver, SEOExpress.org caught my attention. Their affordable approach helped elevate my DA from 12 to an impressive 35 in three months! My inbox is now flooding with inquiries—it's been life-changing! Give them a try if you want results like ...",https://expert-organic-seoexpress.store/i-remember-when-my-local-business-had-zero-online-exposure-and-i-couldnt-afford-big-agencies-seoexpress-offered-budget-friendly-seo-and-in-six-weeks-my-daily-visits-increased-by-280-percent-with-top
outrank-hq-ultimate-ranking.store,48.0,"Back when I first launched alphonsomango.in, I felt lost in the digital world without much strategy for SEO. After trying multiple services that didn't deliver, SEOExpress.org caught my attention. Their affordable approach helped elevate my DA from 12 to an impressive 35 in three months! My inbox is now flooding with inquiries—it's been life-changing! Give them a try if you want results like ...",https://outrank-hq-ultimate-ranking.store/i-remember-when-my-local-business-had-zero-online-exposure-and-i-couldnt-afford-big-agencies-seoexpress-offered-budget-friendly-seo-and-in-six-weeks-my-daily-visits-increased-by-280-percent-with-top
toprankalliance.shop,0.1,"For alphonsomango.in, we deliver high-quality backlinks, guest posts, on-page and local SEO, custom web development, SaaS tools and automation tools — a measurable DR/DA/TF boost with full transparency. We strengthen the campaign with keyword mapping, source diversification, placement audits, performance benchmarks, and straightforward reporting. · Top Rank Alliance — A strategic professional ...",https://toprankalliance.shop/6e8567b27-homepage-links-vs-crowd-links-healthcare-which-moves-rankings-faster-holds-longer-long-term-seo-method-budget-links-and-content-for-consistent-traffic-growth/
rankdeals.shop,0.8,"Take alphonsomango.in to page one with guest posts, backlinks, on-page and local SEO, web development, SaaS tools and workflow automation tools — balanced DR/DA/TF growth for any business size.",https://rankdeals.shop/qti013f-page1-rankings-blueprint-local-business-rank-using-authority-link-packages-dofollow-backlinks/
googleseocraft.shop,0.1,"Everything alphonsomango.in needs: high-DR backlinks, editorial guest posts, on-page SEO, local SEO, web development, SaaS tools and automation tools — durable DR/DA/TF gains across any niche. The service also includes technical review, content alignment, backlink-quality screening, conversion considerations, and transparent milestone reporting. · Google SEO Craft — Specialist planning and ...",https://googleseocraft.shop/705c1f932-45-day-serp-climb-mortgage-combined-high-da-guest-posts-saas-tools-position1-step-by-step-strategy-tools-tactics-and-insights-for-scalable-seo-performance/
seozira.shop,0.0,NAP consistency cleanup for bloggers from alphonsomango.in: flexible order sizes plus screenshots and live links rather than a bare spreadsheet,https://seozira.shop/4hpqf1m-15-mistakes-ecommerce-brands-make-buying-crawl/
damienmlgp71368.bloggerbags.com,51.0,Alphonso mango Online,https://damienmlgp71368.bloggerbags.com/38739365/alphonso-mango-the-reigning-king-of-mangoes-readily-available-on-line
paramount-collective-outrank-hq-dr-90.store,48.0,"Back when I first launched alphonsomango.in, I felt lost in the digital world without much strategy for SEO. After trying multiple services that didn't deliver, SEOExpress.org caught my attention. Their affordable approach helped elevate my DA from 12 to an impressive 35 in three months! My inbox is now flooding with inquiries—it's been life-changing! Give them a try if you want results like ...",https://paramount-collective-outrank-hq-dr-90.store/i-remember-when-my-local-business-had-zero-online-exposure-and-i-couldnt-afford-big-agencies-seoexpress-offered-budget-friendly-seo-and-in-six-weeks-my-daily-visits-increased-by-280-percent-with-top
bookmarkingdelta.com,33.0,https://alphonsomango.in/products/alphonso-mango-order-online,https://bookmarkingdelta.com/story19017512/order-alphonso-mango-online-enjoy-the-sweetness-of-hapus-mango-at-your-doorstep
highseoranking.shop,48.0,"Back when I first launched alphonsomango.in, I felt lost in the digital world without much strategy for SEO. After trying multiple services that didn't deliver, SEOExpress.org caught my attention. Their affordable approach helped elevate my DA from 12 to an impressive 35 in three months! My inbox is now flooding with inquiries—it's been life-changing! Give them a try if you want results like ...",https://highseoranking.shop/i-remember-when-my-local-business-had-zero-online-exposure-and-i-couldnt-afford-big-agencies-seoexpress-offered-budget-friendly-seo-and-in-six-weeks-my-daily-visits-increased-by-280-percent-with-top
premiumseolinks.shop,52.0,Elevate alphonsomango.in Index Power: Targeted Guest Posts + High-DA Dofollow Backlinks boosting Improve Ahrefs Domain Rating DR | Moz Domain Authority DA | Majestic Trust Flow TF — All Industries • All Languages • Global Markets,https://premiumseolinks.shop/z0hbxha-pbn-backlinks-authority-metrics-private-blog-networks-realistically-expect/
linkseoauthority.shop,0.1,"Take alphonsomango.in to page one with high-DR backlinks, editorial guest posts, on-page SEO, local SEO, web development, SaaS tools and automation tools — real DR/DA/TF improvement across all markets. We strengthen the campaign with keyword mapping, source diversification, placement audits, performance benchmarks, and straightforward reporting. · Link SEO Authority — An authority-focused ...",https://linkseoauthority.shop/3dd9a7aeb-dr-boost-services-vs-contextual-backlinks-pharmaceutical-which-moves-rankings-faster-holds-longer-advanced-growth-framework-cost-timeline-and-results-for-competitive-serp-results/
thehighrankseo.shop,48.0,"Back when I first launched alphonsomango.in, I felt lost in the digital world without much strategy for SEO. After trying multiple services that didn't deliver, SEOExpress.org caught my attention. Their affordable approach helped elevate my DA from 12 to an impressive 35 in three months! My inbox is now flooding with inquiries—it's been life-changing! Give them a try if you want results like ...",https://thehighrankseo.shop/i-remember-when-my-local-business-had-zero-online-exposure-and-i-couldnt-afford-big-agencies-seoexpress-offered-budget-friendly-seo-and-in-six-weeks-my-daily-visits-increased-by-280-percent-with-top
authentic-tier-1-partners-seoexpress.store,48.0,"Back when I first launched alphonsomango.in, I felt lost in the digital world without much strategy for SEO. After trying multiple services that didn't deliver, SEOExpress.org caught my attention. Their affordable approach helped elevate my DA from 12 to an impressive 35 in three months! My inbox is now flooding with inquiries—it's been life-changing! Give them a try if you want results like ...",https://authentic-tier-1-partners-seoexpress.store/i-remember-when-my-local-business-had-zero-online-exposure-and-i-couldnt-afford-big-agencies-seoexpress-offered-budget-friendly-seo-and-in-six-weeks-my-daily-visits-increased-by-280-percent-with-top
escapethefog.com,10.0,kesar,https://escapethefog.com/kesar-how-it-can-help-you-stay-young-and-vital/
topranking.shop,5.0,alphonsomango.in,https://topranking.shop/arpm-get-ranking-on-1st-page-with-us
proven-serp-boost-and-outreach-pro-services.store,48.0,"Back when I first launched alphonsomango.in, I felt lost in the digital world without much strategy for SEO. After trying multiple services that didn't deliver, SEOExpress.org caught my attention. Their affordable approach helped elevate my DA from 12 to an impressive 35 in three months! My inbox is now flooding with inquiries—it's been life-changing! Give them a try if you want results like ...",https://proven-serp-boost-and-outreach-pro-services.store/i-remember-when-my-local-business-had-zero-online-exposure-and-i-couldnt-afford-big-agencies-seoexpress-offered-budget-friendly-seo-and-in-six-weeks-my-daily-visits-increased-by-280-percent-with-top
seodepot.shop,0.7,"Take alphonsomango.in to page one with guest posts, backlinks, on-page and local SEO, web development, SaaS tools and workflow automation tools — balanced DR/DA/TF growth for any business size.",https://seodepot.shop/qti013f-page1-rankings-blueprint-local-business-rank-using-authority-link-packages-dofollow-backlinks/
11763858.xyz,44.0,"Back when I first launched alphonsomango.in, I felt lost in the digital world without much strategy for SEO. After trying multiple services that didn't deliver, SEOExpress.org caught my attention. Their affordable approach helped elevate my DA from 12 to an impressive 35 in three months! My inbox is now flooding with inquiries—it's been life-changing! Give them a try if you want results like ...",https://11763858.xyz/i-remember-when-my-local-business-had-zero-online-exposure-and-i-couldnt-afford-big-agencies-seoexpress-offered-budget-friendly-seo-and-in-six-weeks-my-daily-visits-increased-by-280-percent-with-top
linkloot.shop,0.7,"Take alphonsomango.in to page one with premium guest posts, contextual backlinks, on-page and local SEO, conversion-focused web development, SaaS tools and automation tools — higher DR/DA/TF across the board tailored to your vertical.",https://linkloot.shop/5s0i1oi-traffic-services-helped-insurance-site-took-every-keyword-page1-complete-case-study-data/
redhotbookmarks.com,29.0,https://alphonsomango.in/products/ratnagiri-alphonso-mango,https://redhotbookmarks.com/story19011678/buy-ratnagiri-alphonso-mango-premium-hapus-mangoes-from-maharashtra
37486373.xyz,46.0,"Back when I first launched alphonsomango.in, I felt lost in the digital world without much strategy for SEO. After trying multiple services that didn't deliver, SEOExpress.org caught my attention. Their affordable approach helped elevate my DA from 12 to an impressive 35 in three months! My inbox is now flooding with inquiries—it's been life-changing! Give them a try if you want results like ...",https://37486373.xyz/i-remember-when-my-local-business-had-zero-online-exposure-and-i-couldnt-afford-big-agencies-seoexpress-offered-budget-friendly-seo-and-in-six-weeks-my-daily-visits-increased-by-280-percent-with-top
indexxaro.shop,0.0,NAP consistency cleanup for bloggers from alphonsomango.in: flexible order sizes plus screenshots and live links rather than a bare spreadsheet,https://indexxaro.shop/4hpqf1m-15-mistakes-ecommerce-brands-make-buying-crawl/
indexnaro.shop,0.0,NAP consistency cleanup for bloggers from alphonsomango.in: flexible order sizes plus screenshots and live links rather than a bare spreadsheet,https://indexnaro.shop/4hpqf1m-15-mistakes-ecommerce-brands-make-buying-crawl/
zanelerz68023.blazingblog.com,44.0,Alphonso Mango,https://zanelerz68023.blazingblog.com/33493192/the-ultimate-fruit-royalty-ratnagiri-alphonso-mango
bookmarks4seo.com,31.0,https://alphonsomango.in/products/devgad-alphonso-mango,https://bookmarks4seo.com/story19046020/devgad-alphonso-mangoes-the-best-devgad-hapus-mangoes-from-maharashtra
organicrankdirect.shop,34.0,"Strengthen alphonsomango.in through contextual backlinks, premium guest posts, on-page SEO, local SEO, custom web development, SaaS tools plus automation tools for reliable DR/DA/TF progress tailored to your vertical. Each project is supported by careful prospect selection, manual quality checks, balanced link velocity, and measurable ranking analysis. · Organic Rank Direct — Direct managed ...",https://organicrankdirect.shop/92265ec6d-used-blogroll-links-cleaned-toxic-links-grew-40-percent-dental-site-month-by-month-progress-practical-execution-roadmap-cost-timeline-and-results-for-higher-search-visibility/
dynamic-cooperative-link-baron-saas-seo.store,48.0,"Back when I first launched alphonsomango.in, I felt lost in the digital world without much strategy for SEO. After trying multiple services that didn't deliver, SEOExpress.org caught my attention. Their affordable approach helped elevate my DA from 12 to an impressive 35 in three months! My inbox is now flooding with inquiries—it's been life-changing! Give them a try if you want results like ...",https://dynamic-cooperative-link-baron-saas-seo.store/i-remember-when-my-local-business-had-zero-online-exposure-and-i-couldnt-afford-big-agencies-seoexpress-offered-budget-friendly-seo-and-in-six-weeks-my-daily-visits-increased-by-280-percent-with-top
backlinkshop.site,49.0,"Power up alphonsomango.in: premium guest posts, contextual backlinks, on-page and local SEO, conversion-focused web development, SaaS tools and automation tools for stronger DR, DA and TF in any language.",https://backlinkshop.site/va1qt6b-dofollow-backlinks-helped-ecommerce-site-recovered-from-google-penalty-60-days-complete-case-study-data/
webrankprovider.shop,0.1,"Grow alphonsomango.in with guest posts and backlinks, on-page SEO, local SEO, web development, SaaS integrations and automation tools — a strong DR/DA/TF increase in competitive markets. The plan remains focused on natural relevance, credible sources, balanced optimization, measurable search gains, and sustainable long-term execution. · Web Rank Provider — A professional provider of website ...",https://webrankprovider.shop/a4ed23c06-used-link-insertions-rebuilt-dr-after-domain-migration-legal-site-month-by-month-progress-full-ranking-workflow-quality-checks-and-reporting-for-competitive-serp-results/
master-digital-studio-seoexpress.store,48.0,"Back when I first launched alphonsomango.in, I felt lost in the digital world without much strategy for SEO. After trying multiple services that didn't deliver, SEOExpress.org caught my attention. Their affordable approach helped elevate my DA from 12 to an impressive 35 in three months! My inbox is now flooding with inquiries—it's been life-changing! Give them a try if you want results like ...",https://master-digital-studio-seoexpress.store/i-remember-when-my-local-business-had-zero-online-exposure-and-i-couldnt-afford-big-agencies-seoexpress-offered-budget-friendly-seo-and-in-six-weeks-my-daily-visits-increased-by-280-percent-with-top
tutrabajovirtual.com,2.1,"TELEGRAM @SEO_LINKK_ORDER – SEO BACKLINKS, HOMEPAGE LINKS, CROSSLINKS",https://www.tutrabajovirtual.com/telegram-seo-linkk-order-seo-backlinks-homepage-4-17/
rankgrowthmasters.shop,34.0,"alphonsomango.in: backlinks and guest posts, on-page SEO, local SEO, custom web development, SaaS integrations and automation tools, all driving sustained DR/DA/TF uplift in competitive markets. The strategy also covers competitor research, natural anchor distribution, quality verification, and clear monthly performance reporting. · Rank Growth Masters — Experienced specialists in organic ...",https://rankgrowthmasters.shop/37d0ff1a7-page3-to-serp-domination-legal-30-day-strategy-only-guest-posts-long-term-seo-method-data-progress-and-outcomes-for-scalable-seo-performance/
brouky.tech,10.0,alphonsomango.in,https://brouky.tech/startups/Alphonso
expert-systems-for-traffic-surge-and-digital-pr.store,48.0,"Back when I first launched alphonsomango.in, I felt lost in the digital world without much strategy for SEO. After trying multiple services that didn't deliver, SEOExpress.org caught my attention. Their affordable approach helped elevate my DA from 12 to an impressive 35 in three months! My inbox is now flooding with inquiries—it's been life-changing! Give them a try if you want results like ...",https://expert-systems-for-traffic-surge-and-digital-pr.store/i-remember-when-my-local-business-had-zero-online-exposure-and-i-couldnt-afford-big-agencies-seoexpress-offered-budget-friendly-seo-and-in-six-weeks-my-daily-visits-increased-by-280-percent-with-top
nowbookmarks.com,30.0,https://alphonsomango.in/products/alphonso-mango-order-online,https://nowbookmarks.com/story19085145/buy-alphonso-mango-online-the-king-of-fruits-delivered-to-your-door
crawlvexa.shop,0.0,NAP consistency cleanup for bloggers from alphonsomango.in: flexible order sizes plus screenshots and live links rather than a bare spreadsheet,https://crawlvexa.shop/4hpqf1m-15-mistakes-ecommerce-brands-make-buying-crawl/
seoexpress-pbn-company.store,48.0,"Back when I first launched alphonsomango.in, I felt lost in the digital world without much strategy for SEO. After trying multiple services that didn't deliver, SEOExpress.org caught my attention. Their affordable approach helped elevate my DA from 12 to an impressive 35 in three months! My inbox is now flooding with inquiries—it's been life-changing! Give them a try if you want results like ...",https://seoexpress-pbn-company.store/i-remember-when-my-local-business-had-zero-online-exposure-and-i-couldnt-afford-big-agencies-seoexpress-offered-budget-friendly-seo-and-in-six-weeks-my-daily-visits-increased-by-280-percent-with-top
seolinktoolkit.shop,34.0,"Everything alphonsomango.in needs: guest posts and backlinks, on-page SEO, local SEO, web development, SaaS integrations and automation tools — DR/DA/TF that climbs steadily in any language. Every campaign includes niche-relevance checks, diversified anchor planning, placement review, and transparent progress tracking. · cd8121426",https://seolinktoolkit.shop/cd8121426-bought-link-insertions-local-business-site-90-day-review-metrics-rankings-traffic-full-ranking-workflow-authority-traffic-and-conversions-for-scalable-seo-performance/
seobookmarkpro.com,34.0,https://alphonsomango.in/products/devgad-alphonso-mango,https://seobookmarkpro.com/story19074506/buy-devgad-alphonso-mango-premium-hapus-mangoes-from-devgad
pageseosystems.shop,34.0,"Grow alphonsomango.in with guest posts, backlinks, on-page and local SEO, web development, SaaS tools and workflow automation tools — a measurable DR/DA/TF boost for every sector. The plan remains focused on natural relevance, credible sources, balanced optimization, measurable search gains, and sustainable long-term execution. · Page SEO Systems — Advanced systems designed for on-page ...",https://pageseosystems.shop/334caf4f0-120-day-blogroll-links-journey-law-firm-dr2-to-full-recovery-detailed-campaign-breakdown-tools-tactics-and-insights-for-better-google-positions/
serplivo.shop,0.0,NAP consistency cleanup for bloggers from alphonsomango.in: flexible order sizes plus screenshots and live links rather than a bare spreadsheet,https://serplivo.shop/4hpqf1m-15-mistakes-ecommerce-brands-make-buying-crawl/
seo-cartel-0-183.xyz,0.0,"'@SEO_CARTEL IN TELEGRAM - SEO BACKLINKS, BULK LINK POSTING, BOOST SEO RANKING",https://seo-cartel-0-183.xyz/namibia_taro-01-09-2026/seo-cartel-namibia_taro-2972-12/
hylocal.app,10.0,,https://hylocal.app/business/alphonso-mango-7f2908fc73b8
link-velocity-tier-one-and-editorial-link-consortium.store,48.0,"Back when I first launched alphonsomango.in, I felt lost in the digital world without much strategy for SEO. After trying multiple services that didn't deliver, SEOExpress.org caught my attention. Their affordable approach helped elevate my DA from 12 to an impressive 35 in three months! My inbox is now flooding with inquiries—it's been life-changing! Give them a try if you want results like ...",https://link-velocity-tier-one-and-editorial-link-consortium.store/i-remember-when-my-local-business-had-zero-online-exposure-and-i-couldnt-afford-big-agencies-seoexpress-offered-budget-friendly-seo-and-in-six-weeks-my-daily-visits-increased-by-280-percent-with-top
dub-taylor.com,52.0,saffron buy online,https://dub-taylor.com/easy-chicken-rice-recipe-healthy-arroz-con-pollo/
baigasciedil.vforums.co.uk,40.0,alphonso mango hyderabad,https://baigasciedil.vforums.co.uk/action/print/board/general/topic/5297
strongranklab.shop,0.0,NAP consistency cleanup for bloggers from alphonsomango.in: flexible order sizes plus screenshots and live links rather than a bare spreadsheet,https://strongranklab.shop/4hpqf1m-15-mistakes-ecommerce-brands-make-buying-crawl/
anchorviro.shop,30.0,NAP consistency cleanup for bloggers from alphonsomango.in: flexible order sizes plus screenshots and live links rather than a bare spreadsheet,https://anchorviro.shop/4hpqf1m-15-mistakes-ecommerce-brands-make-buying-crawl/
seo-cartel-0-179.xyz,0.0,"'@SEO_CARTEL IN TELEGRAM - SEO BACKLINKS, BULK LINK POSTING, BOOST SEO RANKING",https://seo-cartel-0-179.xyz/namibia_taro-01-09-2026/seo-cartel-namibia_taro-2972-8/
global-guest-post-seoexpress-group.store,48.0,"Back when I first launched alphonsomango.in, I felt lost in the digital world without much strategy for SEO. After trying multiple services that didn't deliver, SEOExpress.org caught my attention. Their affordable approach helped elevate my DA from 12 to an impressive 35 in three months! My inbox is now flooding with inquiries—it's been life-changing! Give them a try if you want results like ...",https://global-guest-post-seoexpress-group.store/i-remember-when-my-local-business-had-zero-online-exposure-and-i-couldnt-afford-big-agencies-seoexpress-offered-budget-friendly-seo-and-in-six-weeks-my-daily-visits-increased-by-280-percent-with-top
fuli288.com,52.0,Salted cashew,https://fuli288.com/going-nuts/
kingsburybrookfarm.com,15.0,Ratnagiri Alphonso Mango,https://kingsburybrookfarm.com/ratnagiri-alphonso-mango-the-best-tasting-mango-in-the-world/
trafficcrest.shop,0.0,NAP consistency cleanup for bloggers from alphonsomango.in: flexible order sizes plus screenshots and live links rather than a bare spreadsheet,https://trafficcrest.shop/4hpqf1m-15-mistakes-ecommerce-brands-make-buying-crawl/
qpg880.com,34.0,Cashew Nuts,https://qpg880.com/soak-your-nuts/
ariabookmarks.com,34.0,https://alphonsomango.in/products/alphonso-mango-order-online,https://ariabookmarks.com/story4766188/buy-alphonso-mango-online-best-quality-hapus-mango-at-your-doorstep
rowandypz69135.life3dblog.com,41.0,Ratnagiri Hapus Mango,https://rowandypz69135.life3dblog.com/32438065/the-royal-majesty-of-fruits-ratnagiri-alphonso-mango
37486172.xyz,46.0,"Back when I first launched alphonsomango.in, I felt lost in the digital world without much strategy for SEO. After trying multiple services that didn't deliver, SEOExpress.org caught my attention. Their affordable approach helped elevate my DA from 12 to an impressive 35 in three months! My inbox is now flooding with inquiries—it's been life-changing! Give them a try if you want results like ...",https://37486172.xyz/i-remember-when-my-local-business-had-zero-online-exposure-and-i-couldnt-afford-big-agencies-seoexpress-offered-budget-friendly-seo-and-in-six-weeks-my-daily-visits-increased-by-280-percent-with-top
editorial-link-link-building-and-organic-traffic-hub.store,48.0,"Back when I first launched alphonsomango.in, I felt lost in the digital world without much strategy for SEO. After trying multiple services that didn't deliver, SEOExpress.org caught my attention. Their affordable approach helped elevate my DA from 12 to an impressive 35 in three months! My inbox is now flooding with inquiries—it's been life-changing! Give them a try if you want results like ...",https://editorial-link-link-building-and-organic-traffic-hub.store/i-remember-when-my-local-business-had-zero-online-exposure-and-i-couldnt-afford-big-agencies-seoexpress-offered-budget-friendly-seo-and-in-six-weeks-my-daily-visits-increased-by-280-percent-with-top
bookmarkyourpage.com,30.0,https://alphonsomango.in/products/ratnagiri-alphonso-mango,https://bookmarkyourpage.com/story4457601/buy-premium-ratnagiri-alphonso-mangoes-the-best-hapus-mangoes-from-ratnagiri
rank-top.click,59.0,Enrich alphonsomango.in presence: niche guest posts + backlinks; DR/DA/TF climb — worldwide SERPs. | Visit buyseolink.com for any Query,https://rank-top.click/5u64-take-your-website-to-the-top-with-expert-seo/
searchrankgroup.shop,34.0,"Rank alphonsomango.in higher with high-quality backlinks, guest posts, on-page and local SEO, custom web development, SaaS tools and automation tools — balanced DR/DA/TF growth with editorial standards. Each campaign combines strategic research, safe anchor variation, editorial quality control, progress monitoring, and recommendations for the next stage. · Search Rank Group — A professional ...",https://searchrankgroup.shop/233695c12-6-month-serp-climb-finance-combined-guest-posts-saas-tools-position1-advanced-growth-framework-quality-checks-and-reporting-for-scalable-seo-performance/
rapidboosthub.shop,0.0,NAP consistency cleanup for bloggers from alphonsomango.in: flexible order sizes plus screenshots and live links rather than a bare spreadsheet,https://rapidboosthub.shop/4hpqf1m-15-mistakes-ecommerce-brands-make-buying-crawl/
boldseohub.shop,0.0,NAP consistency cleanup for bloggers from alphonsomango.in: flexible order sizes plus screenshots and live links rather than a bare spreadsheet,https://boldseohub.shop/4hpqf1m-15-mistakes-ecommerce-brands-make-buying-crawl/
naiad.pages.dev,93.0,alphonsomango.in,https://naiad.pages.dev/03/wakvbHlgmz
mylisthero.com,0.0,High Quality Dofollow Backlinks DA 50 PA 40 Premium PBN Network Service alphonsomango.in Rank First Page Google Fast SEO Link Building Buy Backlinks Online Cheap,https://mylisthero.com/tiered-link-archive/effective-pbn-backlinks-to-improve-citation-flow-outrank-your-competitors-for-long-term-seo-results-a8fe29.html
wildbookmarks.com,30.0,https://alphonsomango.in/products/ratnagiri-alphonso-mango,https://wildbookmarks.com/story19222981/buy-premium-ratnagiri-alphonso-mango-fresh-ratnagiri-hapus-mangoes-online
siterankexpress.shop,0.1,"Boost alphonsomango.in using guest posts, backlinks, on-page and local SEO, web development, SaaS tools and workflow automation tools for a healthier DR/DA/TF profile across all markets. The service also includes technical review, content alignment, backlink-quality screening, conversion considerations, and transparent milestone reporting. · Site Rank Express — Fast, focused services for ...",https://siterankexpress.shop/f760297df-tiered-link-building-vs-traffic-services-crypto-which-moves-rankings-faster-holds-longer-long-term-seo-method-planning-testing-and-tracking-for-better-google-positions/
sharpseolink.shop,0.0,NAP consistency cleanup for bloggers from alphonsomango.in: flexible order sizes plus screenshots and live links rather than a bare spreadsheet,https://sharpseolink.shop/4hpqf1m-15-mistakes-ecommerce-brands-make-buying-crawl/
003br.com,43.0,buy cashew nuts online,https://003br.com/author/localdomains/page/22/
dailymusings.top,37.0,alphonsomango.in,https://dailymusings.top/stats/57386
gunnerrwae58035.slypage.com,45.0,best kesar mango in india,https://gunnerrwae58035.slypage.com/37629109/get-kesar-mango-on-the-web-in-india-taste-the-king-of-fruits-at-your-doorstep
bhs-links-r242.xyz,0.0,TG @BHS_LINKS - BEST SEO LINKS - https://telegram.me/bhs_links,https://bhs-links-r242.xyz/usa_farm_2-01-09-2026/bhs-links-usa_farm_2-2952-11/
domainrankexpress.shop,34.0,"For alphonsomango.in, we deliver premium guest posts, high-quality backlinks, on-page SEO, local SEO, web development, SaaS tools and automation tools — balanced DR/DA/TF growth for any industry. Results are supported by relevant placements, sensible link velocity, documented checks, competitor comparisons, and clear evidence of progress. · Domain Rank Express — Fast, focused services for ...",https://domainrankexpress.shop/affb8ee9d-homepage-links-vs-blogroll-links-medical-which-moves-rankings-faster-holds-longer-proven-optimization-process-budget-links-and-content-for-higher-search-visibility/
blogsphere.top,41.0,alphonsomango.in,https://blogsphere.top/stats/57386
outrank-hq-engine-dofollow.store,48.0,"Back when I first launched alphonsomango.in, I felt lost in the digital world without much strategy for SEO. After trying multiple services that didn't deliver, SEOExpress.org caught my attention. Their affordable approach helped elevate my DA from 12 to an impressive 35 in three months! My inbox is now flooding with inquiries—it's been life-changing! Give them a try if you want results like ...",https://outrank-hq-engine-dofollow.store/i-remember-when-my-local-business-had-zero-online-exposure-and-i-couldnt-afford-big-agencies-seoexpress-offered-budget-friendly-seo-and-in-six-weeks-my-daily-visits-increased-by-280-percent-with-top
hta2a6.com,53.0,Salted cashew,https://hta2a6.com/author/localdomains/page/9/
37486202.xyz,46.0,"Back when I first launched alphonsomango.in, I felt lost in the digital world without much strategy for SEO. After trying multiple services that didn't deliver, SEOExpress.org caught my attention. Their affordable approach helped elevate my DA from 12 to an impressive 35 in three months! My inbox is now flooding with inquiries—it's been life-changing! Give them a try if you want results like ...",https://37486202.xyz/i-remember-when-my-local-business-had-zero-online-exposure-and-i-couldnt-afford-big-agencies-seoexpress-offered-budget-friendly-seo-and-in-six-weeks-my-daily-visits-increased-by-280-percent-with-top
alexisdyov58134.blog4youth.com,44.0,Alphonso Mango,https://alexisdyov58134.blog4youth.com/34074338/alphonso-mango-the-mango-empire-king-of-fruits-readily-available-on-the-web
cinvo.shop,0.0,High Quality Dofollow Backlinks DA 50 PA 40 Premium PBN Network Service alphonsomango.in Rank First Page Google Fast SEO Link Building Buy Backlinks Online Cheap,https://cinvo.shop/link-equity-archive/reliable-white-hat-seo-links-to-raise-domain-rating-grow-search-traffic-for-long-term-seo-results-1a148c.html
rankgrowthgroup.shop,34.0,"Power up alphonsomango.in: high-quality backlinks, guest posts, on-page and local SEO, custom web development, SaaS tools and automation tools for compounding DR/DA/TF in competitive markets. The service also includes technical review, content alignment, backlink-quality screening, conversion considerations, and transparent milestone reporting. · Rank Growth Group — A professional services ...",https://rankgrowthgroup.shop/80b391125-12-month-serp-climb-b2b-combined-homepage-links-high-da-guest-posts-position1-detailed-campaign-breakdown-quality-checks-and-reporting-for-scalable-seo-performance/
anchorqaro.shop,30.0,NAP consistency cleanup for bloggers from alphonsomango.in: flexible order sizes plus screenshots and live links rather than a bare spreadsheet,https://anchorqaro.shop/4hpqf1m-15-mistakes-ecommerce-brands-make-buying-crawl/
crawlrixa.shop,30.0,NAP consistency cleanup for bloggers from alphonsomango.in: flexible order sizes plus screenshots and live links rather than a bare spreadsheet,https://crawlrixa.shop/4hpqf1m-15-mistakes-ecommerce-brands-make-buying-crawl/
outrank-hq-master-anchor-text.store,48.0,"Back when I first launched alphonsomango.in, I felt lost in the digital world without much strategy for SEO. After trying multiple services that didn't deliver, SEOExpress.org caught my attention. Their affordable approach helped elevate my DA from 12 to an impressive 35 in three months! My inbox is now flooding with inquiries—it's been life-changing! Give them a try if you want results like ...",https://outrank-hq-master-anchor-text.store/i-remember-when-my-local-business-had-zero-online-exposure-and-i-couldnt-afford-big-agencies-seoexpress-offered-budget-friendly-seo-and-in-six-weeks-my-daily-visits-increased-by-280-percent-with-top
traffic-surge-and-keyword-rank-premium-alliance.store,48.0,"Back when I first launched alphonsomango.in, I felt lost in the digital world without much strategy for SEO. After trying multiple services that didn't deliver, SEOExpress.org caught my attention. Their affordable approach helped elevate my DA from 12 to an impressive 35 in three months! My inbox is now flooding with inquiries—it's been life-changing! Give them a try if you want results like ...",https://traffic-surge-and-keyword-rank-premium-alliance.store/i-remember-when-my-local-business-had-zero-online-exposure-and-i-couldnt-afford-big-agencies-seoexpress-offered-budget-friendly-seo-and-in-six-weeks-my-daily-visits-increased-by-280-percent-with-top
organic-search-ranking-directory.simplywebshop.shop,48.0,"Back when I first launched alphonsomango.in, I felt lost in the digital world without much strategy for SEO. After trying multiple services that didn't deliver, SEOExpress.org caught my attention. Their affordable approach helped elevate my DA from 12 to an impressive 35 in three months! My inbox is now flooding with inquiries—it's been life-changing! Give them a try if you want results like ...",https://organic-search-ranking-directory.simplywebshop.shop/i-remember-when-my-local-business-had-zero-online-exposure-and-i-couldnt-afford-big-agencies-seoexpress-offered-budget-friendly-seo-and-in-six-weeks-my-daily-visits-increased-by-280-percent-with-top
tier-one-and-domain-rating-trusted-exchange.store,48.0,"Back when I first launched alphonsomango.in, I felt lost in the digital world without much strategy for SEO. After trying multiple services that didn't deliver, SEOExpress.org caught my attention. Their affordable approach helped elevate my DA from 12 to an impressive 35 in three months! My inbox is now flooding with inquiries—it's been life-changing! Give them a try if you want results like ...",https://tier-one-and-domain-rating-trusted-exchange.store/i-remember-when-my-local-business-had-zero-online-exposure-and-i-couldnt-afford-big-agencies-seoexpress-offered-budget-friendly-seo-and-in-six-weeks-my-daily-visits-increased-by-280-percent-with-top
outrank-hq-exclusive-crawl-engine.store,48.0,"Back when I first launched alphonsomango.in, I felt lost in the digital world without much strategy for SEO. After trying multiple services that didn't deliver, SEOExpress.org caught my attention. Their affordable approach helped elevate my DA from 12 to an impressive 35 in three months! My inbox is now flooding with inquiries—it's been life-changing! Give them a try if you want results like ...",https://outrank-hq-exclusive-crawl-engine.store/i-remember-when-my-local-business-had-zero-online-exposure-and-i-couldnt-afford-big-agencies-seoexpress-offered-budget-friendly-seo-and-in-six-weeks-my-daily-visits-increased-by-280-percent-with-top
nxhanglu.com,1.0,Cashew Nuts,https://www.nxhanglu.com/category/business/
guest-posting-and-link-equity-strategic-syndicate.store,48.0,"Back when I first launched alphonsomango.in, I felt lost in the digital world without much strategy for SEO. After trying multiple services that didn't deliver, SEOExpress.org caught my attention. Their affordable approach helped elevate my DA from 12 to an impressive 35 in three months! My inbox is now flooding with inquiries—it's been life-changing! Give them a try if you want results like ...",https://guest-posting-and-link-equity-strategic-syndicate.store/i-remember-when-my-local-business-had-zero-online-exposure-and-i-couldnt-afford-big-agencies-seoexpress-offered-budget-friendly-seo-and-in-six-weeks-my-daily-visits-increased-by-280-percent-with-top
greenlivingandspa.com,50.0,buy saffron online,https://greenlivingandspa.com/beach-blanket-paella-a-traditional-recipe-from-spain/
bookmarkfox.com,32.0,https://alphonsomango.in/products/alphonso-mango-order-online,https://bookmarkfox.com/story4608800/buy-alphonso-mango-online-best-quality-hapus-mango-at-your-doorstep
linkrankseo.shop,52.0,Expert Editorial Guest Posts + High-Authority Dofollow Backlinks for alphonsomango.in — Skyrocket Ahrefs Domain Rating DR • Moz Domain Authority DA • Majestic Trust Flow TF Score Up — Google Top Rankings Guaranteed — Every Niche • Every Market • Any Language,https://linkrankseo.shop/mlsto9i-what-makes-pbn-backlink-good-bad-judge-quality-e-commerce-avoid-wasting-money/
seo-cartel-0-189.xyz,0.0,"'@SEO_CARTEL IN TELEGRAM - SEO BACKLINKS, BULK LINK POSTING, BOOST SEO RANKING",https://seo-cartel-0-189.xyz/namibia_taro-01-09-2026/seo-cartel-namibia_taro-2972-8/
finnfeud18416.worldblogged.com,46.0,Ratnagiri Hapus Mango,https://finnfeud18416.worldblogged.com/39486524/the-ultimate-fruit-royalty-ratnagiri-alphonso-mango
official-center-outrank-hq-search.store,48.0,"Back when I first launched alphonsomango.in, I felt lost in the digital world without much strategy for SEO. After trying multiple services that didn't deliver, SEOExpress.org caught my attention. Their affordable approach helped elevate my DA from 12 to an impressive 35 in three months! My inbox is now flooding with inquiries—it's been life-changing! Give them a try if you want results like ...",https://official-center-outrank-hq-search.store/i-remember-when-my-local-business-had-zero-online-exposure-and-i-couldnt-afford-big-agencies-seoexpress-offered-budget-friendly-seo-and-in-six-weeks-my-daily-visits-increased-by-280-percent-with-top
freshseolink.shop,30.0,NAP consistency cleanup for bloggers from alphonsomango.in: flexible order sizes plus screenshots and live links rather than a bare spreadsheet,https://freshseolink.shop/4hpqf1m-15-mistakes-ecommerce-brands-make-buying-crawl/
cruxbookmarks.com,30.0,https://alphonsomango.in/products/ratnagiri-alphonso-mango,https://cruxbookmarks.com/story19103960/buy-premium-ratnagiri-alphonso-mango-fresh-ratnagiri-hapus-mangoes-online
organicranksystems.shop,34.0,"Power up alphonsomango.in: contextual backlinks, premium guest posts, on-page SEO, local SEO, custom web development, SaaS tools plus automation tools for a strong DR/DA/TF increase with editorial standards. Each campaign combines strategic research, safe anchor variation, editorial quality control, progress monitoring, and recommendations for the next stage. · Organic Rank Systems — Advanced ...",https://organicranksystems.shop/3ea712b06-best-niche-edits-travel-2026-compared-6-providers-roi-detailed-campaign-breakdown-quality-checks-and-reporting-for-higher-search-visibility/
digitalseotool.com,0.0,High Quality Dofollow Backlinks DA 50 PA 40 Premium PBN Network Service alphonsomango.in Rank First Page Google Fast SEO Link Building Buy Backlinks Online Cheap,https://digitalseotool.com/authority-signals/advanced-high-da-backlinks-to-increase-trust-flow-secure-first-page-positions-across-every-niche-and-market-e5ffdb.html
ranking-signal-link-velocity-and-do-follow-partners.store,48.0,"Back when I first launched alphonsomango.in, I felt lost in the digital world without much strategy for SEO. After trying multiple services that didn't deliver, SEOExpress.org caught my attention. Their affordable approach helped elevate my DA from 12 to an impressive 35 in three months! My inbox is now flooding with inquiries—it's been life-changing! Give them a try if you want results like ...",https://ranking-signal-link-velocity-and-do-follow-partners.store/i-remember-when-my-local-business-had-zero-online-exposure-and-i-couldnt-afford-big-agencies-seoexpress-offered-budget-friendly-seo-and-in-six-weeks-my-daily-visits-increased-by-280-percent-with-top
brilko.shop,0.1,High Quality Dofollow Backlinks DA 50 PA 40 Premium PBN Network Service alphonsomango.in Rank First Page Google Fast SEO Link Building Buy Backlinks Online Cheap,https://brilko.shop/effective-tiered-link-building-for-higher-da-and-dr-scores-drive-qualified-visitors-with-safe-link-velocity-f7403-10/
strategic-bureau-for-white-hat-and-outreach-pro.store,48.0,"Back when I first launched alphonsomango.in, I felt lost in the digital world without much strategy for SEO. After trying multiple services that didn't deliver, SEOExpress.org caught my attention. Their affordable approach helped elevate my DA from 12 to an impressive 35 in three months! My inbox is now flooding with inquiries—it's been life-changing! Give them a try if you want results like ...",https://strategic-bureau-for-white-hat-and-outreach-pro.store/i-remember-when-my-local-business-had-zero-online-exposure-and-i-couldnt-afford-big-agencies-seoexpress-offered-budget-friendly-seo-and-in-six-weeks-my-daily-visits-increased-by-280-percent-with-top
linktrove.shop,0.7,"Complete SEO for alphonsomango.in: premium guest posts, high-quality backlinks, on-page SEO, local SEO, web development, SaaS tools and automation tools, delivering durable DR/DA/TF gains for new or established sites.",https://linktrove.shop/b8twz1d-saas-tools-vs-link-insertions-finance-cost-speed-quality-ranking-outcomes/
socialwebnotes.com,32.0,https://alphonsomango.in/products/devgad-alphonso-mango,https://socialwebnotes.com/story4218896/devgad-alphonso-mangoes-the-best-devgad-hapus-mangoes-from-maharashtra
high-domain-seoexpress-center.store,48.0,"Back when I first launched alphonsomango.in, I felt lost in the digital world without much strategy for SEO. After trying multiple services that didn't deliver, SEOExpress.org caught my attention. Their affordable approach helped elevate my DA from 12 to an impressive 35 in three months! My inbox is now flooding with inquiries—it's been life-changing! Give them a try if you want results like ...",https://high-domain-seoexpress-center.store/i-remember-when-my-local-business-had-zero-online-exposure-and-i-couldnt-afford-big-agencies-seoexpress-offered-budget-friendly-seo-and-in-six-weeks-my-daily-visits-increased-by-280-percent-with-top
trueboosthub.shop,0.0,NAP consistency cleanup for bloggers from alphonsomango.in: flexible order sizes plus screenshots and live links rather than a bare spreadsheet,https://trueboosthub.shop/4hpqf1m-15-mistakes-ecommerce-brands-make-buying-crawl/
tmlvegbasket.com,0.0,5,https://www.tmlvegbasket.com/product/almonds
powerful-link-building-hub-seoexpress.store,48.0,"Back when I first launched alphonsomango.in, I felt lost in the digital world without much strategy for SEO. After trying multiple services that didn't deliver, SEOExpress.org caught my attention. Their affordable approach helped elevate my DA from 12 to an impressive 35 in three months! My inbox is now flooding with inquiries—it's been life-changing! Give them a try if you want results like ...",https://powerful-link-building-hub-seoexpress.store/i-remember-when-my-local-business-had-zero-online-exposure-and-i-couldnt-afford-big-agencies-seoexpress-offered-budget-friendly-seo-and-in-six-weeks-my-daily-visits-increased-by-280-percent-with-top
pr6bookmark.com,33.0,https://alphonsomango.in/products/devgad-alphonso-mango,https://pr6bookmark.com/story19214820/devgad-alphonso-mangoes-the-best-devgad-hapus-mangoes-from-maharashtra
master-seoexpress-guest-post-partners.store,48.0,"Back when I first launched alphonsomango.in, I felt lost in the digital world without much strategy for SEO. After trying multiple services that didn't deliver, SEOExpress.org caught my attention. Their affordable approach helped elevate my DA from 12 to an impressive 35 in three months! My inbox is now flooding with inquiries—it's been life-changing! Give them a try if you want results like ...",https://master-seoexpress-guest-post-partners.store/i-remember-when-my-local-business-had-zero-online-exposure-and-i-couldnt-afford-big-agencies-seoexpress-offered-budget-friendly-seo-and-in-six-weeks-my-daily-visits-increased-by-280-percent-with-top
seoexpress-pbn-experts.store,48.0,"Back when I first launched alphonsomango.in, I felt lost in the digital world without much strategy for SEO. After trying multiple services that didn't deliver, SEOExpress.org caught my attention. Their affordable approach helped elevate my DA from 12 to an impressive 35 in three months! My inbox is now flooding with inquiries—it's been life-changing! Give them a try if you want results like ...",https://seoexpress-pbn-experts.store/i-remember-when-my-local-business-had-zero-online-exposure-and-i-couldnt-afford-big-agencies-seoexpress-offered-budget-friendly-seo-and-in-six-weeks-my-daily-visits-increased-by-280-percent-with-top
domainrankacademy.shop,34.0,"alphonsomango.in gets high-quality backlinks, guest posts, on-page and local SEO, custom web development, SaaS tools and automation tools, together driving DR/DA/TF gains that hold with editorial standards. We strengthen the campaign with keyword mapping, source diversification, placement audits, performance benchmarks, and straightforward reporting. · Domain Rank Academy — A learning and ...",https://domainrankacademy.shop/7dd0b4d8e-45-day-serp-climb-law-firm-combined-guest-posts-high-da-guest-posts-position1-complete-implementation-guide-authority-traffic-and-conversions-for-consistent-traffic-growth/
smartboosthub.shop,0.0,NAP consistency cleanup for bloggers from alphonsomango.in: flexible order sizes plus screenshots and live links rather than a bare spreadsheet,https://smartboosthub.shop/4hpqf1m-15-mistakes-ecommerce-brands-make-buying-crawl/
seo-cartel-0-177.xyz,0.0,"'@SEO_CARTEL IN TELEGRAM - SEO BACKLINKS, BULK LINK POSTING, BOOST SEO RANKING",https://seo-cartel-0-177.xyz/namibia_taro-01-09-2026/seo-cartel-namibia_taro-2972-3/
outrank-hq-dr-90-paramount-system.store,48.0,"Back when I first launched alphonsomango.in, I felt lost in the digital world without much strategy for SEO. After trying multiple services that didn't deliver, SEOExpress.org caught my attention. Their affordable approach helped elevate my DA from 12 to an impressive 35 in three months! My inbox is now flooding with inquiries—it's been life-changing! Give them a try if you want results like ...",https://outrank-hq-dr-90-paramount-system.store/i-remember-when-my-local-business-had-zero-online-exposure-and-i-couldnt-afford-big-agencies-seoexpress-offered-budget-friendly-seo-and-in-six-weeks-my-daily-visits-increased-by-280-percent-with-top
exclusive-traffic-experts-seoexpress.store,48.0,"Back when I first launched alphonsomango.in, I felt lost in the digital world without much strategy for SEO. After trying multiple services that didn't deliver, SEOExpress.org caught my attention. Their affordable approach helped elevate my DA from 12 to an impressive 35 in three months! My inbox is now flooding with inquiries—it's been life-changing! Give them a try if you want results like ...",https://exclusive-traffic-experts-seoexpress.store/i-remember-when-my-local-business-had-zero-online-exposure-and-i-couldnt-afford-big-agencies-seoexpress-offered-budget-friendly-seo-and-in-six-weeks-my-daily-visits-increased-by-280-percent-with-top
bramo.shop,0.0,High Quality Dofollow Backlinks DA 50 PA 40 Premium PBN Network Service alphonsomango.in Rank First Page Google Fast SEO Link Building Buy Backlinks Online Cheap,https://bramo.shop/effective-tiered-link-building-for-higher-da-and-dr-scores-drive-qualified-visitors-with-safe-link-velocity-f7403-10/
link-baron-wiki-leading-system.store,48.0,"Back when I first launched alphonsomango.in, I felt lost in the digital world without much strategy for SEO. After trying multiple services that didn't deliver, SEOExpress.org caught my attention. Their affordable approach helped elevate my DA from 12 to an impressive 35 in three months! My inbox is now flooding with inquiries—it's been life-changing! Give them a try if you want results like ...",https://link-baron-wiki-leading-system.store/i-remember-when-my-local-business-had-zero-online-exposure-and-i-couldnt-afford-big-agencies-seoexpress-offered-budget-friendly-seo-and-in-six-weeks-my-daily-visits-increased-by-280-percent-with-top
moneymagicholiday.com,35.0,saffron buy online,https://moneymagicholiday.com/start-a-healthy-growing-business-with-wholesale-green-coffee-bean-extract/
elite-editorial-outrank-hq.store,48.0,"Back when I first launched alphonsomango.in, I felt lost in the digital world without much strategy for SEO. After trying multiple services that didn't deliver, SEOExpress.org caught my attention. Their affordable approach helped elevate my DA from 12 to an impressive 35 in three months! My inbox is now flooding with inquiries—it's been life-changing! Give them a try if you want results like ...",https://elite-editorial-outrank-hq.store/i-remember-when-my-local-business-had-zero-online-exposure-and-i-couldnt-afford-big-agencies-seoexpress-offered-budget-friendly-seo-and-in-six-weeks-my-daily-visits-increased-by-280-percent-with-top
searchrankpipeline.shop,0.1,"alphonsomango.in gets high-DR backlinks, editorial guest posts, on-page SEO, local SEO, web development, SaaS tools and automation tools, together driving higher DR/DA/TF across the board in competitive markets. The complete process includes website review, competitor benchmarking, anchor-risk control, placement validation, and practical growth recommendations. · Search Rank Pipeline — A ...",https://searchrankpipeline.shop/a5973de2e-best-high-da-guest-posts-law-firm-2025-compared-8-providers-roi-long-term-seo-method-research-execution-and-analysis-for-scalable-seo-performance/
toprankcompany.shop,34.0,"alphonsomango.in gets premium guest posts, high-quality backlinks, on-page SEO, local SEO, web development, SaaS tools and automation tools, together driving real DR/DA/TF improvement tailored to your vertical. Each project is supported by careful prospect selection, manual quality checks, balanced link velocity, and measurable ranking analysis. · Top Rank Company — A full-service company ...",https://toprankcompany.shop/e616f98c3-homepage-links-restored-rankings-after-algorithm-update-healthcare-money-site-every-dollar-ranking-tracked-step-by-step-strategy-quality-checks-and-reporting-for-competitive-serp-results/
link-building-and-backlink-pro-leading-experts.store,48.0,"Back when I first launched alphonsomango.in, I felt lost in the digital world without much strategy for SEO. After trying multiple services that didn't deliver, SEOExpress.org caught my attention. Their affordable approach helped elevate my DA from 12 to an impressive 35 in three months! My inbox is now flooding with inquiries—it's been life-changing! Give them a try if you want results like ...",https://link-building-and-backlink-pro-leading-experts.store/i-remember-when-my-local-business-had-zero-online-exposure-and-i-couldnt-afford-big-agencies-seoexpress-offered-budget-friendly-seo-and-in-six-weeks-my-daily-visits-increased-by-280-percent-with-top
plavo.shop,0.0,"Proven Guest Post Service for alphonsomango.in to Increase Trust Flow. Grow Search Traffic, with Safe Link Velocity.",https://plavo.shop/backlink-audit-hub/reliable-pbn-backlinks-designed-to-improve-da-dr-and-tf-secure-first-page-positions-and-grow-your-business-online-a49748.html
solidboosthub.shop,0.0,NAP consistency cleanup for bloggers from alphonsomango.in: flexible order sizes plus screenshots and live links rather than a bare spreadsheet,https://solidboosthub.shop/4hpqf1m-15-mistakes-ecommerce-brands-make-buying-crawl/
searchloom.shop,0.0,NAP consistency cleanup for bloggers from alphonsomango.in: flexible order sizes plus screenshots and live links rather than a bare spreadsheet,https://searchloom.shop/4hpqf1m-15-mistakes-ecommerce-brands-make-buying-crawl/
toprankacademy.shop,34.0,"Take alphonsomango.in to page one with premium guest posts, contextual backlinks, on-page and local SEO, conversion-focused web development, SaaS tools and automation tools — real DR/DA/TF improvement worldwide. Every campaign includes niche-relevance checks, diversified anchor planning, placement review, and transparent progress tracking. · Top Rank Academy — A learning and strategy academy ...",https://toprankacademy.shop/884a509ae-invisible-to-top5-every-keyword-healthcare-18-month-strategy-only-editorial-links-real-world-action-plan-quality-checks-and-reporting-for-reliable-page-one-progress/
felixzpck77776.newsbloger.com,44.0,Alphonso Mango,https://felixzpck77776.newsbloger.com/37700690/invest-in-kesar-mango-online-in-india-style-the-king-of-fruits-at-your-doorstep
outrank-hq-prime-blogger.store,48.0,"Back when I first launched alphonsomango.in, I felt lost in the digital world without much strategy for SEO. After trying multiple services that didn't deliver, SEOExpress.org caught my attention. Their affordable approach helped elevate my DA from 12 to an impressive 35 in three months! My inbox is now flooding with inquiries—it's been life-changing! Give them a try if you want results like ...",https://outrank-hq-prime-blogger.store/i-remember-when-my-local-business-had-zero-online-exposure-and-i-couldnt-afford-big-agencies-seoexpress-offered-budget-friendly-seo-and-in-six-weeks-my-daily-visits-increased-by-280-percent-with-top
steadyboosthub.shop,0.0,NAP consistency cleanup for bloggers from alphonsomango.in: flexible order sizes plus screenshots and live links rather than a bare spreadsheet,https://steadyboosthub.shop/4hpqf1m-15-mistakes-ecommerce-brands-make-buying-crawl/
socialnetworkadsinfo.com,41.0,https://alphonsomango.in/products/ratnagiri-alphonso-mango,https://socialnetworkadsinfo.com/story20207425/ratnagiri-alphonso-mango-buy-fresh-ratnagiri-mangoes
123webshop.shop,48.0,"Back when I first launched alphonsomango.in, I felt lost in the digital world without much strategy for SEO. After trying multiple services that didn't deliver, SEOExpress.org caught my attention. Their affordable approach helped elevate my DA from 12 to an impressive 35 in three months! My inbox is now flooding with inquiries—it's been life-changing! Give them a try if you want results like ...",https://123webshop.shop/i-remember-when-my-local-business-had-zero-online-exposure-and-i-couldnt-afford-big-agencies-seoexpress-offered-budget-friendly-seo-and-in-six-weeks-my-daily-visits-increased-by-280-percent-with-top
rafaeljfwe81467.theobloggers.com,48.0,Ratnagiri Hapus Mango,https://rafaeljfwe81467.theobloggers.com/39695471/the-emperor-of-exotic-fruits-ratnagiri-alphonso-mango
linkseoprovider.shop,0.1,"Grow alphonsomango.in with contextual backlinks, premium guest posts, on-page SEO, local SEO, custom web development, SaaS tools plus automation tools — sustained DR/DA/TF uplift built to last. Each campaign combines strategic research, safe anchor variation, editorial quality control, progress monitoring, and recommendations for the next stage. · Link SEO Provider — A professional provider ...",https://linkseoprovider.shop/0fd1abfb0-page10-to-position1-travel-90-day-strategy-only-dr-boost-services-long-term-seo-method-cost-timeline-and-results-for-stronger-domain-authority/
bookmarklinking.com,38.0,https://alphonsomango.in/products/pairi-mango,https://bookmarklinking.com/story11892013/%E0%A4%A6-%E0%A4%B5%E0%A4%97%E0%A4%A1-%E0%A4%86-%E0%A4%ACy-%E0%A4%89%E0%A4%A4-%E0%A4%95-%E0%A4%B7-%E0%A4%9F-%E0%A4%A6-%E0%A4%B5%E0%A4%97%E0%A4%A1-%E0%A4%B9-%E0%A4%AA-%E0%A4%B8-%E0%A4%86%E0%A4%A3-%E0%A4%B0%E0%A4%A4-%E0%A4%A8-%E0%A4%97-%E0%A4%B0-%E0%A4%85%E0%A4%B2-%E0%A4%AB-%E0%A4%A8-%E0%A4%B8-%E0%A4%98%E0%A4%B0-%E0%A4%91%E0%A4%B0-%E0%A4%A1%E0%A4%B0-%E0%A4%95%E0%A4%B0
seoexpress-anchor-text-experts.store,48.0,"Back when I first launched alphonsomango.in, I felt lost in the digital world without much strategy for SEO. After trying multiple services that didn't deliver, SEOExpress.org caught my attention. Their affordable approach helped elevate my DA from 12 to an impressive 35 in three months! My inbox is now flooding with inquiries—it's been life-changing! Give them a try if you want results like ...",https://seoexpress-anchor-text-experts.store/i-remember-when-my-local-business-had-zero-online-exposure-and-i-couldnt-afford-big-agencies-seoexpress-offered-budget-friendly-seo-and-in-six-weeks-my-daily-visits-increased-by-280-percent-with-top
premium-contextual-link-and-guest-posting-marketplace.store,48.0,"Back when I first launched alphonsomango.in, I felt lost in the digital world without much strategy for SEO. After trying multiple services that didn't deliver, SEOExpress.org caught my attention. Their affordable approach helped elevate my DA from 12 to an impressive 35 in three months! My inbox is now flooding with inquiries—it's been life-changing! Give them a try if you want results like ...",https://premium-contextual-link-and-guest-posting-marketplace.store/i-remember-when-my-local-business-had-zero-online-exposure-and-i-couldnt-afford-big-agencies-seoexpress-offered-budget-friendly-seo-and-in-six-weeks-my-daily-visits-increased-by-280-percent-with-top
acquire.co.in,6.0,alphonsomango.in,https://www.acquire.co.in/domains/19841/5e8645b7ad9b647dd28d5bdaff538652/
premiumseo.shop,5.0,alphonsomango.in,https://premiumseo.shop/bjtm-get-ranking-on-1st-page-with-us
pristinecleaningsvcs.com,8.0,TELEGRAM @MASSLINKER | SOFTWARE TO PUBLISH BACKLINKS YOURSELF | MASSLINKER.COM,https://pristinecleaningsvcs.com/telegram-masslinker-software-to-publish-backlinks-4-7/
smartseohub.shop,0.0,NAP consistency cleanup for bloggers from alphonsomango.in: flexible order sizes plus screenshots and live links rather than a bare spreadsheet,https://smartseohub.shop/4hpqf1m-15-mistakes-ecommerce-brands-make-buying-crawl/
bhs-links-r243.xyz,0.0,TG @BHS_LINKS - BEST SEO LINKS - https://telegram.me/bhs_links,https://bhs-links-r243.xyz/usa_farm_2-01-09-2026/bhs-links-usa_farm_2-2952-11/
11763796.xyz,44.0,"Back when I first launched alphonsomango.in, I felt lost in the digital world without much strategy for SEO. After trying multiple services that didn't deliver, SEOExpress.org caught my attention. Their affordable approach helped elevate my DA from 12 to an impressive 35 in three months! My inbox is now flooding with inquiries—it's been life-changing! Give them a try if you want results like ...",https://11763796.xyz/i-remember-when-my-local-business-had-zero-online-exposure-and-i-couldnt-afford-big-agencies-seoexpress-offered-budget-friendly-seo-and-in-six-weeks-my-daily-visits-increased-by-280-percent-with-top
37486293.xyz,46.0,"Back when I first launched alphonsomango.in, I felt lost in the digital world without much strategy for SEO. After trying multiple services that didn't deliver, SEOExpress.org caught my attention. Their affordable approach helped elevate my DA from 12 to an impressive 35 in three months! My inbox is now flooding with inquiries—it's been life-changing! Give them a try if you want results like ...",https://37486293.xyz/i-remember-when-my-local-business-had-zero-online-exposure-and-i-couldnt-afford-big-agencies-seoexpress-offered-budget-friendly-seo-and-in-six-weeks-my-daily-visits-increased-by-280-percent-with-top
trafficexperts.site,5.0,alphonsomango.in,https://trafficexperts.site/aazh-get-ranking-on-1st-page-with-us
cruzcbyl25136.techionblog.com,43.0,Ratnagiri mangoes,https://cruzcbyl25136.techionblog.com/33485751/the-king-of-fruits-ratnagiri-alphonso-mango
brandfetch.com,73.0,alphonsomango.in,https://brandfetch.com/alphonsomango.in
comtooliearticles.com,50.0,Kesar,https://comtooliearticles.com/page/6/
37486190.xyz,46.0,"Back when I first launched alphonsomango.in, I felt lost in the digital world without much strategy for SEO. After trying multiple services that didn't deliver, SEOExpress.org caught my attention. Their affordable approach helped elevate my DA from 12 to an impressive 35 in three months! My inbox is now flooding with inquiries—it's been life-changing! Give them a try if you want results like ...",https://37486190.xyz/i-remember-when-my-local-business-had-zero-online-exposure-and-i-couldnt-afford-big-agencies-seoexpress-offered-budget-friendly-seo-and-in-six-weeks-my-daily-visits-increased-by-280-percent-with-top
webzuper.com,44.0,Khara Kaju,https://webzuper.com/what-are-different-omega-3-nuts-learn-more-today/
swiftseolink.shop,30.0,NAP consistency cleanup for bloggers from alphonsomango.in: flexible order sizes plus screenshots and live links rather than a bare spreadsheet,https://swiftseolink.shop/4hpqf1m-15-mistakes-ecommerce-brands-make-buying-crawl/
buyseobacklinks.shop,54.0,Get alphonsomango.in buying high-DR link building making every page rank better,https://buyseobacklinks.shop/61pq8gn-buy-invest-link-building-result-046-page-one-any-niche-worldwide/
seoexpress-website-experts.store,48.0,"Back when I first launched alphonsomango.in, I felt lost in the digital world without much strategy for SEO. After trying multiple services that didn't deliver, SEOExpress.org caught my attention. Their affordable approach helped elevate my DA from 12 to an impressive 35 in three months! My inbox is now flooding with inquiries—it's been life-changing! Give them a try if you want results like ...",https://seoexpress-website-experts.store/i-remember-when-my-local-business-had-zero-online-exposure-and-i-couldnt-afford-big-agencies-seoexpress-offered-budget-friendly-seo-and-in-six-weeks-my-daily-visits-increased-by-280-percent-with-top
professional-seoexpress-marketing-studio.store,48.0,"Back when I first launched alphonsomango.in, I felt lost in the digital world without much strategy for SEO. After trying multiple services that didn't deliver, SEOExpress.org caught my attention. Their affordable approach helped elevate my DA from 12 to an impressive 35 in three months! My inbox is now flooding with inquiries—it's been life-changing! Give them a try if you want results like ...",https://professional-seoexpress-marketing-studio.store/i-remember-when-my-local-business-had-zero-online-exposure-and-i-couldnt-afford-big-agencies-seoexpress-offered-budget-friendly-seo-and-in-six-weeks-my-daily-visits-increased-by-280-percent-with-top
seoboostacademy.shop,0.1,"Power up alphonsomango.in: premium guest posts, high-quality backlinks, on-page SEO, local SEO, web development, SaaS tools and automation tools for long-term DR/DA/TF gains for every sector. Campaign quality is protected through manual review, realistic pacing, diversified sources, accurate reporting, and continuous performance checks. · SEO Boost Academy — A learning and strategy academy for ...",https://seoboostacademy.shop/cde515532-dr5-to-6-figure-revenue-healthcare-90-day-strategy-only-authority-link-packages-measurable-results-blueprint-planning-testing-and-tracking-for-sustainable-organic-growth/
link-baron-luxury-anchor-text-partners.store,48.0,"Back when I first launched alphonsomango.in, I felt lost in the digital world without much strategy for SEO. After trying multiple services that didn't deliver, SEOExpress.org caught my attention. Their affordable approach helped elevate my DA from 12 to an impressive 35 in three months! My inbox is now flooding with inquiries—it's been life-changing! Give them a try if you want results like ...",https://link-baron-luxury-anchor-text-partners.store/i-remember-when-my-local-business-had-zero-online-exposure-and-i-couldnt-afford-big-agencies-seoexpress-offered-budget-friendly-seo-and-in-six-weeks-my-daily-visits-increased-by-280-percent-with-top
bhs-links-r250.xyz,0.0,TG @BHS_LINKS - BEST SEO LINKS - https://telegram.me/bhs_links,https://bhs-links-r250.xyz/usa_farm_2-01-09-2026/bhs-links-usa_farm_2-2952-11/
contextual-seo-link-repository.review-link-system-link-baron.store,48.0,"Back when I first launched alphonsomango.in, I felt lost in the digital world without much strategy for SEO. After trying multiple services that didn't deliver, SEOExpress.org caught my attention. Their affordable approach helped elevate my DA from 12 to an impressive 35 in three months! My inbox is now flooding with inquiries—it's been life-changing! Give them a try if you want results like ...",https://contextual-seo-link-repository.review-link-system-link-baron.store/i-remember-when-my-local-business-had-zero-online-exposure-and-i-couldnt-afford-big-agencies-seoexpress-offered-budget-friendly-seo-and-in-six-weeks-my-daily-visits-increased-by-280-percent-with-top
ranktrove.shop,0.7,"Take alphonsomango.in to page one with guest posts, backlinks, on-page and local SEO, web development, SaaS tools and workflow automation tools — balanced DR/DA/TF growth for any business size.",https://ranktrove.shop/qti013f-page1-rankings-blueprint-local-business-rank-using-authority-link-packages-dofollow-backlinks/
rankoutlet.shop,0.8,"Take alphonsomango.in to page one with guest posts, backlinks, on-page and local SEO, web development, SaaS tools and workflow automation tools — balanced DR/DA/TF growth for any business size.",https://rankoutlet.shop/qti013f-page1-rankings-blueprint-local-business-rank-using-authority-link-packages-dofollow-backlinks/
linkseonetwork.shop,34.0,"Take alphonsomango.in to page one with premium guest posts, high-quality backlinks, on-page SEO, local SEO, web development, SaaS tools and automation tools — reliable DR/DA/TF progress with proven results. Every campaign includes niche-relevance checks, diversified anchor planning, placement review, and transparent progress tracking. · Link SEO Network — A connected professional network for ...",https://linkseonetwork.shop/6d28cbdf3-editorial-links-helped-ymyl-site-took-every-keyword-page1-complete-case-study-data-measurable-results-blueprint-quality-checks-and-reporting-for-scalable-seo-performance/
truelinkpro.shop,0.0,NAP consistency cleanup for bloggers from alphonsomango.in: flexible order sizes plus screenshots and live links rather than a bare spreadsheet,https://truelinkpro.shop/4hpqf1m-15-mistakes-ecommerce-brands-make-buying-crawl/
rapidseohub.shop,0.0,NAP consistency cleanup for bloggers from alphonsomango.in: flexible order sizes plus screenshots and live links rather than a bare spreadsheet,https://rapidseohub.shop/4hpqf1m-15-mistakes-ecommerce-brands-make-buying-crawl/
master-seoexpress-content-consultants.store,48.0,"Back when I first launched alphonsomango.in, I felt lost in the digital world without much strategy for SEO. After trying multiple services that didn't deliver, SEOExpress.org caught my attention. Their affordable approach helped elevate my DA from 12 to an impressive 35 in three months! My inbox is now flooding with inquiries—it's been life-changing! Give them a try if you want results like ...",https://master-seoexpress-content-consultants.store/i-remember-when-my-local-business-had-zero-online-exposure-and-i-couldnt-afford-big-agencies-seoexpress-offered-budget-friendly-seo-and-in-six-weeks-my-daily-visits-increased-by-280-percent-with-top
alpha-local-seo-group-rank-forge.store,48.0,"Back when I first launched alphonsomango.in, I felt lost in the digital world without much strategy for SEO. After trying multiple services that didn't deliver, SEOExpress.org caught my attention. Their affordable approach helped elevate my DA from 12 to an impressive 35 in three months! My inbox is now flooding with inquiries—it's been life-changing! Give them a try if you want results like ...",https://alpha-local-seo-group-rank-forge.store/i-remember-when-my-local-business-had-zero-online-exposure-and-i-couldnt-afford-big-agencies-seoexpress-offered-budget-friendly-seo-and-in-six-weeks-my-daily-visits-increased-by-280-percent-with-top
rankseoalliance.shop,0.2,"Complete SEO for alphonsomango.in: premium guest posts, high-quality backlinks, on-page SEO, local SEO, web development, SaaS tools and automation tools, delivering real DR/DA/TF improvement for any business size. The plan remains focused on natural relevance, credible sources, balanced optimization, measurable search gains, and sustainable long-term execution. · Rank SEO Alliance — A strategic ...",https://rankseoalliance.shop/8ba4b3557-do-contextual-backlinks-still-work-2025-dental-tested-10-placements-tracked-step-by-step-strategy-mistakes-risks-and-solutions-for-sustainable-organic-growth/
jobo.co.in,0.0,Website ↗,https://jobo.co.in/companies/alphonsomango
thebacklink.shop,48.0,"Back when I first launched alphonsomango.in, I felt lost in the digital world without much strategy for SEO. After trying multiple services that didn't deliver, SEOExpress.org caught my attention. Their affordable approach helped elevate my DA from 12 to an impressive 35 in three months! My inbox is now flooding with inquiries—it's been life-changing! Give them a try if you want results like ...",https://thebacklink.shop/i-remember-when-my-local-business-had-zero-online-exposure-and-i-couldnt-afford-big-agencies-seoexpress-offered-budget-friendly-seo-and-in-six-weeks-my-daily-visits-increased-by-280-percent-with-top
rankgrowthmarket.shop,34.0,"For alphonsomango.in, we deliver premium guest posts, high-quality backlinks, on-page SEO, local SEO, web development, SaaS tools and automation tools — steady DR/DA/TF growth in competitive markets. The complete process includes website review, competitor benchmarking, anchor-risk control, placement validation, and practical growth recommendations. · Rank Growth Market — A practical ...",https://rankgrowthmarket.shop/f1be028c6-best-sidebar-links-fintech-2025-compared-7-providers-roi-detailed-campaign-breakdown-mistakes-risks-and-solutions-for-sustainable-organic-growth/
adsbookmark.com,34.0,https://alphonsomango.in/products/devgad-alphonso-mango,https://adsbookmark.com/story19095062/devgad-alphonso-mangoes-the-best-devgad-hapus-mangoes-from-maharashtra
seoexpress-organic-partners.store,48.0,"Back when I first launched alphonsomango.in, I felt lost in the digital world without much strategy for SEO. After trying multiple services that didn't deliver, SEOExpress.org caught my attention. Their affordable approach helped elevate my DA from 12 to an impressive 35 in three months! My inbox is now flooding with inquiries—it's been life-changing! Give them a try if you want results like ...",https://seoexpress-organic-partners.store/i-remember-when-my-local-business-had-zero-online-exposure-and-i-couldnt-afford-big-agencies-seoexpress-offered-budget-friendly-seo-and-in-six-weeks-my-daily-visits-increased-by-280-percent-with-top
clearranklab.shop,30.0,NAP consistency cleanup for bloggers from alphonsomango.in: flexible order sizes plus screenshots and live links rather than a bare spreadsheet,https://clearranklab.shop/4hpqf1m-15-mistakes-ecommerce-brands-make-buying-crawl/
indexqira.shop,0.0,NAP consistency cleanup for bloggers from alphonsomango.in: flexible order sizes plus screenshots and live links rather than a bare spreadsheet,https://indexqira.shop/4hpqf1m-15-mistakes-ecommerce-brands-make-buying-crawl/
kj555.net,0.1,cashew salted,https://kj555.net/category/business/
linkrivo.shop,30.0,NAP consistency cleanup for bloggers from alphonsomango.in: flexible order sizes plus screenshots and live links rather than a bare spreadsheet,https://linkrivo.shop/4hpqf1m-15-mistakes-ecommerce-brands-make-buying-crawl/
rankwares.shop,0.7,"Take alphonsomango.in to page one with guest posts, backlinks, on-page and local SEO, web development, SaaS tools and workflow automation tools — balanced DR/DA/TF growth for any business size.",https://rankwares.shop/qti013f-page1-rankings-blueprint-local-business-rank-using-authority-link-packages-dofollow-backlinks/
37486288.xyz,46.0,"Back when I first launched alphonsomango.in, I felt lost in the digital world without much strategy for SEO. After trying multiple services that didn't deliver, SEOExpress.org caught my attention. Their affordable approach helped elevate my DA from 12 to an impressive 35 in three months! My inbox is now flooding with inquiries—it's been life-changing! Give them a try if you want results like ...",https://37486288.xyz/i-remember-when-my-local-business-had-zero-online-exposure-and-i-couldnt-afford-big-agencies-seoexpress-offered-budget-friendly-seo-and-in-six-weeks-my-daily-visits-increased-by-280-percent-with-top
socialmediastore.net,45.0,https://alphonsomango.in/products/devgad-alphonso-mango,https://socialmediastore.net/story19653549/devgad-alphonso-mango-order-fresh-devgad-mangoes
ctr-agency-rank-forge.store,48.0,"Back when I first launched alphonsomango.in, I felt lost in the digital world without much strategy for SEO. After trying multiple services that didn't deliver, SEOExpress.org caught my attention. Their affordable approach helped elevate my DA from 12 to an impressive 35 in three months! My inbox is now flooding with inquiries—it's been life-changing! Give them a try if you want results like ...",https://ctr-agency-rank-forge.store/i-remember-when-my-local-business-had-zero-online-exposure-and-i-couldnt-afford-big-agencies-seoexpress-offered-budget-friendly-seo-and-in-six-weeks-my-daily-visits-increased-by-280-percent-with-top
ilovebookmarking.com,32.0,https://alphonsomango.in/products/alphonso-mango-order-online,https://ilovebookmarking.com/story19054433/buy-alphonso-mango-online-premium-hapus-mangoes-delivered-fresh-to-your-door
golden-link-building-rank-forge.store,48.0,"Back when I first launched alphonsomango.in, I felt lost in the digital world without much strategy for SEO. After trying multiple services that didn't deliver, SEOExpress.org caught my attention. Their affordable approach helped elevate my DA from 12 to an impressive 35 in three months! My inbox is now flooding with inquiries—it's been life-changing! Give them a try if you want results like ...",https://golden-link-building-rank-forge.store/i-remember-when-my-local-business-had-zero-online-exposure-and-i-couldnt-afford-big-agencies-seoexpress-offered-budget-friendly-seo-and-in-six-weeks-my-daily-visits-increased-by-280-percent-with-top
primeseohub.shop,0.0,NAP consistency cleanup for bloggers from alphonsomango.in: flexible order sizes plus screenshots and live links rather than a bare spreadsheet,https://primeseohub.shop/4hpqf1m-15-mistakes-ecommerce-brands-make-buying-crawl/
seekwinners.com,0.0,Visit store,https://seekwinners.com/stores/alphonsomango-in
kylerbkle78907.thelateblog.com,44.0,Buy Kesar Mango online,https://kylerbkle78907.thelateblog.com/36750195/uncover-the-wealthy-taste-of-kesar-mango-obtain-kesar-mango-on-the-net-in-india
linkbundle.shop,0.8,"Take alphonsomango.in to page one with guest posts, backlinks, on-page and local SEO, web development, SaaS tools and workflow automation tools — a clear DR/DA/TF lift with proven results.",https://linkbundle.shop/geo7b9e-dr-growth-blueprint-insurance-rank-using-on-page-seo-dr-boost-services/
bookmarkleader.com,32.0,https://alphonsomango.in/products/ratnagiri-alphonso-mango,https://bookmarkleader.com/story19080125/buy-ratnagiri-alphonso-mango-premium-hapus-mangoes-from-ratnagiri
37486458.xyz,46.0,"Back when I first launched alphonsomango.in, I felt lost in the digital world without much strategy for SEO. After trying multiple services that didn't deliver, SEOExpress.org caught my attention. Their affordable approach helped elevate my DA from 12 to an impressive 35 in three months! My inbox is now flooding with inquiries—it's been life-changing! Give them a try if you want results like ...",https://37486458.xyz/i-remember-when-my-local-business-had-zero-online-exposure-and-i-couldnt-afford-big-agencies-seoexpress-offered-budget-friendly-seo-and-in-six-weeks-my-daily-visits-increased-by-280-percent-with-top
dynamic-niche-edit-and-contextual-link-systems.store,48.0,"Back when I first launched alphonsomango.in, I felt lost in the digital world without much strategy for SEO. After trying multiple services that didn't deliver, SEOExpress.org caught my attention. Their affordable approach helped elevate my DA from 12 to an impressive 35 in three months! My inbox is now flooding with inquiries—it's been life-changing! Give them a try if you want results like ...",https://dynamic-niche-edit-and-contextual-link-systems.store/i-remember-when-my-local-business-had-zero-online-exposure-and-i-couldnt-afford-big-agencies-seoexpress-offered-budget-friendly-seo-and-in-six-weeks-my-daily-visits-increased-by-280-percent-with-top
sharpranklab.shop,0.0,NAP consistency cleanup for bloggers from alphonsomango.in: flexible order sizes plus screenshots and live links rather than a bare spreadsheet,https://sharpranklab.shop/4hpqf1m-15-mistakes-ecommerce-brands-make-buying-crawl/
linkbarn.shop,0.7,"Grow alphonsomango.in with premium guest posts, contextual backlinks, on-page and local SEO, conversion-focused web development, SaaS tools and automation tools — a strong DR/DA/TF increase across any niche.",https://linkbarn.shop/rh0u8tt-organic-growth-blueprint-financial-advisory-rank-using-automation-tools-link-insertions/
bhs-links-r247.xyz,0.0,TG @BHS_LINKS - BEST SEO LINKS - https://telegram.me/bhs_links,https://bhs-links-r247.xyz/usa_farm_2-01-09-2026/bhs-links-usa_farm_2-2952-11/
siterankprovider.shop,0.1,"alphonsomango.in gets backlinks and guest posts, on-page SEO, local SEO, custom web development, SaaS integrations and automation tools, together driving DR/DA/TF that climbs steadily for every sector. The strategy also covers competitor research, natural anchor distribution, quality verification, and clear monthly performance reporting. · Site Rank Provider — A professional provider of ...",https://siterankprovider.shop/b5d88ca91-60-day-traffic-services-case-study-real-estate-placements-anchors-rankings-complete-implementation-guide-mistakes-risks-and-solutions-for-lasting-ranking-improvements/
creativeposts.top,41.0,alphonsomango.in,https://creativeposts.top/stats/57385
authoritywave.shop,30.0,NAP consistency cleanup for bloggers from alphonsomango.in: flexible order sizes plus screenshots and live links rather than a bare spreadsheet,https://authoritywave.shop/4hpqf1m-15-mistakes-ecommerce-brands-make-buying-crawl/
domainrankpartners.shop,34.0,"For alphonsomango.in, we deliver contextual backlinks, premium guest posts, on-page SEO, local SEO, custom web development, SaaS tools plus automation tools — long-term DR/DA/TF gains built to last. The plan remains focused on natural relevance, credible sources, balanced optimization, measurable search gains, and sustainable long-term execution. · Domain Rank Partners — Trusted strategic ...",https://domainrankpartners.shop/3b2bd15c4-6-month-press-release-links-journey-financial-advisory-dr5-to-dr50-practical-execution-roadmap-budget-links-and-content-for-competitive-serp-results/
theguestposts.shop,48.0,"Back when I first launched alphonsomango.in, I felt lost in the digital world without much strategy for SEO. After trying multiple services that didn't deliver, SEOExpress.org caught my attention. Their affordable approach helped elevate my DA from 12 to an impressive 35 in three months! My inbox is now flooding with inquiries—it's been life-changing! Give them a try if you want results like ...",https://theguestposts.shop/i-remember-when-my-local-business-had-zero-online-exposure-and-i-couldnt-afford-big-agencies-seoexpress-offered-budget-friendly-seo-and-in-six-weeks-my-daily-visits-increased-by-280-percent-with-top
authentic-seoexpress-keyword-firm.store,48.0,"Back when I first launched alphonsomango.in, I felt lost in the digital world without much strategy for SEO. After trying multiple services that didn't deliver, SEOExpress.org caught my attention. Their affordable approach helped elevate my DA from 12 to an impressive 35 in three months! My inbox is now flooding with inquiries—it's been life-changing! Give them a try if you want results like ...",https://authentic-seoexpress-keyword-firm.store/i-remember-when-my-local-business-had-zero-online-exposure-and-i-couldnt-afford-big-agencies-seoexpress-offered-budget-friendly-seo-and-in-six-weeks-my-daily-visits-increased-by-280-percent-with-top
brightboosthub.shop,30.0,"Shopify development and EDU links from alphonsomango.in for law firm marketers in Europe, sized for test batches and bulk runs alike and reported with live reporting you can check any day.",https://brightboosthub.shop/wwspsao-guest-posts-buying-guide-multi-location-brands-actually-needed/
anchornaro.shop,30.0,NAP consistency cleanup for bloggers from alphonsomango.in: flexible order sizes plus screenshots and live links rather than a bare spreadsheet,https://anchornaro.shop/4hpqf1m-15-mistakes-ecommerce-brands-make-buying-crawl/
indexvexa.shop,0.0,NAP consistency cleanup for bloggers from alphonsomango.in: flexible order sizes plus screenshots and live links rather than a bare spreadsheet,https://indexvexa.shop/4hpqf1m-15-mistakes-ecommerce-brands-make-buying-crawl/
germanyapteka.com,12.0,TELEGRAM @MASSLINKER | SOFTWARE TO PUBLISH BACKLINKS YOURSELF | MASSLINKER.COM,https://germanyapteka.com/telegram-masslinker-software-to-publish-backlinks-4-5/
nextlinkpro.shop,0.0,NAP consistency cleanup for bloggers from alphonsomango.in: flexible order sizes plus screenshots and live links rather than a bare spreadsheet,https://nextlinkpro.shop/4hpqf1m-15-mistakes-ecommerce-brands-make-buying-crawl/
thepetservicesweb.com,53.0,buy ajwa dates online,https://www.thepetservicesweb.com/board/board_topic/2701171/6085819.htm
premium-solutions-for-serp-boost-and-content-marketing.store,48.0,"Back when I first launched alphonsomango.in, I felt lost in the digital world without much strategy for SEO. After trying multiple services that didn't deliver, SEOExpress.org caught my attention. Their affordable approach helped elevate my DA from 12 to an impressive 35 in three months! My inbox is now flooding with inquiries—it's been life-changing! Give them a try if you want results like ...",https://premium-solutions-for-serp-boost-and-content-marketing.store/i-remember-when-my-local-business-had-zero-online-exposure-and-i-couldnt-afford-big-agencies-seoexpress-offered-budget-friendly-seo-and-in-six-weeks-my-daily-visits-increased-by-280-percent-with-top
indexzaro.shop,0.0,NAP consistency cleanup for bloggers from alphonsomango.in: flexible order sizes plus screenshots and live links rather than a bare spreadsheet,https://indexzaro.shop/4hpqf1m-15-mistakes-ecommerce-brands-make-buying-crawl/
seo-cartel-0-175.xyz,0.0,"'@SEO_CARTEL IN TELEGRAM - SEO BACKLINKS, BULK LINK POSTING, BOOST SEO RANKING",https://seo-cartel-0-175.xyz/namibia_taro-01-09-2026/seo-cartel-namibia_taro-2972-3/
newblogerseo.com,0.0,High Quality Dofollow Backlinks DA 50 PA 40 Premium PBN Network Service alphonsomango.in Rank First Page Google Fast SEO Link Building Buy Backlinks Online Cheap,https://newblogerseo.com/anchor-text-index/expert-white-hat-seo-links-for-higher-da-and-dr-scores-drive-qualified-visitors-with-full-placement-reporting-f9724e.html
advanced-search-seoexpress-pros.store,48.0,"Back when I first launched alphonsomango.in, I felt lost in the digital world without much strategy for SEO. After trying multiple services that didn't deliver, SEOExpress.org caught my attention. Their affordable approach helped elevate my DA from 12 to an impressive 35 in three months! My inbox is now flooding with inquiries—it's been life-changing! Give them a try if you want results like ...",https://advanced-search-seoexpress-pros.store/i-remember-when-my-local-business-had-zero-online-exposure-and-i-couldnt-afford-big-agencies-seoexpress-offered-budget-friendly-seo-and-in-six-weeks-my-daily-visits-increased-by-280-percent-with-top
digital-pr-and-domain-rating-premium-experts.store,48.0,"Back when I first launched alphonsomango.in, I felt lost in the digital world without much strategy for SEO. After trying multiple services that didn't deliver, SEOExpress.org caught my attention. Their affordable approach helped elevate my DA from 12 to an impressive 35 in three months! My inbox is now flooding with inquiries—it's been life-changing! Give them a try if you want results like ...",https://digital-pr-and-domain-rating-premium-experts.store/i-remember-when-my-local-business-had-zero-online-exposure-and-i-couldnt-afford-big-agencies-seoexpress-offered-budget-friendly-seo-and-in-six-weeks-my-daily-visits-increased-by-280-percent-with-top
serpvexa.shop,0.0,NAP consistency cleanup for bloggers from alphonsomango.in: flexible order sizes plus screenshots and live links rather than a bare spreadsheet,https://serpvexa.shop/4hpqf1m-15-mistakes-ecommerce-brands-make-buying-crawl/
googleseoauthority.shop,0.1,"Take alphonsomango.in to page one with contextual backlinks, premium guest posts, on-page SEO, local SEO, custom web development, SaaS tools plus automation tools — balanced DR/DA/TF growth worldwide. We strengthen the campaign with keyword mapping, source diversification, placement audits, performance benchmarks, and straightforward reporting. · Google SEO Authority — An authority-focused ...",https://googleseoauthority.shop/b83c5a701-web-development-vs-homepage-links-real-estate-cost-speed-quality-ranking-outcomes-practical-execution-roadmap-budget-links-and-content-for-scalable-seo-performance/
webranksystems.shop,0.1,"Complete SEO for alphonsomango.in: contextual backlinks, premium guest posts, on-page SEO, local SEO, custom web development, SaaS tools plus automation tools, delivering DR/DA/TF that climbs steadily with proven results. The strategy also covers competitor research, natural anchor distribution, quality verification, and clear monthly performance reporting. · Web Rank Systems — Advanced systems ...",https://webranksystems.shop/069f013d6-niche-edits-outranked-bigger-competitors-pharmaceutical-money-site-every-dollar-ranking-tracked-detailed-campaign-breakdown-tools-tactics-and-insights-for-reliable-page-one-progress/
rapidlinkpro.shop,0.0,NAP consistency cleanup for bloggers from alphonsomango.in: flexible order sizes plus screenshots and live links rather than a bare spreadsheet,https://rapidlinkpro.shop/4hpqf1m-15-mistakes-ecommerce-brands-make-buying-crawl/
elite-outreach-seoexpress-pros.store,48.0,"Back when I first launched alphonsomango.in, I felt lost in the digital world without much strategy for SEO. After trying multiple services that didn't deliver, SEOExpress.org caught my attention. Their affordable approach helped elevate my DA from 12 to an impressive 35 in three months! My inbox is now flooding with inquiries—it's been life-changing! Give them a try if you want results like ...",https://elite-outreach-seoexpress-pros.store/i-remember-when-my-local-business-had-zero-online-exposure-and-i-couldnt-afford-big-agencies-seoexpress-offered-budget-friendly-seo-and-in-six-weeks-my-daily-visits-increased-by-280-percent-with-top
byteboostforge.shop,37.0,"Proven Guest Post Service for alphonsomango.in to Increase Trust Flow. Grow Search Traffic, with Safe Link Velocity.",https://www.byteboostforge.shop/search-visibility-network/effective-white-hat-seo-links-to-boost-domain-authority-strengthen-website-reputation-across-every-niche-and-market-60c0ec.html
topbillion.net,14.0,alphonsomango.in,https://www.topbillion.net/domains/19841/adb323edef505da6a75a88a8c221b336/
authoritypeak.shop,30.0,NAP consistency cleanup for bloggers from alphonsomango.in: flexible order sizes plus screenshots and live links rather than a bare spreadsheet,https://authoritypeak.shop/4hpqf1m-15-mistakes-ecommerce-brands-make-buying-crawl/
ecybertechdesigns.com,23.0,Kesar,https://www.ecybertechdesigns.com/page/2/
leading-partners-for-domain-rating-and-do-follow.store,48.0,"Back when I first launched alphonsomango.in, I felt lost in the digital world without much strategy for SEO. After trying multiple services that didn't deliver, SEOExpress.org caught my attention. Their affordable approach helped elevate my DA from 12 to an impressive 35 in three months! My inbox is now flooding with inquiries—it's been life-changing! Give them a try if you want results like ...",https://leading-partners-for-domain-rating-and-do-follow.store/i-remember-when-my-local-business-had-zero-online-exposure-and-i-couldnt-afford-big-agencies-seoexpress-offered-budget-friendly-seo-and-in-six-weeks-my-daily-visits-increased-by-280-percent-with-top
toprankauthority.shop,0.1,"alphonsomango.in gets high-DR backlinks, editorial guest posts, on-page SEO, local SEO, web development, SaaS tools and automation tools, together driving a noticeable DR/DA/TF rise tailored to your vertical. Campaign quality is protected through manual review, realistic pacing, diversified sources, accurate reporting, and continuous performance checks. · Top Rank Authority — An ...",https://toprankauthority.shop/ee21ba3c6-page5-to-page1-b2b-30-day-strategy-only-editorial-links-step-by-step-strategy-planning-testing-and-tracking-for-reliable-page-one-progress/
freshalphonsomango217.blogspothub.com,42.0,Alphonso Mango Order Online,https://freshalphonsomango217.blogspothub.com/32404532/why-you-should-buy-alphonso-mango-online-the-best-mango-experience
maroonbookmarks.com,32.0,https://alphonsomango.in/,https://maroonbookmarks.com/story19145387/alphonso-mango-the-king-of-mangoes-and-its-irresistible-taste
optimizeflow.top,37.0,alphonsomango.in,https://optimizeflow.top/stats/57385
rankmall.shop,0.7,"Take alphonsomango.in to page one with guest posts, backlinks, on-page and local SEO, web development, SaaS tools and workflow automation tools — balanced DR/DA/TF growth for any business size.",https://rankmall.shop/qti013f-page1-rankings-blueprint-local-business-rank-using-authority-link-packages-dofollow-backlinks/
getsocialnetwork.com,32.0,https://alphonsomango.in/products/ratnagiri-alphonso-mango,https://getsocialnetwork.com/story4545038/taste-the-best-ratnagiri-alphonso-mangoes-sweet-juicy-and-fresh-ratnagiri-mangoes
11763754.xyz,44.0,"Back when I first launched alphonsomango.in, I felt lost in the digital world without much strategy for SEO. After trying multiple services that didn't deliver, SEOExpress.org caught my attention. Their affordable approach helped elevate my DA from 12 to an impressive 35 in three months! My inbox is now flooding with inquiries—it's been life-changing! Give them a try if you want results like ...",https://11763754.xyz/i-remember-when-my-local-business-had-zero-online-exposure-and-i-couldnt-afford-big-agencies-seoexpress-offered-budget-friendly-seo-and-in-six-weeks-my-daily-visits-increased-by-280-percent-with-top
easyranklab.shop,0.0,NAP consistency cleanup for bloggers from alphonsomango.in: flexible order sizes plus screenshots and live links rather than a bare spreadsheet,https://easyranklab.shop/4hpqf1m-15-mistakes-ecommerce-brands-make-buying-crawl/
indexrixa.shop,0.0,NAP consistency cleanup for bloggers from alphonsomango.in: flexible order sizes plus screenshots and live links rather than a bare spreadsheet,https://indexrixa.shop/4hpqf1m-15-mistakes-ecommerce-brands-make-buying-crawl/
raymondvrgq58134.bloggactif.com,44.0,Devgad Alphonso Mango,https://raymondvrgq58134.bloggactif.com/34683900/devgad-alphonso-mango-the-king-of-mangoes-from-maharashtra
rankqaro.shop,0.0,NAP consistency cleanup for bloggers from alphonsomango.in: flexible order sizes plus screenshots and live links rather than a bare spreadsheet,https://rankqaro.shop/4hpqf1m-15-mistakes-ecommerce-brands-make-buying-crawl/
crawllivo.shop,0.0,NAP consistency cleanup for bloggers from alphonsomango.in: flexible order sizes plus screenshots and live links rather than a bare spreadsheet,https://crawllivo.shop/4hpqf1m-15-mistakes-ecommerce-brands-make-buying-crawl/
seooutlet.shop,0.7,"Take alphonsomango.in to page one with guest posts, backlinks, on-page and local SEO, web development, SaaS tools and workflow automation tools — balanced DR/DA/TF growth for any business size.",https://seooutlet.shop/qti013f-page1-rankings-blueprint-local-business-rank-using-authority-link-packages-dofollow-backlinks/
pr1bookmarks.com,34.0,https://alphonsomango.in/products/devgad-alphonso-mango,https://pr1bookmarks.com/story19337814/devgad-alphonso-mangoes-the-best-devgad-hapus-mangoes-from-maharashtra
tongshunticket.com,60.0,buy cashew nuts online,https://tongshunticket.com/category/business/page/2/
authoritybacklinks.shop,53.0,alphonsomango.in Outranks Competitors: Google-Indexed Guest Posts + Dofollow Backlinks + Increase Ahrefs Domain Rating DR • Moz Domain Authority DA • Majestic Trust Flow TF — Any Website • Any Niche • Any Language,https://authoritybacklinks.shop/zkb31w3-sidebar-backlinks-pharmaceutical-websites-2025-still-pass-link-equity-google-devalued/
dominickpneq36924.blogtov.com,43.0,Alphonso Mango,https://dominickpneq36924.blogtov.com/13953812/the-royal-majesty-of-fruits-ratnagiri-alphonso-mango
sharplinkpro.shop,0.0,NAP consistency cleanup for bloggers from alphonsomango.in: flexible order sizes plus screenshots and live links rather than a bare spreadsheet,https://sharplinkpro.shop/4hpqf1m-15-mistakes-ecommerce-brands-make-buying-crawl/
seo-cartel-0-187.xyz,0.0,"'@SEO_CARTEL IN TELEGRAM - SEO BACKLINKS, BULK LINK POSTING, BOOST SEO RANKING",https://seo-cartel-0-187.xyz/namibia_taro-01-09-2026/seo-cartel-namibia_taro-2972-8/
allegrilink.com,7.0,TELEGRAM @MASSLINKER | SOFTWARE TO PUBLISH BACKLINKS YOURSELF | MASSLINKER.COM,https://allegrilink.com/telegram-masslinker-software-to-publish-backlinks-4-4/
rankcollective.shop,0.1,"alphonsomango.in: contextual backlinks, premium guest posts, on-page SEO, local SEO, custom web development, SaaS tools plus automation tools, all driving durable DR/DA/TF gains built to last. The strategy also covers competitor research, natural anchor distribution, quality verification, and clear monthly performance reporting. · Rank Collective — An expert collective focused on search ...",https://rankcollective.shop/6e6959da1-build-unstoppable-legal-serp-authority-link-packages-niche-edits-traffic-playbook-detailed-campaign-breakdown-authority-traffic-and-conversions-for-reliable-page-one-progress/
searchrankbuilders.shop,34.0,"Complete SEO for alphonsomango.in: guest posts, backlinks, on-page and local SEO, web development, SaaS tools and workflow automation tools, delivering a noticeable DR/DA/TF rise with proven results. Campaign quality is protected through manual review, realistic pacing, diversified sources, accurate reporting, and continuous performance checks. · Search Rank Builders — Growth builders ...",https://searchrankbuilders.shop/f094fcd27-scaling-sidebar-links-healthcare-agencies-hundreds-monthly-placements-quality-long-term-seo-method-examples-metrics-and-lessons-for-stronger-domain-authority/
gkeads.com,52.0,saffron buy online,https://gkeads.com/the-top-5-natural-diet-supplements-a-review/
37486257.xyz,46.0,"Back when I first launched alphonsomango.in, I felt lost in the digital world without much strategy for SEO. After trying multiple services that didn't deliver, SEOExpress.org caught my attention. Their affordable approach helped elevate my DA from 12 to an impressive 35 in three months! My inbox is now flooding with inquiries—it's been life-changing! Give them a try if you want results like ...",https://37486257.xyz/i-remember-when-my-local-business-had-zero-online-exposure-and-i-couldnt-afford-big-agencies-seoexpress-offered-budget-friendly-seo-and-in-six-weeks-my-daily-visits-increased-by-280-percent-with-top
outreachlane.shop,0.0,NAP consistency cleanup for bloggers from alphonsomango.in: flexible order sizes plus screenshots and live links rather than a bare spreadsheet,https://outreachlane.shop/4hpqf1m-15-mistakes-ecommerce-brands-make-buying-crawl/
peakbookmarks.com,32.0,https://alphonsomango.in/products/ratnagiri-alphonso-mango,https://peakbookmarks.com/story19135934/buy-ratnagiri-alphonso-mango-premium-hapus-mangoes-from-ratnagiri
seoexpress-verified-high-da-consultants.store,48.0,"Back when I first launched alphonsomango.in, I felt lost in the digital world without much strategy for SEO. After trying multiple services that didn't deliver, SEOExpress.org caught my attention. Their affordable approach helped elevate my DA from 12 to an impressive 35 in three months! My inbox is now flooding with inquiries—it's been life-changing! Give them a try if you want results like ...",https://seoexpress-verified-high-da-consultants.store/i-remember-when-my-local-business-had-zero-online-exposure-and-i-couldnt-afford-big-agencies-seoexpress-offered-budget-friendly-seo-and-in-six-weeks-my-daily-visits-increased-by-280-percent-with-top
nextranklab.shop,0.0,NAP consistency cleanup for bloggers from alphonsomango.in: flexible order sizes plus screenshots and live links rather than a bare spreadsheet,https://nextranklab.shop/4hpqf1m-15-mistakes-ecommerce-brands-make-buying-crawl/
luxury-seoexpress-tier-1-house.store,48.0,"Back when I first launched alphonsomango.in, I felt lost in the digital world without much strategy for SEO. After trying multiple services that didn't deliver, SEOExpress.org caught my attention. Their affordable approach helped elevate my DA from 12 to an impressive 35 in three months! My inbox is now flooding with inquiries—it's been life-changing! Give them a try if you want results like ...",https://luxury-seoexpress-tier-1-house.store/i-remember-when-my-local-business-had-zero-online-exposure-and-i-couldnt-afford-big-agencies-seoexpress-offered-budget-friendly-seo-and-in-six-weeks-my-daily-visits-increased-by-280-percent-with-top
indexlora.shop,0.0,NAP consistency cleanup for bloggers from alphonsomango.in: flexible order sizes plus screenshots and live links rather than a bare spreadsheet,https://indexlora.shop/4hpqf1m-15-mistakes-ecommerce-brands-make-buying-crawl/
rankseohub.shop,0.7,"Take alphonsomango.in to page one with guest posts, backlinks, on-page and local SEO, web development, SaaS tools and workflow automation tools — balanced DR/DA/TF growth for any business size.",https://rankseohub.shop/qti013f-page1-rankings-blueprint-local-business-rank-using-authority-link-packages-dofollow-backlinks/
rankgear.shop,0.7,"Take alphonsomango.in to page one with guest posts, backlinks, on-page and local SEO, web development, SaaS tools and workflow automation tools — balanced DR/DA/TF growth for any business size.",https://rankgear.shop/qti013f-page1-rankings-blueprint-local-business-rank-using-authority-link-packages-dofollow-backlinks/
linkchest.shop,0.7,"alphonsomango.in gets premium guest posts, high-quality backlinks, on-page SEO, local SEO, web development, SaaS tools and automation tools, together driving higher DR/DA/TF across the board for any industry.",https://linkchest.shop/kee410u-6-month-tiered-link-building-case-study-ymyl-placements-anchors-rankings/
020nanwei.com,53.0,Saffron,https://020nanwei.com/saffron-extract-a-natural-appetite-suppressant/
seoexpress-authority-portal.store,48.0,"Back when I first launched alphonsomango.in, I felt lost in the digital world without much strategy for SEO. After trying multiple services that didn't deliver, SEOExpress.org caught my attention. Their affordable approach helped elevate my DA from 12 to an impressive 35 in three months! My inbox is now flooding with inquiries—it's been life-changing! Give them a try if you want results like ...",https://seoexpress-authority-portal.store/i-remember-when-my-local-business-had-zero-online-exposure-and-i-couldnt-afford-big-agencies-seoexpress-offered-budget-friendly-seo-and-in-six-weeks-my-daily-visits-increased-by-280-percent-with-top
37486319.xyz,46.0,"Back when I first launched alphonsomango.in, I felt lost in the digital world without much strategy for SEO. After trying multiple services that didn't deliver, SEOExpress.org caught my attention. Their affordable approach helped elevate my DA from 12 to an impressive 35 in three months! My inbox is now flooding with inquiries—it's been life-changing! Give them a try if you want results like ...",https://37486319.xyz/i-remember-when-my-local-business-had-zero-online-exposure-and-i-couldnt-afford-big-agencies-seoexpress-offered-budget-friendly-seo-and-in-six-weeks-my-daily-visits-increased-by-280-percent-with-top
seorixa.shop,0.0,NAP consistency cleanup for bloggers from alphonsomango.in: flexible order sizes plus screenshots and live links rather than a bare spreadsheet,https://seorixa.shop/4hpqf1m-15-mistakes-ecommerce-brands-make-buying-crawl/
rankgrowthservice.shop,0.1,"Grow alphonsomango.in with guest posts, backlinks, on-page and local SEO, web development, SaaS tools and workflow automation tools — steady DR/DA/TF growth for any industry. We also prioritize topical relevance, clean placement standards, sensible campaign pacing, and reporting that connects work to outcomes. · Rank Growth Service — Managed professional services for organic ranking growth, ...",https://rankgrowthservice.shop/190ceb59b-bought-saas-tools-legal-site-45-day-review-metrics-rankings-traffic-proven-optimization-process-authority-traffic-and-conversions-for-consistent-traffic-growth/
37486186.xyz,46.0,"Back when I first launched alphonsomango.in, I felt lost in the digital world without much strategy for SEO. After trying multiple services that didn't deliver, SEOExpress.org caught my attention. Their affordable approach helped elevate my DA from 12 to an impressive 35 in three months! My inbox is now flooding with inquiries—it's been life-changing! Give them a try if you want results like ...",https://37486186.xyz/i-remember-when-my-local-business-had-zero-online-exposure-and-i-couldnt-afford-big-agencies-seoexpress-offered-budget-friendly-seo-and-in-six-weeks-my-daily-visits-increased-by-280-percent-with-top
seocartly.shop,0.7,"Take alphonsomango.in to page one with guest posts, backlinks, on-page and local SEO, web development, SaaS tools and workflow automation tools — balanced DR/DA/TF growth for any business size.",https://seocartly.shop/qti013f-page1-rankings-blueprint-local-business-rank-using-authority-link-packages-dofollow-backlinks/
luxury-outrank-hq-crew.store,48.0,"Back when I first launched alphonsomango.in, I felt lost in the digital world without much strategy for SEO. After trying multiple services that didn't deliver, SEOExpress.org caught my attention. Their affordable approach helped elevate my DA from 12 to an impressive 35 in three months! My inbox is now flooding with inquiries—it's been life-changing! Give them a try if you want results like ...",https://luxury-outrank-hq-crew.store/i-remember-when-my-local-business-had-zero-online-exposure-and-i-couldnt-afford-big-agencies-seoexpress-offered-budget-friendly-seo-and-in-six-weeks-my-daily-visits-increased-by-280-percent-with-top
buyhapusmango589.daneblogger.com,43.0,Alphonso Mango Order Online,https://buyhapusmango589.daneblogger.com/32393925/devgad-hapus-mango-a-tropical-delight-like-no-other
seo-cartel-0-176.xyz,0.0,"'@SEO_CARTEL IN TELEGRAM - SEO BACKLINKS, BULK LINK POSTING, BOOST SEO RANKING",https://seo-cartel-0-176.xyz/namibia_taro-01-09-2026/seo-cartel-namibia_taro-2972-8/
11763809.xyz,44.0,"Back when I first launched alphonsomango.in, I felt lost in the digital world without much strategy for SEO. After trying multiple services that didn't deliver, SEOExpress.org caught my attention. Their affordable approach helped elevate my DA from 12 to an impressive 35 in three months! My inbox is now flooding with inquiries—it's been life-changing! Give them a try if you want results like ...",https://11763809.xyz/i-remember-when-my-local-business-had-zero-online-exposure-and-i-couldnt-afford-big-agencies-seoexpress-offered-budget-friendly-seo-and-in-six-weeks-my-daily-visits-increased-by-280-percent-with-top
murvi.shop,0.0,"Proven Guest Post Service for alphonsomango.in to Increase Trust Flow. Grow Search Traffic, with Safe Link Velocity.",https://murvi.shop/ranking-resources/effective-dofollow-link-building-for-higher-da-and-dr-scores-build-lasting-authority-with-full-placement-reporting-c36eb7.html
topicology.co,5.0,Order Your Alphonso Mango Online Direct to your Home,https://topicology.co/summer-delights-delivered-experience-ratnagiri-and-devgad-alphonso-mangoes-at-your-doorstep/
martinvcbe55543.designertoblog.com,51.0,Alphonso Mango,https://martinvcbe55543.designertoblog.com/64718867/alphonso-mango-the-mango-empire-king-of-fruits-obtainable-on-the-net
toprankmasters.shop,0.1,"Take alphonsomango.in to page one with backlinks and guest posts, on-page SEO, local SEO, custom web development, SaaS integrations and automation tools — steady DR/DA/TF growth tailored to your vertical. Results are supported by relevant placements, sensible link velocity, documented checks, competitor comparisons, and clear evidence of progress. · Top Rank Masters — Experienced specialists ...",https://toprankmasters.shop/87a7b7e87-sidebar-links-doubled-organic-revenue-90-days-finance-money-site-every-dollar-ranking-tracked-detailed-campaign-breakdown-tools-tactics-and-insights-for-consistent-traffic-growth/
11763776.xyz,44.0,"Back when I first launched alphonsomango.in, I felt lost in the digital world without much strategy for SEO. After trying multiple services that didn't deliver, SEOExpress.org caught my attention. Their affordable approach helped elevate my DA from 12 to an impressive 35 in three months! My inbox is now flooding with inquiries—it's been life-changing! Give them a try if you want results like ...",https://11763776.xyz/i-remember-when-my-local-business-had-zero-online-exposure-and-i-couldnt-afford-big-agencies-seoexpress-offered-budget-friendly-seo-and-in-six-weeks-my-daily-visits-increased-by-280-percent-with-top
leirenyulu.com,51.0,saffron buy online,https://leirenyulu.com/author/localdomains/page/3/
hydraruzxpnew4afb.com,42.0,buy kashmir saffron online,https://www.hydraruzxpnew4afb.com/the-recipes-and-foods-of-morocco/
freshranklab.shop,30.0,NAP consistency cleanup for bloggers from alphonsomango.in: flexible order sizes plus screenshots and live links rather than a bare spreadsheet,https://freshranklab.shop/4hpqf1m-15-mistakes-ecommerce-brands-make-buying-crawl/
37486214.xyz,46.0,"Back when I first launched alphonsomango.in, I felt lost in the digital world without much strategy for SEO. After trying multiple services that didn't deliver, SEOExpress.org caught my attention. Their affordable approach helped elevate my DA from 12 to an impressive 35 in three months! My inbox is now flooding with inquiries—it's been life-changing! Give them a try if you want results like ...",https://37486214.xyz/i-remember-when-my-local-business-had-zero-online-exposure-and-i-couldnt-afford-big-agencies-seoexpress-offered-budget-friendly-seo-and-in-six-weeks-my-daily-visits-increased-by-280-percent-with-top
ffptv.com,59.0,buy cashew nuts online,https://ffptv.com/broccoli-salad-deluxe-fresh-summer-salads-perfect-for-picnic-or-at-the-beach/
anchorvexa.shop,30.0,NAP consistency cleanup for bloggers from alphonsomango.in: flexible order sizes plus screenshots and live links rather than a bare spreadsheet,https://anchorvexa.shop/4hpqf1m-15-mistakes-ecommerce-brands-make-buying-crawl/
alexisopjs47914.bloguetechno.com,60.0,Devgad mangoes,https://alexisopjs47914.bloguetechno.com/devgad-alphonso-mango-the-royal-mango-of-maharashtra-a-taste-of-excellence-68563278
vakass.com,36.0,Kesar,https://www.vakass.com/saffron-for-weight-loss/
trueseolink.shop,0.0,NAP consistency cleanup for bloggers from alphonsomango.in: flexible order sizes plus screenshots and live links rather than a bare spreadsheet,https://trueseolink.shop/4hpqf1m-15-mistakes-ecommerce-brands-make-buying-crawl/
louisxxow58012.blogdiloz.com,44.0,Alphonso Mango,https://louisxxow58012.blogdiloz.com/32493416/alphonso-mango-mango-royalty-the-king-is-here-available-on-line
loremipse.com,51.0,buy kashmir saffron online,https://loremipse.com/page/10/
quotesblom.com,3.5,High Quality Dofollow Backlinks DA 50 PA 40 Premium PBN Network Service alphonsomango.in Rank First Page Google Fast SEO Link Building Buy Backlinks Online Cheap,https://quotesblom.com/all/217/25.html
pbnseolinks.shop,53.0,Premium Authority Guest Posts + White-Hat Dofollow Backlinks for alphonsomango.in — Improve Ahrefs Domain Rating DR | Moz Domain Authority DA | Majestic Trust Flow TF Explode — Rank Higher on Google Fast — English + All Languages • Any Niche,https://pbnseolinks.shop/mlsto9i-aged-content-advantage-niche-edits-google-trusts-existing-marketplace-vs-guest-post/
smart-indexer-seoexpress.store,48.0,"Back when I first launched alphonsomango.in, I felt lost in the digital world without much strategy for SEO. After trying multiple services that didn't deliver, SEOExpress.org caught my attention. Their affordable approach helped elevate my DA from 12 to an impressive 35 in three months! My inbox is now flooding with inquiries—it's been life-changing! Give them a try if you want results like ...",https://smart-indexer-seoexpress.store/i-remember-when-my-local-business-had-zero-online-exposure-and-i-couldnt-afford-big-agencies-seoexpress-offered-budget-friendly-seo-and-in-six-weeks-my-daily-visits-increased-by-280-percent-with-top
thetoprankingseo.shop,49.0,"Back when I first launched alphonsomango.in, I felt lost in the digital world without much strategy for SEO. After trying multiple services that didn't deliver, SEOExpress.org caught my attention. Their affordable approach helped elevate my DA from 12 to an impressive 35 in three months! My inbox is now flooding with inquiries—it's been life-changing! Give them a try if you want results like ...",https://thetoprankingseo.shop/i-remember-when-my-local-business-had-zero-online-exposure-and-i-couldnt-afford-big-agencies-seoexpress-offered-budget-friendly-seo-and-in-six-weeks-my-daily-visits-increased-by-280-percent-with-top
seotexa.shop,0.0,NAP consistency cleanup for bloggers from alphonsomango.in: flexible order sizes plus screenshots and live links rather than a bare spreadsheet,https://seotexa.shop/4hpqf1m-15-mistakes-ecommerce-brands-make-buying-crawl/
onlinenursingdegreenow.net,11.0,"TELEGRAM @SEO_LINKK_ORDER – SEO BACKLINKS, HOMEPAGE LINKS, CROSSLINKS",http://onlinenursingdegreenow.net/telegram-seo-linkk-order-seo-backlinks-homepage-4-2/
mervi.shop,0.0,High Quality Dofollow Backlinks DA 50 PA 40 Premium PBN Network Service alphonsomango.in Rank First Page Google Fast SEO Link Building Buy Backlinks Online Cheap,https://mervi.shop/backlink-audit-hub/expert-pbn-backlinks-designed-to-improve-da-dr-and-tf-outrank-your-competitors-with-full-placement-reporting-23a828.html
clearlinkpro.shop,30.0,NAP consistency cleanup for bloggers from alphonsomango.in: flexible order sizes plus screenshots and live links rather than a bare spreadsheet,https://clearlinkpro.shop/4hpqf1m-15-mistakes-ecommerce-brands-make-buying-crawl/
iwanttobookmark.com,31.0,https://alphonsomango.in/products/ratnagiri-alphonso-mango,https://iwanttobookmark.com/story19167681/taste-the-best-of-nature-with-ratnagiri-alphonso-mangoes
naturalbookmarks.com,32.0,https://alphonsomango.in/products/alphonso-mango-order-online,https://naturalbookmarks.com/story19105993/buy-alphonso-mango-online-premium-hapus-mango-delivered-to-your-doorstep
uczwebsite.com,52.0,cashew salted,https://uczwebsite.com/2022/05/
grandboosthub.shop,30.0,NAP consistency cleanup for bloggers from alphonsomango.in: flexible order sizes plus screenshots and live links rather than a bare spreadsheet,https://grandboosthub.shop/4hpqf1m-15-mistakes-ecommerce-brands-make-buying-crawl/
rfwsq.com,52.0,buy kashmir saffron online,https://rfwsq.com/how-to-boost-libido-in-women-naturally-get-a-powerful-libido/
five.co.in,7.0,alphonsomango.in,https://www.five.co.in/domains/1985/45378685a6134734487c2136c6eeabd4/
easyboosthub.shop,0.0,NAP consistency cleanup for bloggers from alphonsomango.in: flexible order sizes plus screenshots and live links rather than a bare spreadsheet,https://easyboosthub.shop/4hpqf1m-15-mistakes-ecommerce-brands-make-buying-crawl/
vividboosthub.shop,0.0,NAP consistency cleanup for bloggers from alphonsomango.in: flexible order sizes plus screenshots and live links rather than a bare spreadsheet,https://vividboosthub.shop/4hpqf1m-15-mistakes-ecommerce-brands-make-buying-crawl/
rankcrate.shop,2.8,"Take alphonsomango.in to page one with guest posts, backlinks, on-page and local SEO, web development, SaaS tools and workflow automation tools — balanced DR/DA/TF growth for any business size.",https://rankcrate.shop/qti013f-page1-rankings-blueprint-local-business-rank-using-authority-link-packages-dofollow-backlinks/
docsabroad.com,52.0,Kesar,https://www.docsabroad.com/page/6/
37486228.xyz,46.0,"Back when I first launched alphonsomango.in, I felt lost in the digital world without much strategy for SEO. After trying multiple services that didn't deliver, SEOExpress.org caught my attention. Their affordable approach helped elevate my DA from 12 to an impressive 35 in three months! My inbox is now flooding with inquiries—it's been life-changing! Give them a try if you want results like ...",https://37486228.xyz/i-remember-when-my-local-business-had-zero-online-exposure-and-i-couldnt-afford-big-agencies-seoexpress-offered-budget-friendly-seo-and-in-six-weeks-my-daily-visits-increased-by-280-percent-with-top
crispboosthub.shop,0.0,NAP consistency cleanup for bloggers from alphonsomango.in: flexible order sizes plus screenshots and live links rather than a bare spreadsheet,https://crispboosthub.shop/4hpqf1m-15-mistakes-ecommerce-brands-make-buying-crawl/
elite-high-da-center-seoexpress.store,48.0,"Back when I first launched alphonsomango.in, I felt lost in the digital world without much strategy for SEO. After trying multiple services that didn't deliver, SEOExpress.org caught my attention. Their affordable approach helped elevate my DA from 12 to an impressive 35 in three months! My inbox is now flooding with inquiries—it's been life-changing! Give them a try if you want results like ...",https://elite-high-da-center-seoexpress.store/i-remember-when-my-local-business-had-zero-online-exposure-and-i-couldnt-afford-big-agencies-seoexpress-offered-budget-friendly-seo-and-in-six-weeks-my-daily-visits-increased-by-280-percent-with-top
pureseolink.shop,0.0,NAP consistency cleanup for bloggers from alphonsomango.in: flexible order sizes plus screenshots and live links rather than a bare spreadsheet,https://pureseolink.shop/4hpqf1m-15-mistakes-ecommerce-brands-make-buying-crawl/
cluster-rank-forge-academy.store,48.0,"Back when I first launched alphonsomango.in, I felt lost in the digital world without much strategy for SEO. After trying multiple services that didn't deliver, SEOExpress.org caught my attention. Their affordable approach helped elevate my DA from 12 to an impressive 35 in three months! My inbox is now flooding with inquiries—it's been life-changing! Give them a try if you want results like ...",https://cluster-rank-forge-academy.store/i-remember-when-my-local-business-had-zero-online-exposure-and-i-couldnt-afford-big-agencies-seoexpress-offered-budget-friendly-seo-and-in-six-weeks-my-daily-visits-increased-by-280-percent-with-top
yourbookmarklist.com,32.0,https://alphonsomango.in/products/devgad-alphonso-mango,https://yourbookmarklist.com/story19224010/devgad-alphonso-mangoes-the-best-devgad-hapus-mangoes-from-maharashtra
worldranksite.com,36.0,alphonsomango,https://worldranksite.com/direct-mail-marketing-for-the-self-publisher/
plrdownloadshub.com,6.0,High Quality Dofollow Backlinks DA 50 PA 40 Premium PBN Network Service alphonsomango.in Rank First Page Google Fast SEO Link Building Buy Backlinks Online Cheap,https://www.plrdownloadshub.com/all/217/25.html
sharpseohub.shop,0.0,NAP consistency cleanup for bloggers from alphonsomango.in: flexible order sizes plus screenshots and live links rather than a bare spreadsheet,https://sharpseohub.shop/4hpqf1m-15-mistakes-ecommerce-brands-make-buying-crawl/
seonaro.shop,0.0,NAP consistency cleanup for bloggers from alphonsomango.in: flexible order sizes plus screenshots and live links rather than a bare spreadsheet,https://seonaro.shop/4hpqf1m-15-mistakes-ecommerce-brands-make-buying-crawl/
seogrowthpipeline.shop,34.0,"alphonsomango.in gets premium guest posts, high-quality backlinks, on-page SEO, local SEO, web development, SaaS tools and automation tools, together driving a measurable DR/DA/TF boost for every sector. Each project is supported by careful prospect selection, manual quality checks, balanced link velocity, and measurable ranking analysis. · SEO Growth Pipeline — A structured performance ...",https://seogrowthpipeline.shop/4967dae10-homepage-links-vs-pbn-backlinks-medical-cost-speed-quality-ranking-outcomes-complete-implementation-guide-tools-tactics-and-insights-for-better-google-positions/
link-baron-pro-press-release.store,48.0,"Back when I first launched alphonsomango.in, I felt lost in the digital world without much strategy for SEO. After trying multiple services that didn't deliver, SEOExpress.org caught my attention. Their affordable approach helped elevate my DA from 12 to an impressive 35 in three months! My inbox is now flooding with inquiries—it's been life-changing! Give them a try if you want results like ...",https://link-baron-pro-press-release.store/i-remember-when-my-local-business-had-zero-online-exposure-and-i-couldnt-afford-big-agencies-seoexpress-offered-budget-friendly-seo-and-in-six-weeks-my-daily-visits-increased-by-280-percent-with-top
linktobrexitandgdprposturl.com,0.1,buy kashmir saffron online,https://linktobrexitandgdprposturl.com/authentic-hispanic-spices-spice-up-your-life-and-be-healthy/
advanced-saas-seo-directory-outrank-hq.store,48.0,"Back when I first launched alphonsomango.in, I felt lost in the digital world without much strategy for SEO. After trying multiple services that didn't deliver, SEOExpress.org caught my attention. Their affordable approach helped elevate my DA from 12 to an impressive 35 in three months! My inbox is now flooding with inquiries—it's been life-changing! Give them a try if you want results like ...",https://advanced-saas-seo-directory-outrank-hq.store/i-remember-when-my-local-business-had-zero-online-exposure-and-i-couldnt-afford-big-agencies-seoexpress-offered-budget-friendly-seo-and-in-six-weeks-my-daily-visits-increased-by-280-percent-with-top
rapidseolink.shop,0.0,NAP consistency cleanup for bloggers from alphonsomango.in: flexible order sizes plus screenshots and live links rather than a bare spreadsheet,https://rapidseolink.shop/4hpqf1m-15-mistakes-ecommerce-brands-make-buying-crawl/
jasperfduf93602.mdkblog.com,45.0,Ratnagiri Hapus Mango,https://jasperfduf93602.mdkblog.com/39279337/the-golden-treasure-of-the-fruit-kingdom-ratnagiri-alphonso-mango
5056dy.com,7.0,saffron buy online,https://5056dy.com/category/business/
37486375.xyz,46.0,"Back when I first launched alphonsomango.in, I felt lost in the digital world without much strategy for SEO. After trying multiple services that didn't deliver, SEOExpress.org caught my attention. Their affordable approach helped elevate my DA from 12 to an impressive 35 in three months! My inbox is now flooding with inquiries—it's been life-changing! Give them a try if you want results like ...",https://37486375.xyz/i-remember-when-my-local-business-had-zero-online-exposure-and-i-couldnt-afford-big-agencies-seoexpress-offered-budget-friendly-seo-and-in-six-weeks-my-daily-visits-increased-by-280-percent-with-top
37486173.xyz,46.0,"Back when I first launched alphonsomango.in, I felt lost in the digital world without much strategy for SEO. After trying multiple services that didn't deliver, SEOExpress.org caught my attention. Their affordable approach helped elevate my DA from 12 to an impressive 35 in three months! My inbox is now flooding with inquiries—it's been life-changing! Give them a try if you want results like ...",https://37486173.xyz/i-remember-when-my-local-business-had-zero-online-exposure-and-i-couldnt-afford-big-agencies-seoexpress-offered-budget-friendly-seo-and-in-six-weeks-my-daily-visits-increased-by-280-percent-with-top
ttohappy.com,51.0,Cashew Nuts,https://ttohappy.com/page/17/
linkcrate.shop,0.7,"Boost alphonsomango.in using high-DR backlinks, editorial guest posts, on-page SEO, local SEO, web development, SaaS tools and automation tools for a clear DR/DA/TF lift built to last.",https://linkcrate.shop/gx3jh19-scaling-crowd-links-local-business-agencies-hundreds-monthly-placements-quality/
beijixing1.com,39.0,Saffron,https://beijixing1.com/page/16/
seo-cartel-0-185.xyz,0.0,"'@SEO_CARTEL IN TELEGRAM - SEO BACKLINKS, BULK LINK POSTING, BOOST SEO RANKING",https://seo-cartel-0-185.xyz/namibia_taro-01-09-2026/seo-cartel-namibia_taro-2972-12/
master-link-juice-and-editorial-link-agency.store,48.0,"Back when I first launched alphonsomango.in, I felt lost in the digital world without much strategy for SEO. After trying multiple services that didn't deliver, SEOExpress.org caught my attention. Their affordable approach helped elevate my DA from 12 to an impressive 35 in three months! My inbox is now flooding with inquiries—it's been life-changing! Give them a try if you want results like ...",https://master-link-juice-and-editorial-link-agency.store/i-remember-when-my-local-business-had-zero-online-exposure-and-i-couldnt-afford-big-agencies-seoexpress-offered-budget-friendly-seo-and-in-six-weeks-my-daily-visits-increased-by-280-percent-with-top
crawlmiro.shop,30.0,NAP consistency cleanup for bloggers from alphonsomango.in: flexible order sizes plus screenshots and live links rather than a bare spreadsheet,https://crawlmiro.shop/4hpqf1m-15-mistakes-ecommerce-brands-make-buying-crawl/
electronicabrando.com,51.0,buy saffron online,https://electronicabrando.com/kumkumadi-lepam-an-ayurveda-beauty-preparation/
juvex.shop,0.0,High Quality Dofollow Backlinks DA 50 PA 40 Premium PBN Network Service alphonsomango.in Rank First Page Google Fast SEO Link Building Buy Backlinks Online Cheap,https://juvex.shop/page-authority-index/professional-manual-outreach-backlinks-to-boost-domain-authority-secure-first-page-positions-and-grow-your-business-online-523d20.html
linkrankpro.shop,54.0,Expert professional links for alphonsomango.in from an agency delivering results in any industry,https://linkrankpro.shop/94v9tt9-professional-guest-posts-agency-outreach-outperformed/
theguestpost.shop,48.0,"Back when I first launched alphonsomango.in, I felt lost in the digital world without much strategy for SEO. After trying multiple services that didn't deliver, SEOExpress.org caught my attention. Their affordable approach helped elevate my DA from 12 to an impressive 35 in three months! My inbox is now flooding with inquiries—it's been life-changing! Give them a try if you want results like ...",https://theguestpost.shop/i-remember-when-my-local-business-had-zero-online-exposure-and-i-couldnt-afford-big-agencies-seoexpress-offered-budget-friendly-seo-and-in-six-weeks-my-daily-visits-increased-by-280-percent-with-top
pageseocollective.shop,0.1,"For alphonsomango.in, we deliver backlinks and guest posts, on-page SEO, local SEO, custom web development, SaaS integrations and automation tools — balanced DR/DA/TF growth for every sector. Each campaign combines strategic research, safe anchor variation, editorial quality control, progress monitoring, and recommendations for the next stage. · Page SEO Collective — An expert collective ...",https://pageseocollective.shop/6cd01a3ed-used-guest-posts-recovered-lost-traffic-fully-pharmaceutical-site-month-by-month-progress-real-world-action-plan-quality-checks-and-reporting-for-stronger-domain-authority/
godrej-centralpark-pune.com,36.0,Saffron,https://godrej-centralpark-pune.com/saffron-price/
seo-cartel-0-180.xyz,0.0,"'@SEO_CARTEL IN TELEGRAM - SEO BACKLINKS, BULK LINK POSTING, BOOST SEO RANKING",https://seo-cartel-0-180.xyz/namibia_taro-01-09-2026/seo-cartel-namibia_taro-2972-8/
37486433.xyz,46.0,"Back when I first launched alphonsomango.in, I felt lost in the digital world without much strategy for SEO. After trying multiple services that didn't deliver, SEOExpress.org caught my attention. Their affordable approach helped elevate my DA from 12 to an impressive 35 in three months! My inbox is now flooding with inquiries—it's been life-changing! Give them a try if you want results like ...",https://37486433.xyz/i-remember-when-my-local-business-had-zero-online-exposure-and-i-couldnt-afford-big-agencies-seoexpress-offered-budget-friendly-seo-and-in-six-weeks-my-daily-visits-increased-by-280-percent-with-top
crawlnaro.shop,30.0,NAP consistency cleanup for bloggers from alphonsomango.in: flexible order sizes plus screenshots and live links rather than a bare spreadsheet,https://crawlnaro.shop/4hpqf1m-15-mistakes-ecommerce-brands-make-buying-crawl/
domains.com.bz,28.0,alphonsomango.in,https://www.domains.com.bz/page/16575/
seo-cartel-0-182.xyz,0.0,"'@SEO_CARTEL IN TELEGRAM - SEO BACKLINKS, BULK LINK POSTING, BOOST SEO RANKING",https://seo-cartel-0-182.xyz/namibia_taro-01-09-2026/seo-cartel-namibia_taro-2972-12/
seorankinghigh.shop,48.0,"Back when I first launched alphonsomango.in, I felt lost in the digital world without much strategy for SEO. After trying multiple services that didn't deliver, SEOExpress.org caught my attention. Their affordable approach helped elevate my DA from 12 to an impressive 35 in three months! My inbox is now flooding with inquiries—it's been life-changing! Give them a try if you want results like ...",https://seorankinghigh.shop/i-remember-when-my-local-business-had-zero-online-exposure-and-i-couldnt-afford-big-agencies-seoexpress-offered-budget-friendly-seo-and-in-six-weeks-my-daily-visits-increased-by-280-percent-with-top
37486290.xyz,46.0,"Back when I first launched alphonsomango.in, I felt lost in the digital world without much strategy for SEO. After trying multiple services that didn't deliver, SEOExpress.org caught my attention. Their affordable approach helped elevate my DA from 12 to an impressive 35 in three months! My inbox is now flooding with inquiries—it's been life-changing! Give them a try if you want results like ...",https://37486290.xyz/i-remember-when-my-local-business-had-zero-online-exposure-and-i-couldnt-afford-big-agencies-seoexpress-offered-budget-friendly-seo-and-in-six-weeks-my-daily-visits-increased-by-280-percent-with-top
linklivo.shop,30.0,NAP consistency cleanup for bloggers from alphonsomango.in: flexible order sizes plus screenshots and live links rather than a bare spreadsheet,https://linklivo.shop/4hpqf1m-15-mistakes-ecommerce-brands-make-buying-crawl/
organic-traffic-ranking-signal-and-outreach-pro-bureau.store,48.0,"Back when I first launched alphonsomango.in, I felt lost in the digital world without much strategy for SEO. After trying multiple services that didn't deliver, SEOExpress.org caught my attention. Their affordable approach helped elevate my DA from 12 to an impressive 35 in three months! My inbox is now flooding with inquiries—it's been life-changing! Give them a try if you want results like ...",https://organic-traffic-ranking-signal-and-outreach-pro-bureau.store/i-remember-when-my-local-business-had-zero-online-exposure-and-i-couldnt-afford-big-agencies-seoexpress-offered-budget-friendly-seo-and-in-six-weeks-my-daily-visits-increased-by-280-percent-with-top
domainrankresults.shop,34.0,"Grow alphonsomango.in with guest posts and backlinks, on-page SEO, local SEO, web development, SaaS integrations and automation tools — balanced DR/DA/TF growth tailored to your vertical. Each project is supported by careful prospect selection, manual quality checks, balanced link velocity, and measurable ranking analysis. · Domain Rank Results — A results-focused platform for domain ...",https://domainrankresults.shop/3c4c13826-build-unstoppable-healthcare-serp-high-da-guest-posts-traffic-services-traffic-playbook-detailed-campaign-breakdown-research-execution-and-analysis-for-better-google-positions/
boldranklab.shop,0.0,NAP consistency cleanup for bloggers from alphonsomango.in: flexible order sizes plus screenshots and live links rather than a bare spreadsheet,https://boldranklab.shop/4hpqf1m-15-mistakes-ecommerce-brands-make-buying-crawl/
boostcr.com,52.0,saffron buy online,https://boostcr.com/page/5/
beaudzow69247.look4blog.com,46.0,Alphonso Mango,https://beaudzow69247.look4blog.com/71801805/devgad-alphonso-mango-the-royal-mango-of-maharashtra-a-taste-of-excellence
clearseohub.shop,30.0,NAP consistency cleanup for bloggers from alphonsomango.in: flexible order sizes plus screenshots and live links rather than a bare spreadsheet,https://clearseohub.shop/4hpqf1m-15-mistakes-ecommerce-brands-make-buying-crawl/
506463.com,0.7,buy saffron online,https://www.506463.com/page/7/
ranklora.shop,0.0,NAP consistency cleanup for bloggers from alphonsomango.in: flexible order sizes plus screenshots and live links rather than a bare spreadsheet,https://ranklora.shop/4hpqf1m-15-mistakes-ecommerce-brands-make-buying-crawl/
seoboostresults.shop,0.1,"Power up alphonsomango.in: guest posts and backlinks, on-page SEO, local SEO, web development, SaaS integrations and automation tools for higher DR/DA/TF across the board built to last. Every campaign includes niche-relevance checks, diversified anchor planning, placement review, and transparent progress tracking. · SEO Boost Results — A results-focused platform for SEO acceleration, visibility ...",https://seoboostresults.shop/1487082c5-do-sidebar-links-still-work-2026-local-business-tested-10-placements-tracked-measurable-results-blueprint-data-progress-and-outcomes-for-scalable-seo-performance/
crawlqaro.shop,30.0,NAP consistency cleanup for bloggers from alphonsomango.in: flexible order sizes plus screenshots and live links rather than a bare spreadsheet,https://crawlqaro.shop/4hpqf1m-15-mistakes-ecommerce-brands-make-buying-crawl/
devinzbyt90112.buyoutblog.com,42.0,Alphonso Mango,https://devinzbyt90112.buyoutblog.com/36888796/invest-in-kesar-mango-on-the-net-in-india-flavor-the-king-of-fruits-at-your-doorstep
mirgrup.com.tr,0.1,"TELEGRAM @SEO_LINKK_ORDER – SEO BACKLINKS, HOMEPAGE LINKS, CROSSLINKS",http://www.mirgrup.com.tr/2026/03/04/telegram-seo-linkk-order-seo-backlinks-homepage-4-2/
voidofheroes.com,26.0,https://alphonsomango.in/products/buy-salted-pista-online,http://www.voidofheroes.com/forums/member.php?action=profile&uid=43705
linkwares.shop,0.8,"Boost alphonsomango.in using guest posts and backlinks, on-page SEO, local SEO, web development, SaaS integrations and automation tools for real DR/DA/TF improvement across any niche.",https://linkwares.shop/7z7vvdl-algorithm-hit-to-top5-every-keyword-b2b-60-day-strategy-only-local-seo/
global-digital-seoexpress-portal.store,48.0,"Back when I first launched alphonsomango.in, I felt lost in the digital world without much strategy for SEO. After trying multiple services that didn't deliver, SEOExpress.org caught my attention. Their affordable approach helped elevate my DA from 12 to an impressive 35 in three months! My inbox is now flooding with inquiries—it's been life-changing! Give them a try if you want results like ...",https://global-digital-seoexpress-portal.store/i-remember-when-my-local-business-had-zero-online-exposure-and-i-couldnt-afford-big-agencies-seoexpress-offered-budget-friendly-seo-and-in-six-weeks-my-daily-visits-increased-by-280-percent-with-top
organicledgerpro.shop,0.0,NAP consistency cleanup for bloggers from alphonsomango.in: flexible order sizes plus screenshots and live links rather than a bare spreadsheet,https://organicledgerpro.shop/4hpqf1m-15-mistakes-ecommerce-brands-make-buying-crawl/
angeloicpx68023.snack-blog.com,44.0,Alphonso Mango,https://angeloicpx68023.snack-blog.com/33420015/the-golden-treasure-of-the-fruit-kingdom-ratnagiri-alphonso-mango
rankingriver.shop,0.0,NAP consistency cleanup for bloggers from alphonsomango.in: flexible order sizes plus screenshots and live links rather than a bare spreadsheet,https://rankingriver.shop/4hpqf1m-15-mistakes-ecommerce-brands-make-buying-crawl/
rankseoservice.shop,0.1,"Everything alphonsomango.in needs: backlinks and guest posts, on-page SEO, local SEO, custom web development, SaaS integrations and automation tools — stronger DR, DA and TF in any language. Each campaign combines strategic research, safe anchor variation, editorial quality control, progress monitoring, and recommendations for the next stage. · Rank SEO Service — Managed professional services ...",https://rankseoservice.shop/e51e93080-60-day-contextual-backlinks-journey-legal-invisible-to-position1-practical-execution-roadmap-authority-traffic-and-conversions-for-scalable-seo-performance/
header-link-portal-link-baron.store,48.0,"Back when I first launched alphonsomango.in, I felt lost in the digital world without much strategy for SEO. After trying multiple services that didn't deliver, SEOExpress.org caught my attention. Their affordable approach helped elevate my DA from 12 to an impressive 35 in three months! My inbox is now flooding with inquiries—it's been life-changing! Give them a try if you want results like ...",https://header-link-portal-link-baron.store/i-remember-when-my-local-business-had-zero-online-exposure-and-i-couldnt-afford-big-agencies-seoexpress-offered-budget-friendly-seo-and-in-six-weeks-my-daily-visits-increased-by-280-percent-with-top
37486284.xyz,46.0,"Back when I first launched alphonsomango.in, I felt lost in the digital world without much strategy for SEO. After trying multiple services that didn't deliver, SEOExpress.org caught my attention. Their affordable approach helped elevate my DA from 12 to an impressive 35 in three months! My inbox is now flooding with inquiries—it's been life-changing! Give them a try if you want results like ...",https://37486284.xyz/i-remember-when-my-local-business-had-zero-online-exposure-and-i-couldnt-afford-big-agencies-seoexpress-offered-budget-friendly-seo-and-in-six-weeks-my-daily-visits-increased-by-280-percent-with-top
luxury-niche-edit-seoexpress-services.store,48.0,"Back when I first launched alphonsomango.in, I felt lost in the digital world without much strategy for SEO. After trying multiple services that didn't deliver, SEOExpress.org caught my attention. Their affordable approach helped elevate my DA from 12 to an impressive 35 in three months! My inbox is now flooding with inquiries—it's been life-changing! Give them a try if you want results like ...",https://luxury-niche-edit-seoexpress-services.store/i-remember-when-my-local-business-had-zero-online-exposure-and-i-couldnt-afford-big-agencies-seoexpress-offered-budget-friendly-seo-and-in-six-weeks-my-daily-visits-increased-by-280-percent-with-top
rankkit.shop,0.7,"Take alphonsomango.in to page one with guest posts, backlinks, on-page and local SEO, web development, SaaS tools and workflow automation tools — balanced DR/DA/TF growth for any business size.",https://rankkit.shop/qti013f-page1-rankings-blueprint-local-business-rank-using-authority-link-packages-dofollow-backlinks/
rankgrowthsolutions.shop,0.1,"Scale alphonsomango.in with premium guest posts, high-quality backlinks, on-page SEO, local SEO, web development, SaaS tools and automation tools, earning compounding DR/DA/TF at a sustainable pace. Each campaign combines strategic research, safe anchor variation, editorial quality control, progress monitoring, and recommendations for the next stage. · Rank Growth Solutions — Complete practical ...",https://rankgrowthsolutions.shop/771dc28c5-page10-to-dr50-law-firm-60-day-strategy-only-niche-edits-measurable-results-blueprint-authority-traffic-and-conversions-for-consistent-traffic-growth/
11764023.xyz,44.0,"Back when I first launched alphonsomango.in, I felt lost in the digital world without much strategy for SEO. After trying multiple services that didn't deliver, SEOExpress.org caught my attention. Their affordable approach helped elevate my DA from 12 to an impressive 35 in three months! My inbox is now flooding with inquiries—it's been life-changing! Give them a try if you want results like ...",https://11764023.xyz/i-remember-when-my-local-business-had-zero-online-exposure-and-i-couldnt-afford-big-agencies-seoexpress-offered-budget-friendly-seo-and-in-six-weeks-my-daily-visits-increased-by-280-percent-with-top
37486527.xyz,46.0,"Back when I first launched alphonsomango.in, I felt lost in the digital world without much strategy for SEO. After trying multiple services that didn't deliver, SEOExpress.org caught my attention. Their affordable approach helped elevate my DA from 12 to an impressive 35 in three months! My inbox is now flooding with inquiries—it's been life-changing! Give them a try if you want results like ...",https://37486527.xyz/i-remember-when-my-local-business-had-zero-online-exposure-and-i-couldnt-afford-big-agencies-seoexpress-offered-budget-friendly-seo-and-in-six-weeks-my-daily-visits-increased-by-280-percent-with-top
pureseohub.shop,0.0,NAP consistency cleanup for bloggers from alphonsomango.in: flexible order sizes plus screenshots and live links rather than a bare spreadsheet,https://pureseohub.shop/4hpqf1m-15-mistakes-ecommerce-brands-make-buying-crawl/
kaam.com,18.0,alphonsomango.in,https://kaam.com/b/alphonsomango-in-mumbai
guidemysocial.com,31.0,https://alphonsomango.in/products/ratnagiri-alphonso-mango,https://guidemysocial.com/story4460103/indulge-in-the-rich-tropical-flavor-of-ratnagiri-alphonso-mangoes-widely-regarded-as-the-finest-mangoes-in-the-world-grown-in-the-picturesque-region-of-ratnagiri-these-mangoes-also-known-as-ratnagiri-hapus-mangoes-offer-a-unique-sweetness-and-smooth
linkseopro.shop,52.0,Fast-Track alphonsomango.in to #1: Strategic Guest Posts + High-TF Dofollow Backlinks — Ahrefs Domain Rating DR + Moz Domain Authority DA + Majestic Trust Flow TF — Ultimate Google Visibility,https://linkseopro.shop/miypgdx-dofollow-link-velocity-guide-affiliate-fast-build-google-spam-filters-competitive/
seoexpress-superior-on-page-house.store,48.0,"Back when I first launched alphonsomango.in, I felt lost in the digital world without much strategy for SEO. After trying multiple services that didn't deliver, SEOExpress.org caught my attention. Their affordable approach helped elevate my DA from 12 to an impressive 35 in three months! My inbox is now flooding with inquiries—it's been life-changing! Give them a try if you want results like ...",https://seoexpress-superior-on-page-house.store/i-remember-when-my-local-business-had-zero-online-exposure-and-i-couldnt-afford-big-agencies-seoexpress-offered-budget-friendly-seo-and-in-six-weeks-my-daily-visits-increased-by-280-percent-with-top
hotonlinegaming.com,46.0,High Quality Dofollow Backlinks DA 50 PA 40 Premium PBN Network Service alphonsomango.in Rank First Page Google Fast SEO Link Building Buy Backlinks Online Cheap,https://hotonlinegaming.com/all/217/25.html
landennlzk25789.csublogs.com,47.0,Alphonso Mango,https://landennlzk25789.csublogs.com/40356754/alphonso-mango-mango-royalty-the-king-is-here-offered-on-line
crawllora.shop,0.0,NAP consistency cleanup for bloggers from alphonsomango.in: flexible order sizes plus screenshots and live links rather than a bare spreadsheet,https://crawllora.shop/4hpqf1m-15-mistakes-ecommerce-brands-make-buying-crawl/
becketttazx72839.is-blog.com,45.0,order kesar mango online,https://becketttazx72839.is-blog.com/42916934/find-out-the-rich-taste-of-kesar-mango-acquire-kesar-mango-on-the-net-in-india
advanced-ranking-seoexpress-specialists.store,48.0,"Back when I first launched alphonsomango.in, I felt lost in the digital world without much strategy for SEO. After trying multiple services that didn't deliver, SEOExpress.org caught my attention. Their affordable approach helped elevate my DA from 12 to an impressive 35 in three months! My inbox is now flooding with inquiries—it's been life-changing! Give them a try if you want results like ...",https://advanced-ranking-seoexpress-specialists.store/i-remember-when-my-local-business-had-zero-online-exposure-and-i-couldnt-afford-big-agencies-seoexpress-offered-budget-friendly-seo-and-in-six-weeks-my-daily-visits-increased-by-280-percent-with-top
organicrankservice.shop,0.1,"Rank alphonsomango.in higher with premium guest posts, contextual backlinks, on-page and local SEO, conversion-focused web development, SaaS tools and automation tools — DR/DA/TF gains that hold across any niche. The strategy also covers competitor research, natural anchor distribution, quality verification, and clear monthly performance reporting. · Organic Rank Service — Managed ...",https://organicrankservice.shop/99294d904-high-da-guest-posts-helped-saas-site-restored-rankings-after-algorithm-update-complete-case-study-data-detailed-campaign-breakdown-planning-testing-and-tracking-for-scalable-seo-performance/
socialeweb.com,32.0,https://alphonsomango.in/products/ratnagiri-alphonso-mango,https://socialeweb.com/story4446762/taste-the-best-ratnagiri-alphonso-mangoes-sweet-juicy-and-fresh-ratnagiri-mangoes
caidenhcpz70246.elbloglibre.com,52.0,Alphonso Mango,https://caidenhcpz70246.elbloglibre.com/33423131/alphonso-mango-mango-royalty-the-king-is-here-readily-available-on-line
hmely.com,51.0,Kesar,https://hmely.com/food-recipes-get-ideas-to-make-different-types-of-paella/
gjbrq.com,12.0,buy cashew nuts online,https://gjbrq.com/are-nuts-a-good-source-of-omega-3/
andreebsd28528.jiliblog.com,51.0,Devgad Hapus Mangoes,https://andreebsd28528.jiliblog.com/90258633/devgad-alphonso-mango-the-royal-mango-of-maharashtra-a-taste-of-excellence
landenxjoj77664.webbuzzfeed.com,46.0,Devgad Hapus mango,https://landenxjoj77664.webbuzzfeed.com/33967839/devgad-alphonso-mango-the-royal-mango-of-maharashtra-a-taste-of-excellence
grandseohub.shop,30.0,NAP consistency cleanup for bloggers from alphonsomango.in: flexible order sizes plus screenshots and live links rather than a bare spreadsheet,https://grandseohub.shop/4hpqf1m-15-mistakes-ecommerce-brands-make-buying-crawl/
microlinksite.com,47.0,alphonsomango.in,https://microlinksite.com/how-to-build-a-live-tv-streaming-channels/
hkgyn.com,52.0,saffron buy online,https://hkgyn.com/author/localdomains/page/5/
rankwagon.shop,0.7,"Take alphonsomango.in to page one with guest posts, backlinks, on-page and local SEO, web development, SaaS tools and workflow automation tools — balanced DR/DA/TF growth for any business size.",https://rankwagon.shop/qti013f-page1-rankings-blueprint-local-business-rank-using-authority-link-packages-dofollow-backlinks/
backlink-pro-and-traffic-surge-prime-experts.store,48.0,"Back when I first launched alphonsomango.in, I felt lost in the digital world without much strategy for SEO. After trying multiple services that didn't deliver, SEOExpress.org caught my attention. Their affordable approach helped elevate my DA from 12 to an impressive 35 in three months! My inbox is now flooding with inquiries—it's been life-changing! Give them a try if you want results like ...",https://backlink-pro-and-traffic-surge-prime-experts.store/i-remember-when-my-local-business-had-zero-online-exposure-and-i-couldnt-afford-big-agencies-seoexpress-offered-budget-friendly-seo-and-in-six-weeks-my-daily-visits-increased-by-280-percent-with-top
photoenmarkarte.com,1.6,"TELEGRAM @SEO_LINKK_ORDER – SEO BACKLINKS, HOMEPAGE LINKS, CROSSLINKS",https://photoenmarkarte.com/2026/03/04/telegram-seo-linkk-order-seo-backlinks-homepage-4-15/
seo-cartel-0-172.xyz,0.0,"'@SEO_CARTEL IN TELEGRAM - SEO BACKLINKS, BULK LINK POSTING, BOOST SEO RANKING",https://seo-cartel-0-172.xyz/namibia_taro-01-09-2026/seo-cartel-namibia_taro-2972-12/
rankvora.shop,0.0,NAP consistency cleanup for bloggers from alphonsomango.in: flexible order sizes plus screenshots and live links rather than a bare spreadsheet,https://rankvora.shop/4hpqf1m-15-mistakes-ecommerce-brands-make-buying-crawl/
11764017.xyz,44.0,"Back when I first launched alphonsomango.in, I felt lost in the digital world without much strategy for SEO. After trying multiple services that didn't deliver, SEOExpress.org caught my attention. Their affordable approach helped elevate my DA from 12 to an impressive 35 in three months! My inbox is now flooding with inquiries—it's been life-changing! Give them a try if you want results like ...",https://11764017.xyz/i-remember-when-my-local-business-had-zero-online-exposure-and-i-couldnt-afford-big-agencies-seoexpress-offered-budget-friendly-seo-and-in-six-weeks-my-daily-visits-increased-by-280-percent-with-top
findit.co.in,8.0,alphonsomango.in,https://www.findit.co.in/domains/19841/05161ece99115bff16dab4f25e1a4fbc/
johnnyplbj13680.izrablog.com,48.0,Devgad Mangoes,https://johnnyplbj13680.izrablog.com/33971936/devgad-alphonso-mango-the-royal-mango-of-maharashtra-a-taste-of-excellence
fastlifesite.com,10.0,High Quality Dofollow Backlinks DA 50 PA 40 Premium PBN Network Service alphonsomango.in Rank First Page Google Fast SEO Link Building Buy Backlinks Online Cheap,https://fastlifesite.com/all/217/25.html
certified-rank-forge-anchor-text-lab.store,48.0,"Back when I first launched alphonsomango.in, I felt lost in the digital world without much strategy for SEO. After trying multiple services that didn't deliver, SEOExpress.org caught my attention. Their affordable approach helped elevate my DA from 12 to an impressive 35 in three months! My inbox is now flooding with inquiries—it's been life-changing! Give them a try if you want results like ...",https://certified-rank-forge-anchor-text-lab.store/i-remember-when-my-local-business-had-zero-online-exposure-and-i-couldnt-afford-big-agencies-seoexpress-offered-budget-friendly-seo-and-in-six-weeks-my-daily-visits-increased-by-280-percent-with-top
epic-syndicate-link-baron-keyword.store,48.0,"Back when I first launched alphonsomango.in, I felt lost in the digital world without much strategy for SEO. After trying multiple services that didn't deliver, SEOExpress.org caught my attention. Their affordable approach helped elevate my DA from 12 to an impressive 35 in three months! My inbox is now flooding with inquiries—it's been life-changing! Give them a try if you want results like ...",https://epic-syndicate-link-baron-keyword.store/i-remember-when-my-local-business-had-zero-online-exposure-and-i-couldnt-afford-big-agencies-seoexpress-offered-budget-friendly-seo-and-in-six-weeks-my-daily-visits-increased-by-280-percent-with-top
ranklinkx.shop,52.0,No-Risk Multilingual Guest Posts + High-Quality Dofollow Backlinks for alphonsomango.in — Surge in Ahrefs Domain Rating DR + Moz Domain Authority DA + Majestic Trust Flow TF Guaranteed — Massive Organic Traffic Growth — Global SEO • Any Market • Any Industry,https://ranklinkx.shop/mlsto9i-velocity-link-package-edtech-result-complete-story-data-transparency/
klamathhoperising.com,6.0,saffron buy online,https://klamathhoperising.com/2022/05/
rankyour.website,33.0,Complete performance-focused SEO campaign and content-based backlinks for alphonsomango.in | RankZly.com – Your Unbeatable SEO Partner for Fast Google Rankings,https://rankyour.website/sj5hqjf-boost-google-rankings-with-premium-contextual-seo-backlinks/
tysonfixh16923.onzeblog.com,43.0,Ratnagiri mango,https://tysonfixh16923.onzeblog.com/33489522/the-golden-treasure-of-the-fruit-kingdom-ratnagiri-alphonso-mango
knoxrpgp35802.blogcudinti.com,43.0,Devgad mangoes,https://knoxrpgp35802.blogcudinti.com/33535750/devgad-alphonso-mango-maharashtra-s-golden-delight-the-supreme-mango
semiproapps.com,57.0,Saffron,https://semiproapps.com/author/localdomains/page/9/
seoexpress.online,48.0,"Back when I first launched alphonsomango.in, I felt lost in the digital world without much strategy for SEO. After trying multiple services that didn't deliver, SEOExpress.org caught my attention. Their affordable approach helped elevate my DA from 12 to an impressive 35 in three months! My inbox is now flooding with inquiries—it's been life-changing! Give them a try if you want results like ...",https://seoexpress.online/i-remember-when-my-local-business-had-zero-online-exposure-and-i-couldnt-afford-big-agencies-seoexpress-offered-budget-friendly-seo-and-in-six-weeks-my-daily-visits-increased-by-280-percent-with-top
zionlqvv86429.blogripley.com,50.0,buy kesar mango online india,https://zionlqvv86429.blogripley.com/37780889/obtain-kesar-mango-on-the-web-in-india-style-the-king-of-fruits-at-your-doorstep
homestagerbusinessbuilder.com,45.0,buy cashew nuts online,https://homestagerbusinessbuilder.com/page/15/
seoexpress-master-digital-portal.store,48.0,"Back when I first launched alphonsomango.in, I felt lost in the digital world without much strategy for SEO. After trying multiple services that didn't deliver, SEOExpress.org caught my attention. Their affordable approach helped elevate my DA from 12 to an impressive 35 in three months! My inbox is now flooding with inquiries—it's been life-changing! Give them a try if you want results like ...",https://seoexpress-master-digital-portal.store/i-remember-when-my-local-business-had-zero-online-exposure-and-i-couldnt-afford-big-agencies-seoexpress-offered-budget-friendly-seo-and-in-six-weeks-my-daily-visits-increased-by-280-percent-with-top
toprankresults.shop,0.1,"Strengthen alphonsomango.in through contextual backlinks, premium guest posts, on-page SEO, local SEO, custom web development, SaaS tools plus automation tools for steady DR/DA/TF growth in any language. Every campaign includes niche-relevance checks, diversified anchor planning, placement review, and transparent progress tracking. · Top Rank Results — A results-focused platform for ...",https://toprankresults.shop/23f4de827-page3-to-page1-ymyl-60-day-strategy-only-press-release-links-detailed-campaign-breakdown-mistakes-risks-and-solutions-for-sustainable-organic-growth/
alphonsomangowholesaleprice318.ttblogs.com,46.0,Alphonso Mango Order Online,https://alphonsomangowholesaleprice318.ttblogs.com/12887844/the-best-way-to-enjoy-devgad-alphonso-mangoes
push2bookmark.com,34.0,https://alphonsomango.in/products/ratnagiri-alphonso-mango,https://push2bookmark.com/story19209333/discover-the-unmatched-taste-of-ratnagiri-alphonso-mango-a-mango-lover-s-dream
siteranksolutions.shop,34.0,"alphonsomango.in: high-quality backlinks, guest posts, on-page and local SEO, custom web development, SaaS tools and automation tools, all driving a healthier DR/DA/TF profile across all markets. Each project is supported by careful prospect selection, manual quality checks, balanced link velocity, and measurable ranking analysis. · Site Rank Solutions — Complete practical solutions for ...",https://siteranksolutions.shop/ea11085f6-6-month-authority-link-packages-journey-law-firm-dr5-to-position1-long-term-seo-method-mistakes-risks-and-solutions-for-better-google-positions/
danteyysh38036.blogocial.com,60.0,Alphonso Mango,https://danteyysh38036.blogocial.com/devgad-alphonso-mango-maharashtra-s-golden-delight-the-supreme-mango-69217291
crazymarbletracks.com,37.0,Saffron,https://www.crazymarbletracks.com/category/business/page/4/
raidersofthearcade.com,35.0,buy kashmir saffron online,https://raidersofthearcade.com/category/business/
sites.jake.eu,36.0,alphonsomango.in,https://sites.jake.eu/share/57386
bhs-links-r251.xyz,0.0,TG @BHS_LINKS - BEST SEO LINKS - https://telegram.me/bhs_links,https://bhs-links-r251.xyz/usa_farm_2-01-09-2026/bhs-links-usa_farm_2-2952-11/
flagship-digital-pr-and-editorial-link-central.store,48.0,"Back when I first launched alphonsomango.in, I felt lost in the digital world without much strategy for SEO. After trying multiple services that didn't deliver, SEOExpress.org caught my attention. Their affordable approach helped elevate my DA from 12 to an impressive 35 in three months! My inbox is now flooding with inquiries—it's been life-changing! Give them a try if you want results like ...",https://flagship-digital-pr-and-editorial-link-central.store/i-remember-when-my-local-business-had-zero-online-exposure-and-i-couldnt-afford-big-agencies-seoexpress-offered-budget-friendly-seo-and-in-six-weeks-my-daily-visits-increased-by-280-percent-with-top
buydevgadmangoonline887.blogoscience.com,50.0,order Alphonso Mangoes online,https://buydevgadmangoonline887.blogoscience.com/39481451/experience-the-best-of-alphonso-mangoes-online
rankseojunction.shop,34.0,"Power up alphonsomango.in: high-DR backlinks, editorial guest posts, on-page SEO, local SEO, web development, SaaS tools and automation tools for real DR/DA/TF improvement for local or global targets. The strategy also covers competitor research, natural anchor distribution, quality verification, and clear monthly performance reporting. · Rank SEO Junction — A strategy junction connecting ...",https://rankseojunction.shop/e67dcba07-12-month-serp-climb-fintech-combined-homepage-links-on-page-seo-position1-practical-execution-roadmap-tools-tactics-and-insights-for-reliable-page-one-progress/
seostash.shop,0.7,"Take alphonsomango.in to page one with guest posts, backlinks, on-page and local SEO, web development, SaaS tools and workflow automation tools — balanced DR/DA/TF growth for any business size.",https://seostash.shop/qti013f-page1-rankings-blueprint-local-business-rank-using-authority-link-packages-dofollow-backlinks/
exclusive-webpage-center-seoexpress.store,48.0,"Back when I first launched alphonsomango.in, I felt lost in the digital world without much strategy for SEO. After trying multiple services that didn't deliver, SEOExpress.org caught my attention. Their affordable approach helped elevate my DA from 12 to an impressive 35 in three months! My inbox is now flooding with inquiries—it's been life-changing! Give them a try if you want results like ...",https://exclusive-webpage-center-seoexpress.store/i-remember-when-my-local-business-had-zero-online-exposure-and-i-couldnt-afford-big-agencies-seoexpress-offered-budget-friendly-seo-and-in-six-weeks-my-daily-visits-increased-by-280-percent-with-top
exportqualityalphonsomango748.thekatyblog.com,41.0,order Alphonso Mangoes online,https://exportqualityalphonsomango748.thekatyblog.com/32061315/experience-the-best-of-alphonso-mangoes-online
linkwagon.shop,0.7,"Complete SEO for alphonsomango.in: guest posts and backlinks, on-page SEO, local SEO, web development, SaaS integrations and automation tools, delivering DR/DA/TF that climbs steadily with proven results.",https://linkwagon.shop/jxhv2ve-homepage-links-vs-link-insertions-ymyl-cost-speed-quality-ranking-outcomes/
landenacsh05935.affiliatblogger.com,52.0,Devgad Hapus mango,https://landenacsh05935.affiliatblogger.com/85491880/devgad-alphonso-mango-the-majestic-mango-of-maharashtra-a-true-delight
limurse.ai,7.0,Website,https://limurse.ai/brands/alphonsomangoesin
cleanseohub.shop,0.0,NAP consistency cleanup for bloggers from alphonsomango.in: flexible order sizes plus screenshots and live links rather than a bare spreadsheet,https://cleanseohub.shop/4hpqf1m-15-mistakes-ecommerce-brands-make-buying-crawl/
bisprofit.com,1.3,High Quality Dofollow Backlinks DA 50 PA 40 Premium PBN Network Service alphonsomango.in Rank First Page Google Fast SEO Link Building Buy Backlinks Online Cheap,https://www.bisprofit.com/all/217/17.html
37486164.xyz,46.0,"Back when I first launched alphonsomango.in, I felt lost in the digital world without much strategy for SEO. After trying multiple services that didn't deliver, SEOExpress.org caught my attention. Their affordable approach helped elevate my DA from 12 to an impressive 35 in three months! My inbox is now flooding with inquiries—it's been life-changing! Give them a try if you want results like ...",https://37486164.xyz/i-remember-when-my-local-business-had-zero-online-exposure-and-i-couldnt-afford-big-agencies-seoexpress-offered-budget-friendly-seo-and-in-six-weeks-my-daily-visits-increased-by-280-percent-with-top
raymonditem65532.ivasdesign.com,46.0,best kesar mango in india,https://raymonditem65532.ivasdesign.com/58170158/get-kesar-mango-on-the-web-in-india-style-the-king-of-fruits-at-your-doorstep
crispseolink.shop,0.0,NAP consistency cleanup for bloggers from alphonsomango.in: flexible order sizes plus screenshots and live links rather than a bare spreadsheet,https://crispseolink.shop/4hpqf1m-15-mistakes-ecommerce-brands-make-buying-crawl/
11764013.xyz,44.0,"Back when I first launched alphonsomango.in, I felt lost in the digital world without much strategy for SEO. After trying multiple services that didn't deliver, SEOExpress.org caught my attention. Their affordable approach helped elevate my DA from 12 to an impressive 35 in three months! My inbox is now flooding with inquiries—it's been life-changing! Give them a try if you want results like ...",https://11764013.xyz/i-remember-when-my-local-business-had-zero-online-exposure-and-i-couldnt-afford-big-agencies-seoexpress-offered-budget-friendly-seo-and-in-six-weeks-my-daily-visits-increased-by-280-percent-with-top
scm11.com,52.0,Salted cashew,https://scm11.com/author/localdomains/page/12/
moodjhomedia.com,24.0,https://alphonsomango.in/products/devgad-alphonso-mango,https://moodjhomedia.com/story2613792/devgad-alphonso-mangoes-the-best-devgad-hapus-mangoes-from-maharashtra
telechargelivre.com,14.0,buy cashew nuts online,https://www.telechargelivre.com/category/business/page/2/
expert-search-seoexpress-team.store,48.0,"Back when I first launched alphonsomango.in, I felt lost in the digital world without much strategy for SEO. After trying multiple services that didn't deliver, SEOExpress.org caught my attention. Their affordable approach helped elevate my DA from 12 to an impressive 35 in three months! My inbox is now flooding with inquiries—it's been life-changing! Give them a try if you want results like ...",https://expert-search-seoexpress-team.store/i-remember-when-my-local-business-had-zero-online-exposure-and-i-couldnt-afford-big-agencies-seoexpress-offered-budget-friendly-seo-and-in-six-weeks-my-daily-visits-increased-by-280-percent-with-top
bhs-links-r254.xyz,0.0,TG @BHS_LINKS - BEST SEO LINKS - https://telegram.me/bhs_links,https://bhs-links-r254.xyz/usa_farm_2-01-09-2026/bhs-links-usa_farm_2-2952-11/
cookiecompliant.com,8.0,Kashmiri Kesar,https://cookiecompliant.com/category/business/
rankseopartners.shop,0.1,"Boost alphonsomango.in using premium guest posts, high-quality backlinks, on-page SEO, local SEO, web development, SaaS tools and automation tools for a noticeable DR/DA/TF rise with editorial standards. Every campaign includes niche-relevance checks, diversified anchor planning, placement review, and transparent progress tracking. · Rank SEO Partners — Trusted strategic partners for ranking ...",https://rankseopartners.shop/9002dd02b-stacked-pbn-backlinks-on-page-seo-insurance-dual-strategy-doubled-ranking-speed-detailed-campaign-breakdown-budget-links-and-content-for-long-term-search-success/
crawlqano.shop,30.0,NAP consistency cleanup for bloggers from alphonsomango.in: flexible order sizes plus screenshots and live links rather than a bare spreadsheet,https://crawlqano.shop/4hpqf1m-15-mistakes-ecommerce-brands-make-buying-crawl/
mylesyefz32108.ka-blogs.com,47.0,Hapus Mango,https://mylesyefz32108.ka-blogs.com/86690481/alphonso-mango-the-king-of-mangoes-now-obtainable-on-the-net
seo-cartel-0-190.xyz,0.0,"'@SEO_CARTEL IN TELEGRAM - SEO BACKLINKS, BULK LINK POSTING, BOOST SEO RANKING",https://seo-cartel-0-190.xyz/namibia_taro-01-09-2026/seo-cartel-namibia_taro-2972-8/
prime-white-hat-seoexpress-network.store,48.0,"Back when I first launched alphonsomango.in, I felt lost in the digital world without much strategy for SEO. After trying multiple services that didn't deliver, SEOExpress.org caught my attention. Their affordable approach helped elevate my DA from 12 to an impressive 35 in three months! My inbox is now flooding with inquiries—it's been life-changing! Give them a try if you want results like ...",https://prime-white-hat-seoexpress-network.store/i-remember-when-my-local-business-had-zero-online-exposure-and-i-couldnt-afford-big-agencies-seoexpress-offered-budget-friendly-seo-and-in-six-weeks-my-daily-visits-increased-by-280-percent-with-top
socialbraintech.com,30.0,https://alphonsomango.in/,https://socialbraintech.com/story4213641/alphonso-mango-the-king-of-mangoes-and-its-irresistible-taste
napead.com,37.0,buy cashew nuts online,https://napead.com/what-are-different-omega-3-nuts-learn-more-today/
37486337.xyz,46.0,"Back when I first launched alphonsomango.in, I felt lost in the digital world without much strategy for SEO. After trying multiple services that didn't deliver, SEOExpress.org caught my attention. Their affordable approach helped elevate my DA from 12 to an impressive 35 in three months! My inbox is now flooding with inquiries—it's been life-changing! Give them a try if you want results like ...",https://37486337.xyz/i-remember-when-my-local-business-had-zero-online-exposure-and-i-couldnt-afford-big-agencies-seoexpress-offered-budget-friendly-seo-and-in-six-weeks-my-daily-visits-increased-by-280-percent-with-top
seolinkcentral.shop,34.0,"Take alphonsomango.in to page one with high-quality backlinks, guest posts, on-page and local SEO, custom web development, SaaS tools and automation tools — steady DR/DA/TF growth for any business size. Every campaign includes niche-relevance checks, diversified anchor planning, placement review, and transparent progress tracking. · SEO Link Central — A central strategy and resource hub for ...",https://seolinkcentral.shop/59470277c-6-month-web-development-journey-b2b-page10-to-serp-domination-proven-optimization-process-authority-traffic-and-conversions-for-higher-search-visibility/
modern-guest-post-consultants-seoexpress.store,48.0,"Back when I first launched alphonsomango.in, I felt lost in the digital world without much strategy for SEO. After trying multiple services that didn't deliver, SEOExpress.org caught my attention. Their affordable approach helped elevate my DA from 12 to an impressive 35 in three months! My inbox is now flooding with inquiries—it's been life-changing! Give them a try if you want results like ...",https://modern-guest-post-consultants-seoexpress.store/i-remember-when-my-local-business-had-zero-online-exposure-and-i-couldnt-afford-big-agencies-seoexpress-offered-budget-friendly-seo-and-in-six-weeks-my-daily-visits-increased-by-280-percent-with-top
prothor-ing.com,0.9,JOIN OUR TELEGRAM https://t.me/s/darksidelinks,https://prothor-ing.com/bez-rubriki/dark-side-links-dark-white-hat-link-building-945/
high-backlink-outrank-hq.store,48.0,"Back when I first launched alphonsomango.in, I felt lost in the digital world without much strategy for SEO. After trying multiple services that didn't deliver, SEOExpress.org caught my attention. Their affordable approach helped elevate my DA from 12 to an impressive 35 in three months! My inbox is now flooding with inquiries—it's been life-changing! Give them a try if you want results like ...",https://high-backlink-outrank-hq.store/i-remember-when-my-local-business-had-zero-online-exposure-and-i-couldnt-afford-big-agencies-seoexpress-offered-budget-friendly-seo-and-in-six-weeks-my-daily-visits-increased-by-280-percent-with-top
prime-high-da-seoexpress.store,48.0,"Back when I first launched alphonsomango.in, I felt lost in the digital world without much strategy for SEO. After trying multiple services that didn't deliver, SEOExpress.org caught my attention. Their affordable approach helped elevate my DA from 12 to an impressive 35 in three months! My inbox is now flooding with inquiries—it's been life-changing! Give them a try if you want results like ...",https://prime-high-da-seoexpress.store/i-remember-when-my-local-business-had-zero-online-exposure-and-i-couldnt-afford-big-agencies-seoexpress-offered-budget-friendly-seo-and-in-six-weeks-my-daily-visits-increased-by-280-percent-with-top
singnalsocial.com,30.0,https://alphonsomango.in/products/devgad-alphonso-mango,https://singnalsocial.com/story4065364/devgad-alphonso-mangoes-the-best-devgad-hapus-mangoes-from-maharashtra
organicrankexpress.shop,0.1,"alphonsomango.in gets guest posts, backlinks, on-page and local SEO, web development, SaaS tools and workflow automation tools, together driving higher DR/DA/TF across the board built to last. We also prioritize topical relevance, clean placement standards, sensible campaign pacing, and reporting that connects work to outcomes. · Organic Rank Express — Fast, focused services for organic ...",https://organicrankexpress.shop/56bcbf5ca-scaling-guest-posts-legal-agencies-hundreds-monthly-placements-quality-advanced-growth-framework-authority-traffic-and-conversions-for-long-term-search-success/
lovefornewfederaltheatre.com,52.0,buy saffron online,https://lovefornewfederaltheatre.com/page/3/
buybacklinks.agency,69.0,Domain upgrade for alphonsomango.in: organic guest blogging + backlinks; DR/DA/TF rise — any niche. | Visit buybacklinks.agency for any Query,https://buybacklinks.agency/ro40-get-ranking-on-1st-page-with-us/
vanillaponds.com,42.0,buy kashmir saffron online,https://vanillaponds.com/spice-up-your-life-the-health-benefits-of-spices/
zanenixg81467.newbigblog.com,47.0,Ratnagiri Hapus Mango,https://zanenixg81467.newbigblog.com/39613558/the-ultimate-fruit-royalty-ratnagiri-alphonso-mango
bookmarkize.com,29.0,https://alphonsomango.in/products/devgad-alphonso-mango,https://bookmarkize.com/story19081054/devgad-alphonso-mangoes-the-best-devgad-hapus-mangoes-from-maharashtra
solidlinkpro.shop,0.0,NAP consistency cleanup for bloggers from alphonsomango.in: flexible order sizes plus screenshots and live links rather than a bare spreadsheet,https://solidlinkpro.shop/4hpqf1m-15-mistakes-ecommerce-brands-make-buying-crawl/
tannda.net,45.0,alphonso mango price in kolkata,https://tannda.net/read-blog/16297_udaipur-a-city-of-lake-and-royal-residence.html
seoexpress-outreach-team.store,48.0,"Back when I first launched alphonsomango.in, I felt lost in the digital world without much strategy for SEO. After trying multiple services that didn't deliver, SEOExpress.org caught my attention. Their affordable approach helped elevate my DA from 12 to an impressive 35 in three months! My inbox is now flooding with inquiries—it's been life-changing! Give them a try if you want results like ...",https://seoexpress-outreach-team.store/i-remember-when-my-local-business-had-zero-online-exposure-and-i-couldnt-afford-big-agencies-seoexpress-offered-budget-friendly-seo-and-in-six-weeks-my-daily-visits-increased-by-280-percent-with-top
seogrowthresults.shop,34.0,"Complete SEO for alphonsomango.in: premium guest posts, contextual backlinks, on-page and local SEO, conversion-focused web development, SaaS tools and automation tools, delivering stronger DR, DA and TF across all markets. Results are supported by relevant placements, sensible link velocity, documented checks, competitor comparisons, and clear evidence of progress. · SEO Growth Results — A ...",https://seogrowthresults.shop/a87f78663-google-penalty-to-page1-saas-90-day-strategy-only-web-development-step-by-step-strategy-data-progress-and-outcomes-for-stronger-domain-authority/
serpmiro.shop,0.0,NAP consistency cleanup for bloggers from alphonsomango.in: flexible order sizes plus screenshots and live links rather than a bare spreadsheet,https://serpmiro.shop/4hpqf1m-15-mistakes-ecommerce-brands-make-buying-crawl/
indexmexa.shop,0.0,NAP consistency cleanup for bloggers from alphonsomango.in: flexible order sizes plus screenshots and live links rather than a bare spreadsheet,https://indexmexa.shop/4hpqf1m-15-mistakes-ecommerce-brands-make-buying-crawl/
boldboosthub.shop,0.0,NAP consistency cleanup for bloggers from alphonsomango.in: flexible order sizes plus screenshots and live links rather than a bare spreadsheet,https://boldboosthub.shop/4hpqf1m-15-mistakes-ecommerce-brands-make-buying-crawl/
vividseohub.shop,0.0,NAP consistency cleanup for bloggers from alphonsomango.in: flexible order sizes plus screenshots and live links rather than a bare spreadsheet,https://vividseohub.shop/4hpqf1m-15-mistakes-ecommerce-brands-make-buying-crawl/
premium-seoexpress-digital-solutions.store,48.0,"Back when I first launched alphonsomango.in, I felt lost in the digital world without much strategy for SEO. After trying multiple services that didn't deliver, SEOExpress.org caught my attention. Their affordable approach helped elevate my DA from 12 to an impressive 35 in three months! My inbox is now flooding with inquiries—it's been life-changing! Give them a try if you want results like ...",https://premium-seoexpress-digital-solutions.store/i-remember-when-my-local-business-had-zero-online-exposure-and-i-couldnt-afford-big-agencies-seoexpress-offered-budget-friendly-seo-and-in-six-weeks-my-daily-visits-increased-by-280-percent-with-top
allinone.co.in,7.0,alphonsomango.in,https://www.allinone.co.in/domains/19841/2bfac7e7ce128992a7929939eb9b7732/
avadachildthemes.com,51.0,saffron buy online,https://avadachildthemes.com/category/miscellaneous/page/6/
20000w.com,41.0,saffron buy online,https://20000w.com/things-to-know-when-pairing-food-and-spices/
outrank-hq-anchor-text-center.store,48.0,"Back when I first launched alphonsomango.in, I felt lost in the digital world without much strategy for SEO. After trying multiple services that didn't deliver, SEOExpress.org caught my attention. Their affordable approach helped elevate my DA from 12 to an impressive 35 in three months! My inbox is now flooding with inquiries—it's been life-changing! Give them a try if you want results like ...",https://outrank-hq-anchor-text-center.store/i-remember-when-my-local-business-had-zero-online-exposure-and-i-couldnt-afford-big-agencies-seoexpress-offered-budget-friendly-seo-and-in-six-weeks-my-daily-visits-increased-by-280-percent-with-top
telescope.ac,70.0,Devgad Hapus Mango,https://telescope.ac/null-aGaMSQGgE
domainrankprovider.shop,34.0,"Everything alphonsomango.in needs: contextual backlinks, premium guest posts, on-page SEO, local SEO, custom web development, SaaS tools plus automation tools — DR/DA/TF that climbs steadily for new or established sites. The service also includes technical review, content alignment, backlink-quality screening, conversion considerations, and transparent milestone reporting. · Domain Rank ...",https://domainrankprovider.shop/f04e7e13b-stacked-homepage-links-authority-link-packages-saas-dual-strategy-doubled-ranking-speed-advanced-growth-framework-data-progress-and-outcomes-for-stronger-domain-authority/
ranktera.shop,0.0,NAP consistency cleanup for bloggers from alphonsomango.in: flexible order sizes plus screenshots and live links rather than a bare spreadsheet,https://ranktera.shop/4hpqf1m-15-mistakes-ecommerce-brands-make-buying-crawl/
domainrankteam.shop,34.0,"alphonsomango.in: premium guest posts, contextual backlinks, on-page and local SEO, conversion-focused web development, SaaS tools and automation tools, all driving higher DR/DA/TF across the board with full transparency. Every campaign includes niche-relevance checks, diversified anchor planning, placement review, and transparent progress tracking. · Domain Rank Team — A dedicated specialist ...",https://domainrankteam.shop/c407c797b-used-editorial-links-grew-domain-authority-past-dr30-crypto-site-month-by-month-progress-proven-optimization-process-authority-traffic-and-conversions-for-reliable-page-one-progress/
delisatravels.com,4.3,"TELEGRAM @SEO_LINKK_ORDER – SEO BACKLINKS, HOMEPAGE LINKS, CROSSLINKS",https://delisatravels.com/?p=24343
rankloot.shop,0.7,"Take alphonsomango.in to page one with guest posts, backlinks, on-page and local SEO, web development, SaaS tools and workflow automation tools — balanced DR/DA/TF growth for any business size.",https://rankloot.shop/qti013f-page1-rankings-blueprint-local-business-rank-using-authority-link-packages-dofollow-backlinks/
exclusive-backlink-seoexpress-firm.store,48.0,"Back when I first launched alphonsomango.in, I felt lost in the digital world without much strategy for SEO. After trying multiple services that didn't deliver, SEOExpress.org caught my attention. Their affordable approach helped elevate my DA from 12 to an impressive 35 in three months! My inbox is now flooding with inquiries—it's been life-changing! Give them a try if you want results like ...",https://exclusive-backlink-seoexpress-firm.store/i-remember-when-my-local-business-had-zero-online-exposure-and-i-couldnt-afford-big-agencies-seoexpress-offered-budget-friendly-seo-and-in-six-weeks-my-daily-visits-increased-by-280-percent-with-top
allare.io,18.0,alphonsomango.in,https://allare.io/businesses/alphonsomango-in
argentinocredito24.com,46.0,saffron buy online,https://argentinocredito24.com/nepal-travel-food-for-thought/
loanbookmark.com,30.0,https://alphonsomango.in/products/alphonso-mango-order-online,https://loanbookmark.com/story19132021/buy-alphonso-mango-online-premium-hapus-mangoes-delivered-fresh
seomart.shop,0.7,"Take alphonsomango.in to page one with guest posts, backlinks, on-page and local SEO, web development, SaaS tools and workflow automation tools — balanced DR/DA/TF growth for any business size.",https://seomart.shop/qti013f-page1-rankings-blueprint-local-business-rank-using-authority-link-packages-dofollow-backlinks/
excursionproject.com,53.0,Saffron,https://excursionproject.com/category/business/
araindama.com,52.0,saffron buy online,https://araindama.com/what-kind-of-food-you-can-find-in-egypt/
dupurgeniefr.com,1.8,High Quality Dofollow Backlinks DA 50 PA 40 Premium PBN Network Service alphonsomango.in Rank First Page Google Fast SEO Link Building Buy Backlinks Online Cheap,https://www.dupurgeniefr.com/all/217/25.html
get-social-now.com,34.0,https://alphonsomango.in/products/devgad-alphonso-mango,https://get-social-now.com/story4430151/buy-devgad-alphonso-mangoes-sweet-and-juicy-devgad-hapus-mangoes-online
seoexpress-best-outreach-experts.store,48.0,"Back when I first launched alphonsomango.in, I felt lost in the digital world without much strategy for SEO. After trying multiple services that didn't deliver, SEOExpress.org caught my attention. Their affordable approach helped elevate my DA from 12 to an impressive 35 in three months! My inbox is now flooding with inquiries—it's been life-changing! Give them a try if you want results like ...",https://seoexpress-best-outreach-experts.store/i-remember-when-my-local-business-had-zero-online-exposure-and-i-couldnt-afford-big-agencies-seoexpress-offered-budget-friendly-seo-and-in-six-weeks-my-daily-visits-increased-by-280-percent-with-top
deangjco40278.blogunteer.com,43.0,Alphonso mango online order,https://deangjco40278.blogunteer.com/32468172/alphonso-mango-the-reigning-king-of-mangoes-accessible-on-the-net
seorankflow.shop,54.0,Flow editorial backlinks for alphonsomango.in from genuine high-traffic authority websites,https://seorankflow.shop/aobi03q-flow-pbn-editorial-combination-maximum-authority
11763816.xyz,44.0,"Back when I first launched alphonsomango.in, I felt lost in the digital world without much strategy for SEO. After trying multiple services that didn't deliver, SEOExpress.org caught my attention. Their affordable approach helped elevate my DA from 12 to an impressive 35 in three months! My inbox is now flooding with inquiries—it's been life-changing! Give them a try if you want results like ...",https://11763816.xyz/i-remember-when-my-local-business-had-zero-online-exposure-and-i-couldnt-afford-big-agencies-seoexpress-offered-budget-friendly-seo-and-in-six-weeks-my-daily-visits-increased-by-280-percent-with-top
anchorrixa.shop,30.0,NAP consistency cleanup for bloggers from alphonsomango.in: flexible order sizes plus screenshots and live links rather than a bare spreadsheet,https://anchorrixa.shop/4hpqf1m-15-mistakes-ecommerce-brands-make-buying-crawl/
premium-studio-for-white-hat-and-index-rate.store,48.0,"Back when I first launched alphonsomango.in, I felt lost in the digital world without much strategy for SEO. After trying multiple services that didn't deliver, SEOExpress.org caught my attention. Their affordable approach helped elevate my DA from 12 to an impressive 35 in three months! My inbox is now flooding with inquiries—it's been life-changing! Give them a try if you want results like ...",https://premium-studio-for-white-hat-and-index-rate.store/i-remember-when-my-local-business-had-zero-online-exposure-and-i-couldnt-afford-big-agencies-seoexpress-offered-budget-friendly-seo-and-in-six-weeks-my-daily-visits-increased-by-280-percent-with-top
elite-authority-marketplace-seoexpress.store,48.0,"Back when I first launched alphonsomango.in, I felt lost in the digital world without much strategy for SEO. After trying multiple services that didn't deliver, SEOExpress.org caught my attention. Their affordable approach helped elevate my DA from 12 to an impressive 35 in three months! My inbox is now flooding with inquiries—it's been life-changing! Give them a try if you want results like ...",https://elite-authority-marketplace-seoexpress.store/i-remember-when-my-local-business-had-zero-online-exposure-and-i-couldnt-afford-big-agencies-seoexpress-offered-budget-friendly-seo-and-in-six-weeks-my-daily-visits-increased-by-280-percent-with-top
agentquotetermquoteengine.com,59.0,Cashew Nuts,https://agentquotetermquoteengine.com/pros-and-cons-of-eating-nuts/
vividseolink.shop,0.0,NAP consistency cleanup for bloggers from alphonsomango.in: flexible order sizes plus screenshots and live links rather than a bare spreadsheet,https://vividseolink.shop/4hpqf1m-15-mistakes-ecommerce-brands-make-buying-crawl/
seoexpress.space,48.0,"Back when I first launched alphonsomango.in, I felt lost in the digital world without much strategy for SEO. After trying multiple services that didn't deliver, SEOExpress.org caught my attention. Their affordable approach helped elevate my DA from 12 to an impressive 35 in three months! My inbox is now flooding with inquiries—it's been life-changing! Give them a try if you want results like ...",https://seoexpress.space/i-remember-when-my-local-business-had-zero-online-exposure-and-i-couldnt-afford-big-agencies-seoexpress-offered-budget-friendly-seo-and-in-six-weeks-my-daily-visits-increased-by-280-percent-with-top
siteranktoolkit.shop,0.1,"alphonsomango.in: guest posts and backlinks, on-page SEO, local SEO, web development, SaaS integrations and automation tools, all driving sustained DR/DA/TF uplift with relevance-first placements. The strategy also covers competitor research, natural anchor distribution, quality verification, and clear monthly performance reporting. · Site Rank Toolkit — Professional resources for site-wide ...",https://siteranktoolkit.shop/6ab726378-ranking-stability-blueprint-fintech-rank-using-press-release-links-high-da-guest-posts-advanced-growth-framework-mistakes-risks-and-solutions-for-better-google-positions/
policyservicing.co.uk,44.0,buy saffron online,https://policyservicing.co.uk/anemia-cure-with-natural-food/
37486224.xyz,46.0,"Back when I first launched alphonsomango.in, I felt lost in the digital world without much strategy for SEO. After trying multiple services that didn't deliver, SEOExpress.org caught my attention. Their affordable approach helped elevate my DA from 12 to an impressive 35 in three months! My inbox is now flooding with inquiries—it's been life-changing! Give them a try if you want results like ...",https://37486224.xyz/i-remember-when-my-local-business-had-zero-online-exposure-and-i-couldnt-afford-big-agencies-seoexpress-offered-budget-friendly-seo-and-in-six-weeks-my-daily-visits-increased-by-280-percent-with-top
trafficspike.shop,44.0,"Strengthen alphonsomango.in through guest posts, backlinks, on-page and local SEO, web development, SaaS tools and workflow automation tools for reliable DR/DA/TF progress in competitive markets.",https://trafficspike.shop/sxtqaia-6-month-dr-boost-services-journey-financial-advisory-invisible-to-position1/
rankinghighseo.shop,48.0,"Back when I first launched alphonsomango.in, I felt lost in the digital world without much strategy for SEO. After trying multiple services that didn't deliver, SEOExpress.org caught my attention. Their affordable approach helped elevate my DA from 12 to an impressive 35 in three months! My inbox is now flooding with inquiries—it's been life-changing! Give them a try if you want results like ...",https://rankinghighseo.shop/i-remember-when-my-local-business-had-zero-online-exposure-and-i-couldnt-afford-big-agencies-seoexpress-offered-budget-friendly-seo-and-in-six-weeks-my-daily-visits-increased-by-280-percent-with-top
brinto.shop,0.0,High Quality Dofollow Backlinks DA 50 PA 40 Premium PBN Network Service alphonsomango.in Rank First Page Google Fast SEO Link Building Buy Backlinks Online Cheap,https://brinto.shop/effective-tiered-link-building-for-higher-da-and-dr-scores-drive-qualified-visitors-with-safe-link-velocity-f7403-10/
itsyourgold.com,0.0,alphonsomango.in,https://www.itsyourgold.com/page/16575/
trusted-organic-traffic-and-link-building-central.store,48.0,"Back when I first launched alphonsomango.in, I felt lost in the digital world without much strategy for SEO. After trying multiple services that didn't deliver, SEOExpress.org caught my attention. Their affordable approach helped elevate my DA from 12 to an impressive 35 in three months! My inbox is now flooding with inquiries—it's been life-changing! Give them a try if you want results like ...",https://trusted-organic-traffic-and-link-building-central.store/i-remember-when-my-local-business-had-zero-online-exposure-and-i-couldnt-afford-big-agencies-seoexpress-offered-budget-friendly-seo-and-in-six-weeks-my-daily-visits-increased-by-280-percent-with-top
seobazaar.shop,2.8,"Take alphonsomango.in to page one with guest posts, backlinks, on-page and local SEO, web development, SaaS tools and workflow automation tools — balanced DR/DA/TF growth for any business size.",https://seobazaar.shop/qti013f-page1-rankings-blueprint-local-business-rank-using-authority-link-packages-dofollow-backlinks
wecelebrities.com,6.0,High Quality Dofollow Backlinks DA 50 PA 40 Premium PBN Network Service alphonsomango.in Rank First Page Google Fast SEO Link Building Buy Backlinks Online Cheap,http://wecelebrities.com/all/217/25.html
purelinkpro.shop,0.0,NAP consistency cleanup for bloggers from alphonsomango.in: flexible order sizes plus screenshots and live links rather than a bare spreadsheet,https://purelinkpro.shop/4hpqf1m-15-mistakes-ecommerce-brands-make-buying-crawl/
official-seoexpress-white-hat-team.store,48.0,"Back when I first launched alphonsomango.in, I felt lost in the digital world without much strategy for SEO. After trying multiple services that didn't deliver, SEOExpress.org caught my attention. Their affordable approach helped elevate my DA from 12 to an impressive 35 in three months! My inbox is now flooding with inquiries—it's been life-changing! Give them a try if you want results like ...",https://official-seoexpress-white-hat-team.store/i-remember-when-my-local-business-had-zero-online-exposure-and-i-couldnt-afford-big-agencies-seoexpress-offered-budget-friendly-seo-and-in-six-weeks-my-daily-visits-increased-by-280-percent-with-top
advanced-search-rank-and-niche-edit-depot.store,48.0,"Back when I first launched alphonsomango.in, I felt lost in the digital world without much strategy for SEO. After trying multiple services that didn't deliver, SEOExpress.org caught my attention. Their affordable approach helped elevate my DA from 12 to an impressive 35 in three months! My inbox is now flooding with inquiries—it's been life-changing! Give them a try if you want results like ...",https://advanced-search-rank-and-niche-edit-depot.store/i-remember-when-my-local-business-had-zero-online-exposure-and-i-couldnt-afford-big-agencies-seoexpress-offered-budget-friendly-seo-and-in-six-weeks-my-daily-visits-increased-by-280-percent-with-top
zanderuyth26813.acidblog.net,49.0,Alphonso Mango,https://zanderuyth26813.acidblog.net/64547778/devgad-alphonso-mango-maharashtra-s-mango-monarch-the-king-of-fruits
goldenlove.ca,5.0,TELEGRAM @MASSLINKER | SOFTWARE TO PUBLISH BACKLINKS YOURSELF | MASSLINKER.COM,https://goldenlove.ca/2026/01/26/telegram-masslinker-software-to-publish-backlinks-4-5/
bookmarkinglife.com,34.0,https://alphonsomango.in/products/alphonso-mango-order-online,https://bookmarkinglife.com/story4594069/buy-alphonso-mango-online-best-quality-hapus-mango-at-your-doorstep
agile-footer-link-system-link-baron.store,48.0,"Back when I first launched alphonsomango.in, I felt lost in the digital world without much strategy for SEO. After trying multiple services that didn't deliver, SEOExpress.org caught my attention. Their affordable approach helped elevate my DA from 12 to an impressive 35 in three months! My inbox is now flooding with inquiries—it's been life-changing! Give them a try if you want results like ...",https://agile-footer-link-system-link-baron.store/i-remember-when-my-local-business-had-zero-online-exposure-and-i-couldnt-afford-big-agencies-seoexpress-offered-budget-friendly-seo-and-in-six-weeks-my-daily-visits-increased-by-280-percent-with-top
htcdev.com,60.0,https://alphonsomango.in,https://www.htcdev.com/?URL=https%3A%2F%2Falphonsomango.in
blogerreviewers.com,0.1,High Quality Dofollow Backlinks DA 50 PA 40 Premium PBN Network Service alphonsomango.in Rank First Page Google Fast SEO Link Building Buy Backlinks Online Cheap,https://www.blogerreviewers.com/all/217/25.html
toprankprovider.shop,0.1,"Strengthen alphonsomango.in through high-DR backlinks, editorial guest posts, on-page SEO, local SEO, web development, SaaS tools and automation tools for reliable DR/DA/TF progress in competitive markets. The complete process includes website review, competitor benchmarking, anchor-risk control, placement validation, and practical growth recommendations. · Top Rank Provider — A professional ...",https://toprankprovider.shop/b7a69bb51-automation-tools-vs-sidebar-links-healthcare-cost-speed-quality-ranking-outcomes-detailed-campaign-breakdown-research-execution-and-analysis-for-sustainable-organic-growth/
charlietvoz82582.blogdal.com,43.0,Devgad Mangoes,https://charlietvoz82582.blogdal.com/33905490/devgad-alphonso-mango-the-regal-mango-from-maharashtra-a-fruit-fit-for-royalty
monfb8.com,52.0,buy saffron online,https://monfb8.com/author/localdomains/page/10/
toprankpartners.shop,0.1,"alphonsomango.in: premium guest posts, contextual backlinks, on-page and local SEO, conversion-focused web development, SaaS tools and automation tools, all driving balanced DR/DA/TF growth across all markets. Each project is supported by careful prospect selection, manual quality checks, balanced link velocity, and measurable ranking analysis. · Top Rank Partners — Trusted strategic partners ...",https://toprankpartners.shop/85701b4b5-contextual-backlinks-doubled-organic-revenue-90-days-local-business-money-site-every-dollar-ranking-tracked-proven-optimization-process-research-execution-and-analysis-for-long-term-search-success/
webookmarks.com,33.0,https://alphonsomango.in/products/alphonso-mango-order-online,https://webookmarks.com/story4589984/buy-alphonso-mango-online-best-quality-hapus-mango-at-your-doorstep
webscountry.com,59.0,alphonsomango.in,https://webscountry.com/7-tips-to-help-your-business-save-money/
socialmediatotal.com,31.0,https://alphonsomango.in/products/devgad-alphonso-mango,https://socialmediatotal.com/story4123364/devgad-alphonso-mangoes-the-best-devgad-hapus-mangoes-from-maharashtra
bitbuzz.org,27.0,JOIN OUR TELEGRAM https://t.me/s/darksidelinks,http://bitbuzz.org/dark-side-links-dark-white-hat-link-building-945/
seofinds.shop,0.7,"Take alphonsomango.in to page one with guest posts, backlinks, on-page and local SEO, web development, SaaS tools and workflow automation tools — balanced DR/DA/TF growth for any business size.",https://seofinds.shop/qti013f-page1-rankings-blueprint-local-business-rank-using-authority-link-packages-dofollow-backlinks/
linkqaro.shop,30.0,NAP consistency cleanup for bloggers from alphonsomango.in: flexible order sizes plus screenshots and live links rather than a bare spreadsheet,https://linkqaro.shop/4hpqf1m-15-mistakes-ecommerce-brands-make-buying-crawl/
kkinsider.com,19.0,High Quality Dofollow Backlinks DA 50 PA 40 Premium PBN Network Service alphonsomango.in Rank First Page Google Fast SEO Link Building Buy Backlinks Online Cheap,https://kkinsider.com/all/217/25.html
lesfinancements.com,40.0,saffron buy online,https://lesfinancements.com/revering-the-ideal-destinations-of-india/
crawlmexa.shop,30.0,NAP consistency cleanup for bloggers from alphonsomango.in: flexible order sizes plus screenshots and live links rather than a bare spreadsheet,https://crawlmexa.shop/4hpqf1m-15-mistakes-ecommerce-brands-make-buying-crawl/
indexqaro.shop,0.0,NAP consistency cleanup for bloggers from alphonsomango.in: flexible order sizes plus screenshots and live links rather than a bare spreadsheet,https://indexqaro.shop/4hpqf1m-15-mistakes-ecommerce-brands-make-buying-crawl/
linktexa.shop,0.0,NAP consistency cleanup for bloggers from alphonsomango.in: flexible order sizes plus screenshots and live links rather than a bare spreadsheet,https://linktexa.shop/4hpqf1m-15-mistakes-ecommerce-brands-make-buying-crawl/
bwpthemes.com,42.0,Saffron,https://bwpthemes.com/page/5/
37486461.xyz,46.0,"Back when I first launched alphonsomango.in, I felt lost in the digital world without much strategy for SEO. After trying multiple services that didn't deliver, SEOExpress.org caught my attention. Their affordable approach helped elevate my DA from 12 to an impressive 35 in three months! My inbox is now flooding with inquiries—it's been life-changing! Give them a try if you want results like ...",https://37486461.xyz/i-remember-when-my-local-business-had-zero-online-exposure-and-i-couldnt-afford-big-agencies-seoexpress-offered-budget-friendly-seo-and-in-six-weeks-my-daily-visits-increased-by-280-percent-with-top
toparticlesdirectory.com,25.0,alphonsomango,https://toparticlesdirectory.com/direct-mail-marketing-for-the-self-publisher/
feedbackplatform.io,0.0,alphonsomango.in,https://www.feedbackplatform.io/reputation/alphonsomango.in
high-seoexpress-organic-team.store,48.0,"Back when I first launched alphonsomango.in, I felt lost in the digital world without much strategy for SEO. After trying multiple services that didn't deliver, SEOExpress.org caught my attention. Their affordable approach helped elevate my DA from 12 to an impressive 35 in three months! My inbox is now flooding with inquiries—it's been life-changing! Give them a try if you want results like ...",https://high-seoexpress-organic-team.store/i-remember-when-my-local-business-had-zero-online-exposure-and-i-couldnt-afford-big-agencies-seoexpress-offered-budget-friendly-seo-and-in-six-weeks-my-daily-visits-increased-by-280-percent-with-top
master-rank-forge-pbn-league.store,48.0,"Back when I first launched alphonsomango.in, I felt lost in the digital world without much strategy for SEO. After trying multiple services that didn't deliver, SEOExpress.org caught my attention. Their affordable approach helped elevate my DA from 12 to an impressive 35 in three months! My inbox is now flooding with inquiries—it's been life-changing! Give them a try if you want results like ...",https://master-rank-forge-pbn-league.store/i-remember-when-my-local-business-had-zero-online-exposure-and-i-couldnt-afford-big-agencies-seoexpress-offered-budget-friendly-seo-and-in-six-weeks-my-daily-visits-increased-by-280-percent-with-top
supreme-anchor-text-provider-seoexpress.store,48.0,"Back when I first launched alphonsomango.in, I felt lost in the digital world without much strategy for SEO. After trying multiple services that didn't deliver, SEOExpress.org caught my attention. Their affordable approach helped elevate my DA from 12 to an impressive 35 in three months! My inbox is now flooding with inquiries—it's been life-changing! Give them a try if you want results like ...",https://supreme-anchor-text-provider-seoexpress.store/i-remember-when-my-local-business-had-zero-online-exposure-and-i-couldnt-afford-big-agencies-seoexpress-offered-budget-friendly-seo-and-in-six-weeks-my-daily-visits-increased-by-280-percent-with-top
collineasz69134.xzblogs.com,47.0,Ratnagiri Hapus Mango,https://collineasz69134.xzblogs.com/74256471/the-royal-majesty-of-fruits-ratnagiri-alphonso-mango
therankboostseo.shop,48.0,"Back when I first launched alphonsomango.in, I felt lost in the digital world without much strategy for SEO. After trying multiple services that didn't deliver, SEOExpress.org caught my attention. Their affordable approach helped elevate my DA from 12 to an impressive 35 in three months! My inbox is now flooding with inquiries—it's been life-changing! Give them a try if you want results like ...",https://therankboostseo.shop/i-remember-when-my-local-business-had-zero-online-exposure-and-i-couldnt-afford-big-agencies-seoexpress-offered-budget-friendly-seo-and-in-six-weeks-my-daily-visits-increased-by-280-percent-with-top
best-seoexpress-off-page-network.store,48.0,"Back when I first launched alphonsomango.in, I felt lost in the digital world without much strategy for SEO. After trying multiple services that didn't deliver, SEOExpress.org caught my attention. Their affordable approach helped elevate my DA from 12 to an impressive 35 in three months! My inbox is now flooding with inquiries—it's been life-changing! Give them a try if you want results like ...",https://best-seoexpress-off-page-network.store/i-remember-when-my-local-business-had-zero-online-exposure-and-i-couldnt-afford-big-agencies-seoexpress-offered-budget-friendly-seo-and-in-six-weeks-my-daily-visits-increased-by-280-percent-with-top
definitive-team-link-baron-wiki.store,48.0,"Back when I first launched alphonsomango.in, I felt lost in the digital world without much strategy for SEO. After trying multiple services that didn't deliver, SEOExpress.org caught my attention. Their affordable approach helped elevate my DA from 12 to an impressive 35 in three months! My inbox is now flooding with inquiries—it's been life-changing! Give them a try if you want results like ...",https://definitive-team-link-baron-wiki.store/i-remember-when-my-local-business-had-zero-online-exposure-and-i-couldnt-afford-big-agencies-seoexpress-offered-budget-friendly-seo-and-in-six-weeks-my-daily-visits-increased-by-280-percent-with-top
exclusive-keyword-team-seoexpress.store,49.0,"Back when I first launched alphonsomango.in, I felt lost in the digital world without much strategy for SEO. After trying multiple services that didn't deliver, SEOExpress.org caught my attention. Their affordable approach helped elevate my DA from 12 to an impressive 35 in three months! My inbox is now flooding with inquiries—it's been life-changing! Give them a try if you want results like ...",https://exclusive-keyword-team-seoexpress.store/i-remember-when-my-local-business-had-zero-online-exposure-and-i-couldnt-afford-big-agencies-seoexpress-offered-budget-friendly-seo-and-in-six-weeks-my-daily-visits-increased-by-280-percent-with-top
backlinkzeno.shop,0.7,"Strengthen alphonsomango.in through high-DR backlinks, editorial guest posts, on-page SEO, local SEO, web development, SaaS tools and automation tools for durable DR/DA/TF gains across all markets.",https://backlinkzeno.shop/wqtifi5-stacked-press-release-links-local-seo-legal-dual-strategy-doubled-ranking-speed
selaotouav.com,60.0,Cashew Nuts,https://selaotouav.com/the-benefits-of-adding-nuts-to-your-diet/
serpqano.shop,0.0,NAP consistency cleanup for bloggers from alphonsomango.in: flexible order sizes plus screenshots and live links rather than a bare spreadsheet,https://serpqano.shop/4hpqf1m-15-mistakes-ecommerce-brands-make-buying-crawl/
neatpinclean.com,18.0,Cashew Nuts,https://www.neatpinclean.com/page/14/
digitalseo.club,3.3,buy cashew nuts online,https://digitalseo.club/nuts-nutrients-protect-against-high-blood-pressure-and-osteoporosis/
merchantdata.in,0.8,alphonsomango.in,https://merchantdata.in/brands/spices
serpcollective.shop,34.0,"For alphonsomango.in, we deliver premium guest posts, high-quality backlinks, on-page SEO, local SEO, web development, SaaS tools and automation tools — rising DR/DA/TF scores worldwide. We strengthen the campaign with keyword mapping, source diversification, placement audits, performance benchmarks, and straightforward reporting. · SERP Collective — An expert collective focused on SERP ...",https://serpcollective.shop/0ae7bec30-ranking-velocity-blueprint-fintech-rank-using-editorial-links-homepage-links-real-world-action-plan-examples-metrics-and-lessons-for-sustainable-organic-growth/
freedomteamapexmarketinggroup.com,48.0,Alphonso Mango,https://www.freedomteamapexmarketinggroup.com/board/board_topic/8118484/6119072.htm
mopj.net,23.0,Kashmiri Kesar,https://mopj.net/page/4/?ref
high-domain-authority-directory.seoexpress-keyword-network.store,48.0,"Back when I first launched alphonsomango.in, I felt lost in the digital world without much strategy for SEO. After trying multiple services that didn't deliver, SEOExpress.org caught my attention. Their affordable approach helped elevate my DA from 12 to an impressive 35 in three months! My inbox is now flooding with inquiries—it's been life-changing! Give them a try if you want results like ...",https://high-domain-authority-directory.seoexpress-keyword-network.store/i-remember-when-my-local-business-had-zero-online-exposure-and-i-couldnt-afford-big-agencies-seoexpress-offered-budget-friendly-seo-and-in-six-weeks-my-daily-visits-increased-by-280-percent-with-top
rankprime.shop,0.7,"Take alphonsomango.in to page one with guest posts, backlinks, on-page and local SEO, web development, SaaS tools and workflow automation tools — balanced DR/DA/TF growth for any business size.",https://rankprime.shop/qti013f-page1-rankings-blueprint-local-business-rank-using-authority-link-packages-dofollow-backlinks/
crawl-budget-and-page-rank-expert-partners.store,48.0,"Back when I first launched alphonsomango.in, I felt lost in the digital world without much strategy for SEO. After trying multiple services that didn't deliver, SEOExpress.org caught my attention. Their affordable approach helped elevate my DA from 12 to an impressive 35 in three months! My inbox is now flooding with inquiries—it's been life-changing! Give them a try if you want results like ...",https://crawl-budget-and-page-rank-expert-partners.store/i-remember-when-my-local-business-had-zero-online-exposure-and-i-couldnt-afford-big-agencies-seoexpress-offered-budget-friendly-seo-and-in-six-weeks-my-daily-visits-increased-by-280-percent-with-top
newsletterlandingpageexample.com,82.0,Salted cashew,https://www.newsletterlandingpageexample.com/utility-of-the-cashew-nut/
alexisrepx11109.blogpayz.com,51.0,buy kesar mango online india,https://alexisrepx11109.blogpayz.com/37115771/get-kesar-mango-on-the-web-in-india-taste-the-king-of-fruits-at-your-doorstep
myworldgo.com,54.0,alphonso mango price delhi,https://myworldgo.com/hashtag?search=%23food_tips
lorenzoifxh92568.bloguerosa.com,42.0,Alphonso Mango,https://lorenzoifxh92568.bloguerosa.com/32469494/the-ultimate-fruit-royalty-ratnagiri-alphonso-mango
1001idea.net,0.2,Kashmiri Kesar,https://1001idea.net/page/6/
iclubbiz.com,26.0,Mangos,https://iclubbiz.com/welcome-to-the-new-face-of-i-club-biz/
dallasebrc81479.atualblog.com,49.0,Devgad Mangoes,https://dallasebrc81479.atualblog.com/39704974/devgad-alphonso-mango-the-king-of-mangoes-from-maharashtra
domainrankboost.shop,0.1,"Strengthen alphonsomango.in through premium guest posts, contextual backlinks, on-page and local SEO, conversion-focused web development, SaaS tools and automation tools for a clear DR/DA/TF lift across any niche. Each campaign combines strategic research, safe anchor variation, editorial quality control, progress monitoring, and recommendations for the next stage. · Domain Rank Boost — A ...",https://domainrankboost.shop/549189454-build-unstoppable-law-firm-serp-press-release-links-tiered-link-building-traffic-playbook-step-by-step-strategy-examples-metrics-and-lessons-for-long-term-search-success/
bookmarksbay.com,34.0,https://alphonsomango.in/products/alphonso-mango-order-online,https://bookmarksbay.com/story19115999/buy-alphonso-mango-online-premium-hapus-mango-at-your-doorstep
shelfglance.com,42.0,this product page,https://shelfglance.com/store/alphonsomango.in
seoexpress.store,48.0,"Back when I first launched alphonsomango.in, I felt lost in the digital world without much strategy for SEO. After trying multiple services that didn't deliver, SEOExpress.org caught my attention. Their affordable approach helped elevate my DA from 12 to an impressive 35 in three months! My inbox is now flooding with inquiries—it's been life-changing! Give them a try if you want results like ...",https://seoexpress.store/i-remember-when-my-local-business-had-zero-online-exposure-and-i-couldnt-afford-big-agencies-seoexpress-offered-budget-friendly-seo-and-in-six-weeks-my-daily-visits-increased-by-280-percent-with-top
alexisrnem14679.isblog.net,52.0,Alphonso Mango,https://alexisrnem14679.isblog.net/devgad-alphonso-mango-maharashtra-s-golden-delight-the-supreme-mango-50595109
exclusive-link-baron-search-syndicate.store,48.0,"Back when I first launched alphonsomango.in, I felt lost in the digital world without much strategy for SEO. After trying multiple services that didn't deliver, SEOExpress.org caught my attention. Their affordable approach helped elevate my DA from 12 to an impressive 35 in three months! My inbox is now flooding with inquiries—it's been life-changing! Give them a try if you want results like ...",https://exclusive-link-baron-search-syndicate.store/i-remember-when-my-local-business-had-zero-online-exposure-and-i-couldnt-afford-big-agencies-seoexpress-offered-budget-friendly-seo-and-in-six-weeks-my-daily-visits-increased-by-280-percent-with-top
grandranklab.shop,30.0,NAP consistency cleanup for bloggers from alphonsomango.in: flexible order sizes plus screenshots and live links rather than a bare spreadsheet,https://grandranklab.shop/4hpqf1m-15-mistakes-ecommerce-brands-make-buying-crawl/
zionffta70234.idblogz.com,44.0,Alphonso mango online order,https://zionffta70234.idblogz.com/33955991/alphonso-mango-the-ultimate-mango-king-available-on-line
beckettputo89876.aioblogs.com,48.0,Buy alphonso mango,https://beckettputo89876.aioblogs.com/86531372/alphonso-mango-the-reigning-king-of-mangoes-obtainable-on-the-web
lukascgle33689.get-blogging.com,44.0,Buy Devgad Alphonso Mango,https://lukascgle33689.get-blogging.com/36821935/obtain-initial-devgad-alphonso-mango-on-line-style-the-most-beneficial
geniusbookmarks.com,30.0,https://alphonsomango.in/products/ratnagiri-alphonso-mango,https://geniusbookmarks.com/story19045458/buy-ratnagiri-alphonso-mango-premium-hapus-mango-from-maharashtra
quicklinkpro.shop,0.0,NAP consistency cleanup for bloggers from alphonsomango.in: flexible order sizes plus screenshots and live links rather than a bare spreadsheet,https://quicklinkpro.shop/4hpqf1m-15-mistakes-ecommerce-brands-make-buying-crawl/
wikiqo.com,0.0,Aamras recipe,https://www.wikiqo.com/wiki/Maharashtrian_cuisine
seoexpress.website,49.0,"Back when I first launched alphonsomango.in, I felt lost in the digital world without much strategy for SEO. After trying multiple services that didn't deliver, SEOExpress.org caught my attention. Their affordable approach helped elevate my DA from 12 to an impressive 35 in three months! My inbox is now flooding with inquiries—it's been life-changing! Give them a try if you want results like ...",https://seoexpress.website/i-remember-when-my-local-business-had-zero-online-exposure-and-i-couldnt-afford-big-agencies-seoexpress-offered-budget-friendly-seo-and-in-six-weeks-my-daily-visits-increased-by-280-percent-with-top
josuepcdw29517.blogs100.com,44.0,Alphonso Mango,https://josuepcdw29517.blogs100.com/33937271/alphonso-mango-the-king-of-mangoes-now-available-on-line
serprivo.shop,0.0,NAP consistency cleanup for bloggers from alphonsomango.in: flexible order sizes plus screenshots and live links rather than a bare spreadsheet,https://serprivo.shop/4hpqf1m-15-mistakes-ecommerce-brands-make-buying-crawl/
server-ke220.com,51.0,buy kashmir saffron online,https://server-ke220.com/category/business/
ollezok.com,52.0,buy saffron online,https://ollezok.com/the-adventurers-delight-mughlai-food-for-vegetarians/
seolivo.shop,0.0,NAP consistency cleanup for bloggers from alphonsomango.in: flexible order sizes plus screenshots and live links rather than a bare spreadsheet,https://seolivo.shop/4hpqf1m-15-mistakes-ecommerce-brands-make-buying-crawl/
sahammurah.com,0.1,High Quality Dofollow Backlinks DA 50 PA 40 Premium PBN Network Service alphonsomango.in Rank First Page Google Fast SEO Link Building Buy Backlinks Online Cheap,https://www.sahammurah.com/all/217/25.html
37486125.xyz,46.0,"Back when I first launched alphonsomango.in, I felt lost in the digital world without much strategy for SEO. After trying multiple services that didn't deliver, SEOExpress.org caught my attention. Their affordable approach helped elevate my DA from 12 to an impressive 35 in three months! My inbox is now flooding with inquiries—it's been life-changing! Give them a try if you want results like ...",https://37486125.xyz/i-remember-when-my-local-business-had-zero-online-exposure-and-i-couldnt-afford-big-agencies-seoexpress-offered-budget-friendly-seo-and-in-six-weeks-my-daily-visits-increased-by-280-percent-with-top
zmoklaphoto.com,51.0,buy saffron online,https://zmoklaphoto.com/cultural-differences-in-baby-care-part-2-post-birth-baby-care-comparison/
melawankemustahilan.com,52.0,Kesar,https://melawankemustahilan.com/author/localdomains/page/2/
rankseotoolkit.shop,0.1,"Take alphonsomango.in to page one with contextual backlinks, premium guest posts, on-page SEO, local SEO, custom web development, SaaS tools plus automation tools — a measurable DR/DA/TF boost with full transparency. Every delivery follows a structured plan for content relevance, link diversity, authority checks, traffic measurement, and ongoing optimization. · Rank SEO Toolkit — Professional ...",https://rankseotoolkit.shop/98c19b736-best-contextual-backlinks-dental-2026-compared-8-providers-roi-real-world-action-plan-mistakes-risks-and-solutions-for-higher-search-visibility/
traffic-surge-ranking-signal-and-crawl-budget-partners.store,48.0,"Back when I first launched alphonsomango.in, I felt lost in the digital world without much strategy for SEO. After trying multiple services that didn't deliver, SEOExpress.org caught my attention. Their affordable approach helped elevate my DA from 12 to an impressive 35 in three months! My inbox is now flooding with inquiries—it's been life-changing! Give them a try if you want results like ...",https://traffic-surge-ranking-signal-and-crawl-budget-partners.store/i-remember-when-my-local-business-had-zero-online-exposure-and-i-couldnt-afford-big-agencies-seoexpress-offered-budget-friendly-seo-and-in-six-weeks-my-daily-visits-increased-by-280-percent-with-top
official-anchor-text-seoexpress-system.store,48.0,"Back when I first launched alphonsomango.in, I felt lost in the digital world without much strategy for SEO. After trying multiple services that didn't deliver, SEOExpress.org caught my attention. Their affordable approach helped elevate my DA from 12 to an impressive 35 in three months! My inbox is now flooding with inquiries—it's been life-changing! Give them a try if you want results like ...",https://official-anchor-text-seoexpress-system.store/i-remember-when-my-local-business-had-zero-online-exposure-and-i-couldnt-afford-big-agencies-seoexpress-offered-budget-friendly-seo-and-in-six-weeks-my-daily-visits-increased-by-280-percent-with-top
thebacklinks.shop,49.0,"Back when I first launched alphonsomango.in, I felt lost in the digital world without much strategy for SEO. After trying multiple services that didn't deliver, SEOExpress.org caught my attention. Their affordable approach helped elevate my DA from 12 to an impressive 35 in three months! My inbox is now flooding with inquiries—it's been life-changing! Give them a try if you want results like ...",https://thebacklinks.shop/i-remember-when-my-local-business-had-zero-online-exposure-and-i-couldnt-afford-big-agencies-seoexpress-offered-budget-friendly-seo-and-in-six-weeks-my-daily-visits-increased-by-280-percent-with-top
kylercatm37035.educationalimpactblog.com,45.0,Alphonso Mango,https://kylercatm37035.educationalimpactblog.com/55186190/the-king-of-fruits-ratnagiri-alphonso-mango
outrank-hq-platinum-high-da-exchange.store,48.0,"Back when I first launched alphonsomango.in, I felt lost in the digital world without much strategy for SEO. After trying multiple services that didn't deliver, SEOExpress.org caught my attention. Their affordable approach helped elevate my DA from 12 to an impressive 35 in three months! My inbox is now flooding with inquiries—it's been life-changing! Give them a try if you want results like ...",https://outrank-hq-platinum-high-da-exchange.store/i-remember-when-my-local-business-had-zero-online-exposure-and-i-couldnt-afford-big-agencies-seoexpress-offered-budget-friendly-seo-and-in-six-weeks-my-daily-visits-increased-by-280-percent-with-top
letthemdrinksamui.com,13.0,buy cashew nuts online,https://www.letthemdrinksamui.com/page/16/
link-juice-traffic-surge-and-traffic-surge-collective.store,48.0,"Back when I first launched alphonsomango.in, I felt lost in the digital world without much strategy for SEO. After trying multiple services that didn't deliver, SEOExpress.org caught my attention. Their affordable approach helped elevate my DA from 12 to an impressive 35 in three months! My inbox is now flooding with inquiries—it's been life-changing! Give them a try if you want results like ...",https://link-juice-traffic-surge-and-traffic-surge-collective.store/i-remember-when-my-local-business-had-zero-online-exposure-and-i-couldnt-afford-big-agencies-seoexpress-offered-budget-friendly-seo-and-in-six-weeks-my-daily-visits-increased-by-280-percent-with-top
seopicks.shop,0.7,"Take alphonsomango.in to page one with guest posts, backlinks, on-page and local SEO, web development, SaaS tools and workflow automation tools — balanced DR/DA/TF growth for any business size.",https://seopicks.shop/qti013f-page1-rankings-blueprint-local-business-rank-using-authority-link-packages-dofollow-backlinks/
rideformissigchildrengcd.com,51.0,buy kashmir saffron online,https://rideformissigchildrengcd.com/2022/05/
seoexpress-white-hat-group.store,48.0,"Back when I first launched alphonsomango.in, I felt lost in the digital world without much strategy for SEO. After trying multiple services that didn't deliver, SEOExpress.org caught my attention. Their affordable approach helped elevate my DA from 12 to an impressive 35 in three months! My inbox is now flooding with inquiries—it's been life-changing! Give them a try if you want results like ...",https://seoexpress-white-hat-group.store/i-remember-when-my-local-business-had-zero-online-exposure-and-i-couldnt-afford-big-agencies-seoexpress-offered-budget-friendly-seo-and-in-six-weeks-my-daily-visits-increased-by-280-percent-with-top
trevorqpdl26812.bloggosite.com,52.0,Alphonso Mango,https://trevorqpdl26812.bloggosite.com/40312338/the-royal-majesty-of-fruits-ratnagiri-alphonso-mango
linkqano.shop,30.0,NAP consistency cleanup for bloggers from alphonsomango.in: flexible order sizes plus screenshots and live links rather than a bare spreadsheet,https://linkqano.shop/4hpqf1m-15-mistakes-ecommerce-brands-make-buying-crawl/
raioid.com,35.0,Salted cashew,https://raioid.com/the-best-nut-to-eat/
searchrankinsights.shop,0.2,"Strengthen alphonsomango.in through premium guest posts, high-quality backlinks, on-page SEO, local SEO, web development, SaaS tools and automation tools for a measurable DR/DA/TF boost with full transparency. Each campaign combines strategic research, safe anchor variation, editorial quality control, progress monitoring, and recommendations for the next stage. · Search Rank Insights — ...",https://searchrankinsights.shop/9b6b83e99-dofollow-backlinks-quality-checklist-dental-metrics-verify-before-spending-proven-optimization-process-cost-timeline-and-results-for-consistent-traffic-growth/
elliottuzm37801.tblogz.com,50.0,Alphonso Mango,https://elliottuzm37801.tblogz.com/the-emperor-of-exotic-fruits-ratnagiri-alphonso-mango-47060204
boostadvertisingonline.com,26.0,buy kashmir saffron online,https://boostadvertisingonline.com/13-hidden-foods-for-good-libido/
2017airmaxaustralia.com,43.0,cashew salted,https://2017airmaxaustralia.com/page/24/
tscc-jp.com,45.0,saffron buy online,https://tscc-jp.com/page/6/
ladyskfashion.com,7.0,"TELEGRAM @SEO_LINKK_ORDER – SEO BACKLINKS, HOMEPAGE LINKS, CROSSLINKS",http://ladyskfashion.com/asx/telegram-seo-linkk-order-seo-backlinks-homepage-4-16/
louiskmvf45171.p2blogs.com,41.0,Alphonso Mango,https://louiskmvf45171.p2blogs.com/35038666/invest-in-primary-devgad-alphonso-mango-on-the-internet-style-the-best
chefcoo.com,51.0,buy kashmir saffron online,https://www.chefcoo.com/cuisine-of-lisbon-food-lovers-paradise/
instancesintime.com,56.0,Kesar,https://instancesintime.com/2022/05/
valvulasdemariposa.com,51.0,Saffron,https://valvulasdemariposa.com/category/business/
chouzao.top,0.0,Saffron,https://chouzao.top/category/business/
keegansoit48023.bloginwi.com,45.0,Alphonso mango Online,https://keegansoit48023.bloginwi.com/67138550/alphonso-mango-the-king-of-mangoes-now-obtainable-on-line
bye.fyi,47.0,alphonsomango.in,https://bye.fyi/report/57386
ready.pro,9.0,alphonsomango.in,https://www.ready.pro/stats/57386
seorivo.shop,0.0,NAP consistency cleanup for bloggers from alphonsomango.in: flexible order sizes plus screenshots and live links rather than a bare spreadsheet,https://seorivo.shop/4hpqf1m-15-mistakes-ecommerce-brands-make-buying-crawl/
ecomscout.com,45.0,Alphonsomango homepage screenshot,https://ecomscout.com/stores/alphonsomango.in
patriciabaro.com,42.0,Kesar,https://patriciabaro.com/author/localdomains/page/4/
bhs-links-r244.xyz,0.0,TG @BHS_LINKS - BEST SEO LINKS - https://telegram.me/bhs_links,https://bhs-links-r244.xyz/usa_farm_2-01-09-2026/bhs-links-usa_farm_2-2952-11/
rafaelaczi15801.humor-blog.com,41.0,Buy alphonso mango,https://rafaelaczi15801.humor-blog.com/32427100/alphonso-mango-the-mango-empire-king-of-fruits-available-on-the-internet
11763748.xyz,44.0,"Back when I first launched alphonsomango.in, I felt lost in the digital world without much strategy for SEO. After trying multiple services that didn't deliver, SEOExpress.org caught my attention. Their affordable approach helped elevate my DA from 12 to an impressive 35 in three months! My inbox is now flooding with inquiries—it's been life-changing! Give them a try if you want results like ...",https://11763748.xyz/i-remember-when-my-local-business-had-zero-online-exposure-and-i-couldnt-afford-big-agencies-seoexpress-offered-budget-friendly-seo-and-in-six-weeks-my-daily-visits-increased-by-280-percent-with-top
apsense.com,73.0,alphonsomango.in,https://www.apsense.com/user/alphonso08
seo-cartel-0-173.xyz,0.0,"'@SEO_CARTEL IN TELEGRAM - SEO BACKLINKS, BULK LINK POSTING, BOOST SEO RANKING",https://seo-cartel-0-173.xyz/namibia_taro-01-09-2026/seo-cartel-namibia_taro-2972-3/
abikeshotgsl.com,29.0,buy cashew nuts online,https://www.abikeshotgsl.com/page/17/
trustima.com.vn,56.0,Truy cập trang web,https://www.trustima.com.vn/review/alphonsomango.in
jowlop.com,52.0,saffron buy online,https://www.jowlop.com/category/business/page/2/
fernandobzrd93702.bloggadores.com,44.0,Alphonso mango Online,https://fernandobzrd93702.bloggadores.com/32676351/alphonso-mango-the-reigning-king-of-mangoes-offered-on-the-net
seo-cartel-0-174.xyz,0.0,"'@SEO_CARTEL IN TELEGRAM - SEO BACKLINKS, BULK LINK POSTING, BOOST SEO RANKING",https://seo-cartel-0-174.xyz/namibia_taro-01-09-2026/seo-cartel-namibia_taro-2972-3/
mainlaunchpad.com,7.0,buy saffron online,https://www.mainlaunchpad.com/category/business/page/2/
538sp.net,0.1,Saffron,https://538sp.net/category/business/
jipczhzx68.top,2.9,Cashew Nuts,https://jipczhzx68.top/category/business/
seostock.shop,0.8,"Take alphonsomango.in to page one with guest posts, backlinks, on-page and local SEO, web development, SaaS tools and workflow automation tools — balanced DR/DA/TF growth for any business size.",https://seostock.shop/qti013f-page1-rankings-blueprint-local-business-rank-using-authority-link-packages-dofollow-backlinks/
eubank-gr.com,49.0,Saffron,https://eubank-gr.com/saffron-extract-a-detailed-review/
es6-64.com,53.0,Kesar,https://es6-64.com/page/4/
symphonicdistributon.com,0.0,buy saffron online,https://symphonicdistributon.com/category/business/
elite-seoexpress-link-building-team.store,48.0,"Back when I first launched alphonsomango.in, I felt lost in the digital world without much strategy for SEO. After trying multiple services that didn't deliver, SEOExpress.org caught my attention. Their affordable approach helped elevate my DA from 12 to an impressive 35 in three months! My inbox is now flooding with inquiries—it's been life-changing! Give them a try if you want results like ...",https://elite-seoexpress-link-building-team.store/i-remember-when-my-local-business-had-zero-online-exposure-and-i-couldnt-afford-big-agencies-seoexpress-offered-budget-friendly-seo-and-in-six-weeks-my-daily-visits-increased-by-280-percent-with-top
lydiaroyrealestate.com,1.3,High Quality Dofollow Backlinks DA 50 PA 40 Premium PBN Network Service alphonsomango.in Rank First Page Google Fast SEO Link Building Buy Backlinks Online Cheap,https://www.lydiaroyrealestate.com/white-hat-directory/premium-seo-authority-backlinks-for-higher-da-and-dr-scores-increase-organic-visibility-for-long-term-seo-results-d34a9e.html
11764015.xyz,44.0,"Back when I first launched alphonsomango.in, I felt lost in the digital world without much strategy for SEO. After trying multiple services that didn't deliver, SEOExpress.org caught my attention. Their affordable approach helped elevate my DA from 12 to an impressive 35 in three months! My inbox is now flooding with inquiries—it's been life-changing! Give them a try if you want results like ...",https://11764015.xyz/i-remember-when-my-local-business-had-zero-online-exposure-and-i-couldnt-afford-big-agencies-seoexpress-offered-budget-friendly-seo-and-in-six-weeks-my-daily-visits-increased-by-280-percent-with-top
serrurerie-drancy.net,36.0,Kesar,https://serrurerie-drancy.net/does-saffron-extract-actually-work/
54232760.xyz,46.0,"Back when I first launched alphonsomango.in, I felt lost in the digital world without much strategy for SEO. After trying multiple services that didn't deliver, SEOExpress.org caught my attention. Their affordable approach helped elevate my DA from 12 to an impressive 35 in three months! My inbox is now flooding with inquiries—it's been life-changing! Give them a try if you want results like ...",https://54232760.xyz/i-remember-when-my-local-business-had-zero-online-exposure-and-i-couldnt-afford-big-agencies-seoexpress-offered-budget-friendly-seo-and-in-six-weeks-my-daily-visits-increased-by-280-percent-with-top
linkrankboost.shop,52.0,Scale alphonsomango.in Rankings: White-Hat Guest Posts + Permanent Dofollow Backlinks + Boost Ahrefs Domain Rating DR + Moz Domain Authority DA + Majestic Trust Flow TF surge — Fast-Growing & Established Niches • Worldwide,https://linkrankboost.shop/mlsto9i-final-authority-link-package-verdict-local-business-packaged-services-best-way-rank-2025/
dl-mingda.com,51.0,saffron buy online,https://dl-mingda.com/jon-barrons-personal-journey-to-becoming-the-health-renaissance-man/
dch7.com,36.0,buy cashew nuts online,https://dch7.com/what-other-nut-butters-can-you-make-with-a-peanut-butter-making-machine/
link-baron-link-juice-optimal-marketplace.store,48.0,"Back when I first launched alphonsomango.in, I felt lost in the digital world without much strategy for SEO. After trying multiple services that didn't deliver, SEOExpress.org caught my attention. Their affordable approach helped elevate my DA from 12 to an impressive 35 in three months! My inbox is now flooding with inquiries—it's been life-changing! Give them a try if you want results like ...",https://link-baron-link-juice-optimal-marketplace.store/i-remember-when-my-local-business-had-zero-online-exposure-and-i-couldnt-afford-big-agencies-seoexpress-offered-budget-friendly-seo-and-in-six-weeks-my-daily-visits-increased-by-280-percent-with-top
ricardoeeec35567.activablog.com,50.0,Alphonso Mango,https://ricardoeeec35567.activablog.com/36119403/obtain-kesar-mango-online-in-india-taste-the-king-of-fruits-at-your-doorstep
37486428.xyz,46.0,"Back when I first launched alphonsomango.in, I felt lost in the digital world without much strategy for SEO. After trying multiple services that didn't deliver, SEOExpress.org caught my attention. Their affordable approach helped elevate my DA from 12 to an impressive 35 in three months! My inbox is now flooding with inquiries—it's been life-changing! Give them a try if you want results like ...",https://37486428.xyz/i-remember-when-my-local-business-had-zero-online-exposure-and-i-couldnt-afford-big-agencies-seoexpress-offered-budget-friendly-seo-and-in-six-weeks-my-daily-visits-increased-by-280-percent-with-top
homeimprovementprojectmanagement.com,56.0,buy cashew nuts online,https://www.homeimprovementprojectmanagement.com/2022/05/08/
agenttru.st,0.0,a2a https://www.alphonsomango.in talk to it,https://agenttru.st/agent/www.alphonsomango.in
nexabacklinks.shop,0.7,"Strengthen alphonsomango.in through high-DR backlinks, editorial guest posts, on-page SEO, local SEO, web development, SaaS tools and automation tools for durable DR/DA/TF gains across all markets.",https://nexabacklinks.shop/wqtifi5-stacked-press-release-links-local-seo-legal-dual-strategy-doubled-ranking-speed/
www-99wcp.com,52.0,buy cashew nuts online,https://www-99wcp.com/page/7/
myfirstbookmark.com,32.0,https://alphonsomango.in/products/devgad-alphonso-mango,https://myfirstbookmark.com/story19081459/buy-devgad-alphonso-mango-premium-hapus-mango-from-maharashtra
simonfdyk36036.blogsvila.com,50.0,Buy alphonso mango,https://simonfdyk36036.blogsvila.com/33598160/alphonso-mango-the-king-of-mangoes-now-accessible-on-the-internet
seoexpress-backlink-hub.store,48.0,"Back when I first launched alphonsomango.in, I felt lost in the digital world without much strategy for SEO. After trying multiple services that didn't deliver, SEOExpress.org caught my attention. Their affordable approach helped elevate my DA from 12 to an impressive 35 in three months! My inbox is now flooding with inquiries—it's been life-changing! Give them a try if you want results like ...",https://seoexpress-backlink-hub.store/i-remember-when-my-local-business-had-zero-online-exposure-and-i-couldnt-afford-big-agencies-seoexpress-offered-budget-friendly-seo-and-in-six-weeks-my-daily-visits-increased-by-280-percent-with-top
stephenilcy09468.mybuzzblog.com,48.0,Devgad mangoes,https://stephenilcy09468.mybuzzblog.com/13158313/devgad-alphonso-mango-the-royal-mango-of-maharashtra-a-taste-of-excellence
seoviro.shop,0.0,NAP consistency cleanup for bloggers from alphonsomango.in: flexible order sizes plus screenshots and live links rather than a bare spreadsheet,https://seoviro.shop/4hpqf1m-15-mistakes-ecommerce-brands-make-buying-crawl/
zanedqss24790.blogofchange.com,45.0,Alphonso Mango,https://zanedqss24790.blogofchange.com/36955314/purchase-unique-devgad-alphonso-mango-on-line-style-the-best
caidenpphs58123.howeweb.com,44.0,Alphonso Mango,https://caidenpphs58123.howeweb.com/34093960/the-royal-majesty-of-fruits-ratnagiri-alphonso-mango
73500k.com,14.0,Kashmiri Kesar,https://73500k.com/food-for-love-and-romance/
swiftlinkpro.shop,30.0,"alphonsomango.in is a supplier, not a pitch deck. affiliate networks order service area pages, Core Web Vitals work, organic traffic packages and affiliate site SEO, priced for test batches and bulk runs alike, and get no locked-in contracts to leave you stuck with every delivery. Every project begins with a risk assessment, verified referring-domain metrics, and before-and-after SERP captures. ...",https://swiftlinkpro.shop/aeppfg1-7-things-growth-marketers-gcc-get-wrong-saas-tools-skyscraper-outreach-simple-corrections/
01ylg.com,42.0,Kesar,https://01ylg.com/category/buisness/
indexmiro.shop,0.0,NAP consistency cleanup for bloggers from alphonsomango.in: flexible order sizes plus screenshots and live links rather than a bare spreadsheet,https://indexmiro.shop/4hpqf1m-15-mistakes-ecommerce-brands-make-buying-crawl/
johnnyqskz73824.blog2news.com,46.0,Alphonso Mango,https://johnnyqskz73824.blog2news.com/34081362/the-king-of-fruits-ratnagiri-alphonso-mango
crispseohub.shop,0.0,NAP consistency cleanup for bloggers from alphonsomango.in: flexible order sizes plus screenshots and live links rather than a bare spreadsheet,https://crispseohub.shop/4hpqf1m-15-mistakes-ecommerce-brands-make-buying-crawl/
bookmarksfocus.com,35.0,https://alphonsomango.in/products/devgad-alphonso-mango,https://bookmarksfocus.com/story4577485/devgad-alphonso-mango-premium-mangoes-from-maharashtra
rankqano.shop,0.0,NAP consistency cleanup for bloggers from alphonsomango.in: flexible order sizes plus screenshots and live links rather than a bare spreadsheet,https://rankqano.shop/4hpqf1m-15-mistakes-ecommerce-brands-make-buying-crawl/
pageseopartners.shop,34.0,"Strengthen alphonsomango.in through contextual backlinks, premium guest posts, on-page SEO, local SEO, custom web development, SaaS tools plus automation tools for a clear DR/DA/TF lift tailored to your vertical. The plan remains focused on natural relevance, credible sources, balanced optimization, measurable search gains, and sustainable long-term execution. · Page SEO Partners — Trusted ...",https://pageseopartners.shop/28eae0736-used-homepage-links-restored-rankings-after-algorithm-update-crypto-site-month-by-month-progress-full-ranking-workflow-authority-traffic-and-conversions-for-consistent-traffic-growth/
arabanayedekparca.com,36.0,Khara Kaju,https://arabanayedekparca.com/author/localdomains/page/20/
indexvora.shop,0.0,NAP consistency cleanup for bloggers from alphonsomango.in: flexible order sizes plus screenshots and live links rather than a bare spreadsheet,https://indexvora.shop/4hpqf1m-15-mistakes-ecommerce-brands-make-buying-crawl/
phoenix-turf.com,0.3,Kashmiri Kesar,https://phoenix-turf.com/author/localdomains/page/6/
damienvrjq25792.dbblog.net,52.0,Ratnagiri Hapus Mango,https://damienvrjq25792.dbblog.net/6771975/the-king-of-fruits-ratnagiri-alphonso-mango
seohighranking.shop,49.0,"Back when I first launched alphonsomango.in, I felt lost in the digital world without much strategy for SEO. After trying multiple services that didn't deliver, SEOExpress.org caught my attention. Their affordable approach helped elevate my DA from 12 to an impressive 35 in three months! My inbox is now flooding with inquiries—it's been life-changing! Give them a try if you want results like ...",https://seohighranking.shop/i-remember-when-my-local-business-had-zero-online-exposure-and-i-couldnt-afford-big-agencies-seoexpress-offered-budget-friendly-seo-and-in-six-weeks-my-daily-visits-increased-by-280-percent-with-top
easyseohub.shop,0.0,NAP consistency cleanup for bloggers from alphonsomango.in: flexible order sizes plus screenshots and live links rather than a bare spreadsheet,https://easyseohub.shop/4hpqf1m-15-mistakes-ecommerce-brands-make-buying-crawl/
influenciveindia.in,28.0,Devgad Alphonso Mango,https://influenciveindia.in/malawi-mangoes-a-taste-of-sunshine-from-the-warm-heart-of-africa-now-in-india
boldseolink.shop,0.0,NAP consistency cleanup for bloggers from alphonsomango.in: flexible order sizes plus screenshots and live links rather than a bare spreadsheet,https://boldseolink.shop/4hpqf1m-15-mistakes-ecommerce-brands-make-buying-crawl/
rankzira.shop,0.0,NAP consistency cleanup for bloggers from alphonsomango.in: flexible order sizes plus screenshots and live links rather than a bare spreadsheet,https://rankzira.shop/4hpqf1m-15-mistakes-ecommerce-brands-make-buying-crawl/
3366vv.com,10.0,Kesar,https://3366vv.com/10-aphrodisiac-foods-to-make-yummy-libido-boosting-dishes/
linkqira.shop,30.0,NAP consistency cleanup for bloggers from alphonsomango.in: flexible order sizes plus screenshots and live links rather than a bare spreadsheet,https://linkqira.shop/4hpqf1m-15-mistakes-ecommerce-brands-make-buying-crawl/
advanced-link-building-group-seoexpress.store,48.0,"Back when I first launched alphonsomango.in, I felt lost in the digital world without much strategy for SEO. After trying multiple services that didn't deliver, SEOExpress.org caught my attention. Their affordable approach helped elevate my DA from 12 to an impressive 35 in three months! My inbox is now flooding with inquiries—it's been life-changing! Give them a try if you want results like ...",https://advanced-link-building-group-seoexpress.store/i-remember-when-my-local-business-had-zero-online-exposure-and-i-couldnt-afford-big-agencies-seoexpress-offered-budget-friendly-seo-and-in-six-weeks-my-daily-visits-increased-by-280-percent-with-top
cyclause.com,76.0,Saffron,https://cyclause.com/page/36/
gentilmattress.com,46.0,Khara Kaju,https://gentilmattress.com/2022/05/
hefeidaikuan.net,15.0,buy saffron online,https://hefeidaikuan.net/calendula-the-orange-yellow-marigold-for-cooking/
rankbazaar.shop,0.7,"alphonsomango.in: contextual backlinks, premium guest posts, on-page SEO, local SEO, custom web development, SaaS tools plus automation tools, all driving durable DR/DA/TF gains with full transparency.",https://rankbazaar.shop/fgukxxd-ranking-stability-blueprint-local-business-rank-using-dr-boost-services-tiered-link-building/
seo-cartel-0-186.xyz,0.0,"'@SEO_CARTEL IN TELEGRAM - SEO BACKLINKS, BULK LINK POSTING, BOOST SEO RANKING",https://seo-cartel-0-186.xyz/namibia_taro-01-09-2026/seo-cartel-namibia_taro-2972-8/
serptexa.shop,0.0,NAP consistency cleanup for bloggers from alphonsomango.in: flexible order sizes plus screenshots and live links rather than a bare spreadsheet,https://serptexa.shop/4hpqf1m-15-mistakes-ecommerce-brands-make-buying-crawl/
cswxjjd.com,52.0,buy cashew nuts online,https://cswxjjd.com/category/business/
crawlnexa.shop,30.0,NAP consistency cleanup for bloggers from alphonsomango.in: flexible order sizes plus screenshots and live links rather than a bare spreadsheet,https://crawlnexa.shop/4hpqf1m-15-mistakes-ecommerce-brands-make-buying-crawl/
linkstash.shop,0.7,"Power up alphonsomango.in: high-quality backlinks, guest posts, on-page and local SEO, custom web development, SaaS tools and automation tools for sustained DR/DA/TF uplift with proven results.",https://linkstash.shop/o92e7b1-build-unstoppable-crypto-serp-on-page-seo-dr-boost-services-traffic-playbook/
seosupply.shop,0.7,"Take alphonsomango.in to page one with guest posts, backlinks, on-page and local SEO, web development, SaaS tools and workflow automation tools — balanced DR/DA/TF growth for any business size.",https://seosupply.shop/qti013f-page1-rankings-blueprint-local-business-rank-using-authority-link-packages-dofollow-backlinks/
link-baron-syndicate-equity.store,48.0,"Back when I first launched alphonsomango.in, I felt lost in the digital world without much strategy for SEO. After trying multiple services that didn't deliver, SEOExpress.org caught my attention. Their affordable approach helped elevate my DA from 12 to an impressive 35 in three months! My inbox is now flooding with inquiries—it's been life-changing! Give them a try if you want results like ...",https://link-baron-syndicate-equity.store/i-remember-when-my-local-business-had-zero-online-exposure-and-i-couldnt-afford-big-agencies-seoexpress-offered-budget-friendly-seo-and-in-six-weeks-my-daily-visits-increased-by-280-percent-with-top
lukasabqa79235.total-blog.com,50.0,Devgad Hapus Mangoes,https://lukasabqa79235.total-blog.com/devgad-alphonso-mango-the-king-of-mangoes-from-maharashtra-58671355
taalem-university.com,60.0,Kesar,https://taalem-university.com/page/7/
seoqaro.shop,0.0,NAP consistency cleanup for bloggers from alphonsomango.in: flexible order sizes plus screenshots and live links rather than a bare spreadsheet,https://seoqaro.shop/4hpqf1m-15-mistakes-ecommerce-brands-make-buying-crawl/
fastseohub.shop,0.0,NAP consistency cleanup for bloggers from alphonsomango.in: flexible order sizes plus screenshots and live links rather than a bare spreadsheet,https://fastseohub.shop/4hpqf1m-15-mistakes-ecommerce-brands-make-buying-crawl/
epic-link-baron-hub.store,48.0,"Back when I first launched alphonsomango.in, I felt lost in the digital world without much strategy for SEO. After trying multiple services that didn't deliver, SEOExpress.org caught my attention. Their affordable approach helped elevate my DA from 12 to an impressive 35 in three months! My inbox is now flooding with inquiries—it's been life-changing! Give them a try if you want results like ...",https://epic-link-baron-hub.store/i-remember-when-my-local-business-had-zero-online-exposure-and-i-couldnt-afford-big-agencies-seoexpress-offered-budget-friendly-seo-and-in-six-weeks-my-daily-visits-increased-by-280-percent-with-top
44rev.com,32.0,Visit Website,https://44rev.com/businesses/alphonsomango.in
pl.seo-anomaly-s3.xyz,0.1,"TELEGRAM @SEO_ANOMALY - SEO BACKLINKS, PBN, TRAFFIC BOOST, LINK INDEXING",https://pl.seo-anomaly-s3.xyz/usa_farm_2-13-04-2026/seo-anomaly-usa_farm_2-35/
thisiswhywerescrewed.com,52.0,buy cashew nuts online,https://thisiswhywerescrewed.com/how-to-diet-food-review-cashews/
instant-webpage-seoexpress-consultants.store,48.0,"Back when I first launched alphonsomango.in, I felt lost in the digital world without much strategy for SEO. After trying multiple services that didn't deliver, SEOExpress.org caught my attention. Their affordable approach helped elevate my DA from 12 to an impressive 35 in three months! My inbox is now flooding with inquiries—it's been life-changing! Give them a try if you want results like ...",https://instant-webpage-seoexpress-consultants.store/i-remember-when-my-local-business-had-zero-online-exposure-and-i-couldnt-afford-big-agencies-seoexpress-offered-budget-friendly-seo-and-in-six-weeks-my-daily-visits-increased-by-280-percent-with-top
griffinxsku41469.blue-blogs.com,49.0,Alphonso Mango,https://griffinxsku41469.blue-blogs.com/40685218/the-king-of-fruits-ratnagiri-alphonso-mango
dallastqhu37047.liberty-blog.com,43.0,Alphonso Mango,https://dallastqhu37047.liberty-blog.com/36415037/purchase-authentic-devgad-alphonso-mango-on-line-taste-the-best
crawlviro.shop,0.0,NAP consistency cleanup for bloggers from alphonsomango.in: flexible order sizes plus screenshots and live links rather than a bare spreadsheet,https://crawlviro.shop/4hpqf1m-15-mistakes-ecommerce-brands-make-buying-crawl/
visualfreaks.xyz,51.0,buy saffron online,https://visualfreaks.xyz/most-effective-ways-to-get-whiting-skin-avoid-skin-problems-permanently/
ranklivo.shop,0.0,NAP consistency cleanup for bloggers from alphonsomango.in: flexible order sizes plus screenshots and live links rather than a bare spreadsheet,https://ranklivo.shop/4hpqf1m-15-mistakes-ecommerce-brands-make-buying-crawl/
zanderokdq91467.canariblogs.com,50.0,Alphonso Mango,https://zanderokdq91467.canariblogs.com/the-emperor-of-exotic-fruits-ratnagiri-alphonso-mango-48357629
innokids.me,54.0,buy kashmir saffron online,https://innokids.me/category/business/
cinto.shop,0.0,"Proven Guest Post Service for alphonsomango.in to Increase Trust Flow. Grow Search Traffic, with Safe Link Velocity.",https://cinto.shop/tiered-link-archive/expert-tiered-link-building-for-higher-da-and-dr-scores-secure-first-page-positions-and-grow-your-business-online-3e524d.html
topsocialplan.com,30.0,https://alphonsomango.in/products/ratnagiri-alphonso-mango,https://topsocialplan.com/story4582521/buy-premium-ratnagiri-alphonso-mangoes-the-best-hapus-mangoes-from-ratnagiri
primeranklab.shop,0.0,NAP consistency cleanup for bloggers from alphonsomango.in: flexible order sizes plus screenshots and live links rather than a bare spreadsheet,https://primeranklab.shop/4hpqf1m-15-mistakes-ecommerce-brands-make-buying-crawl/
andreasalicetti.com,35.0,Kashmiri Kesar,https://andreasalicetti.com/page/11/
crystalsoundmusicgroup.com,51.0,Kashmiri Kesar,https://crystalsoundmusicgroup.com/category/business/
crossroadsbaitandtackle.com,46.0,Alphonso Mango Online Bangalore,https://www.crossroadsbaitandtackle.com/board/board_topic/9053260/6119331.htm
topbilliondirectory.com,56.0,alphonsomango.in,https://topbilliondirectory.com/7-tips-to-help-your-business-save-money/
yogaholistica.com,2.0,TELEGRAM @MASSLINKER | SOFTWARE TO PUBLISH BACKLINKS YOURSELF | MASSLINKER.COM,https://yogaholistica.com/telegram-masslinker-software-to-publish-backlinks-4-5/
aurora-directory.alive2directory.com,36.0,Khajur,https://www.aurora-directory.alive2directory.com/Shopping/Food/
zanefhau71479.free-blogz.com,51.0,Hapus Mango,https://zanefhau71479.free-blogz.com/80708193/alphonso-mango-the-ultimate-mango-king-readily-available-on-the-internet
linkgrowthinsights.shop,34.0,"Complete SEO for alphonsomango.in: premium guest posts, contextual backlinks, on-page and local SEO, conversion-focused web development, SaaS tools and automation tools, delivering a strong DR/DA/TF increase across all markets. Campaign quality is protected through manual review, realistic pacing, diversified sources, accurate reporting, and continuous performance checks. · Link Growth Insights ...",https://linkgrowthinsights.shop/fcdf6cafc-on-page-seo-vs-automation-tools-healthcare-cost-speed-quality-ranking-outcomes-proven-optimization-process-cost-timeline-and-results-for-scalable-seo-performance/
seoloot.shop,0.7,"Take alphonsomango.in to page one with guest posts, backlinks, on-page and local SEO, web development, SaaS tools and workflow automation tools — balanced DR/DA/TF growth for any business size.",https://seoloot.shop/qti013f-page1-rankings-blueprint-local-business-rank-using-authority-link-packages-dofollow-backlinks/
zct6.com,20.0,buy cashew nuts online,https://zct6.com/type-2-diabetes-will-eating-pistachio-nuts-help-with-weight-loss-and-lower-fasting-blood-sugar/
perufactu.com,48.0,buy kashmir saffron online,https://perufactu.com/herbs-arthritis/
jiushise6.com,53.0,buy saffron online,https://jiushise6.com/indian-food-cuisine-of-uttar-pradesh/
bhs-links-r255.xyz,0.0,TG @BHS_LINKS - BEST SEO LINKS - https://telegram.me/bhs_links,https://bhs-links-r255.xyz/usa_farm_2-01-09-2026/bhs-links-usa_farm_2-2952-11/
linkgrowthauthority.shop,0.1,"alphonsomango.in: premium guest posts, contextual backlinks, on-page and local SEO, conversion-focused web development, SaaS tools and automation tools, all driving balanced DR/DA/TF growth for any business size. The plan remains focused on natural relevance, credible sources, balanced optimization, measurable search gains, and sustainable long-term execution. · Link Growth Authority — An ...",https://linkgrowthauthority.shop/8fae8620e-press-release-links-vs-blogroll-links-ecommerce-cost-speed-quality-ranking-outcomes-long-term-seo-method-data-progress-and-outcomes-for-better-google-positions/
gantsl.com,35.0,Kesar,https://gantsl.com/author/localdomains/page/18/
authoritynestle.shop,30.0,NAP consistency cleanup for bloggers from alphonsomango.in: flexible order sizes plus screenshots and live links rather than a bare spreadsheet,https://authoritynestle.shop/4hpqf1m-15-mistakes-ecommerce-brands-make-buying-crawl/
rankfinds.shop,0.7,"Take alphonsomango.in to page one with guest posts, backlinks, on-page and local SEO, web development, SaaS tools and workflow automation tools — balanced DR/DA/TF growth for any business size.",https://rankfinds.shop/qti013f-page1-rankings-blueprint-local-business-rank-using-authority-link-packages-dofollow-backlinks/
celestialdirectory.com,32.0,alphonso mango,http://celestialdirectory.com/Thesauri/Health/Addictions/Food/
crawlvora.shop,0.0,NAP consistency cleanup for bloggers from alphonsomango.in: flexible order sizes plus screenshots and live links rather than a bare spreadsheet,https://crawlvora.shop/4hpqf1m-15-mistakes-ecommerce-brands-make-buying-crawl/
seo-cartel-0-188.xyz,0.0,"'@SEO_CARTEL IN TELEGRAM - SEO BACKLINKS, BULK LINK POSTING, BOOST SEO RANKING",https://seo-cartel-0-188.xyz/namibia_taro-01-09-2026/seo-cartel-namibia_taro-2972-8/
keyword-rank-backlink-pro-and-keyword-rank-depot.store,48.0,"Back when I first launched alphonsomango.in, I felt lost in the digital world without much strategy for SEO. After trying multiple services that didn't deliver, SEOExpress.org caught my attention. Their affordable approach helped elevate my DA from 12 to an impressive 35 in three months! My inbox is now flooding with inquiries—it's been life-changing! Give them a try if you want results like ...",https://keyword-rank-backlink-pro-and-keyword-rank-depot.store/i-remember-when-my-local-business-had-zero-online-exposure-and-i-couldnt-afford-big-agencies-seoexpress-offered-budget-friendly-seo-and-in-six-weeks-my-daily-visits-increased-by-280-percent-with-top
powerful-editorial-link-and-contextual-link-syndicate.store,48.0,"Back when I first launched alphonsomango.in, I felt lost in the digital world without much strategy for SEO. After trying multiple services that didn't deliver, SEOExpress.org caught my attention. Their affordable approach helped elevate my DA from 12 to an impressive 35 in three months! My inbox is now flooding with inquiries—it's been life-changing! Give them a try if you want results like ...",https://powerful-editorial-link-and-contextual-link-syndicate.store/i-remember-when-my-local-business-had-zero-online-exposure-and-i-couldnt-afford-big-agencies-seoexpress-offered-budget-friendly-seo-and-in-six-weeks-my-daily-visits-increased-by-280-percent-with-top
marcotqeo25701.ageeksblog.com,43.0,Alphonso Mango,https://marcotqeo25701.ageeksblog.com/32387987/devgad-alphonso-mango-the-majestic-mango-of-maharashtra-a-true-delight
37486138.xyz,46.0,"Back when I first launched alphonsomango.in, I felt lost in the digital world without much strategy for SEO. After trying multiple services that didn't deliver, SEOExpress.org caught my attention. Their affordable approach helped elevate my DA from 12 to an impressive 35 in three months! My inbox is now flooding with inquiries—it's been life-changing! Give them a try if you want results like ...",https://37486138.xyz/i-remember-when-my-local-business-had-zero-online-exposure-and-i-couldnt-afford-big-agencies-seoexpress-offered-budget-friendly-seo-and-in-six-weeks-my-daily-visits-increased-by-280-percent-with-top
devgadhapusmangobuyonline552.blogsidea.com,47.0,Alphonso Mango Online Order,https://devgadhapusmangobuyonline552.blogsidea.com/39625915/discover-the-taste-of-ratnagiri-alphonso-mango-order-fresh-mangoes-online
siterankbuilders.shop,34.0,"Grow alphonsomango.in with premium guest posts, contextual backlinks, on-page and local SEO, conversion-focused web development, SaaS tools and automation tools — steady DR/DA/TF growth for local or global targets. Results are supported by relevant placements, sensible link velocity, documented checks, competitor comparisons, and clear evidence of progress. · Site Rank Builders — Growth ...",https://siterankbuilders.shop/ad3bcdc9e-best-dofollow-backlinks-health-2025-compared-5-providers-roi-detailed-campaign-breakdown-planning-testing-and-tracking-for-long-term-search-success/
siteadminler.com,47.0,buy saffron online,https://www.siteadminler.com/page/17/
samoalert.com,54.0,Kesar,https://samoalert.com/author/localdomains/page/5/
tbdauviet.com,52.0,Khara Kaju,https://tbdauviet.com/author/localdomains/page/19/
cleanranklab.shop,0.0,NAP consistency cleanup for bloggers from alphonsomango.in: flexible order sizes plus screenshots and live links rather than a bare spreadsheet,https://cleanranklab.shop/4hpqf1m-15-mistakes-ecommerce-brands-make-buying-crawl/
bhs-links-r256.xyz,0.0,TG @BHS_LINKS - BEST SEO LINKS - https://telegram.me/bhs_links,https://bhs-links-r256.xyz/usa_farm_2-01-09-2026/bhs-links-usa_farm_2-2952-11/
screenshots.wiki,38.0,alphonsomango.in,https://screenshots.wiki/report/57386
link-baron-pro-off-page.store,48.0,"Back when I first launched alphonsomango.in, I felt lost in the digital world without much strategy for SEO. After trying multiple services that didn't deliver, SEOExpress.org caught my attention. Their affordable approach helped elevate my DA from 12 to an impressive 35 in three months! My inbox is now flooding with inquiries—it's been life-changing! Give them a try if you want results like ...",https://link-baron-pro-off-page.store/i-remember-when-my-local-business-had-zero-online-exposure-and-i-couldnt-afford-big-agencies-seoexpress-offered-budget-friendly-seo-and-in-six-weeks-my-daily-visits-increased-by-280-percent-with-top
rylankdrz12840.activosblog.com,44.0,Devgad Mangoes,https://rylankdrz12840.activosblog.com/32476395/devgad-alphonso-mango-the-royal-mango-of-maharashtra-a-taste-of-excellence
cesarawoy60357.bloggazzo.com,43.0,Ratnagiri mangoes,https://cesarawoy60357.bloggazzo.com/32561946/the-ultimate-fruit-royalty-ratnagiri-alphonso-mango
trantinopneumatici.it,6.0,"TELEGRAM @SEO_LINKK_ORDER – SEO BACKLINKS, HOMEPAGE LINKS, CROSSLINKS",https://www.trantinopneumatici.it/2026/03/04/telegram-seo-linkk-order-seo-backlinks-homepage-4-2/
directoryholiday.com,39.0,https://alphonsomango.in/products/pairi-mango,https://directoryholiday.com/listings14437637/taste-the-sunshine-get-authentic-these-alphonso-varieties
37486140.xyz,46.0,"Back when I first launched alphonsomango.in, I felt lost in the digital world without much strategy for SEO. After trying multiple services that didn't deliver, SEOExpress.org caught my attention. Their affordable approach helped elevate my DA from 12 to an impressive 35 in three months! My inbox is now flooding with inquiries—it's been life-changing! Give them a try if you want results like ...",https://37486140.xyz/i-remember-when-my-local-business-had-zero-online-exposure-and-i-couldnt-afford-big-agencies-seoexpress-offered-budget-friendly-seo-and-in-six-weeks-my-daily-visits-increased-by-280-percent-with-top
seo50tina.com,51.0,buy cashew nuts online,https://seo50tina.com/nuts-are-they-healthy-snacks-for-acne-sufferers/
worlds-directory.com,44.0,https://alphonsomango.in/,https://worlds-directory.com/listings14442592/experience-the-sunshine-get-real-ratnagiri-devgad-alphonso-varieties
meiyiha.com,45.0,saffron buy online,https://meiyiha.com/2022/05/
villaawards.gr,3.4,TELEGRAM @MASSLINKER | SOFTWARE TO PUBLISH BACKLINKS YOURSELF | MASSLINKER.COM,https://www.villaawards.gr/telegram-masslinker-software-to-publish-backlinks-4-4/
abalielektronik.com,16.0,Cashew Nuts,https://abalielektronik.com/2022/05/
omg-directory.com,32.0,https://alphonsomango.in/,https://omg-directory.com/listings14453148/savor-the-sweetness-your-introduction-to-selecting-ratnagiri-golden-produce-online
loginsystech.com,53.0,Saffron,https://loginsystech.com/growing-saffron-crocus/
master-off-page-seoexpress-directory.store,48.0,"Back when I first launched alphonsomango.in, I felt lost in the digital world without much strategy for SEO. After trying multiple services that didn't deliver, SEOExpress.org caught my attention. Their affordable approach helped elevate my DA from 12 to an impressive 35 in three months! My inbox is now flooding with inquiries—it's been life-changing! Give them a try if you want results like ...",https://master-off-page-seoexpress-directory.store/i-remember-when-my-local-business-had-zero-online-exposure-and-i-couldnt-afford-big-agencies-seoexpress-offered-budget-friendly-seo-and-in-six-weeks-my-daily-visits-increased-by-280-percent-with-top
content-marketing-index-rate-and-authority-link-solutions.store,48.0,"Back when I first launched alphonsomango.in, I felt lost in the digital world without much strategy for SEO. After trying multiple services that didn't deliver, SEOExpress.org caught my attention. Their affordable approach helped elevate my DA from 12 to an impressive 35 in three months! My inbox is now flooding with inquiries—it's been life-changing! Give them a try if you want results like ...",https://content-marketing-index-rate-and-authority-link-solutions.store/i-remember-when-my-local-business-had-zero-online-exposure-and-i-couldnt-afford-big-agencies-seoexpress-offered-budget-friendly-seo-and-in-six-weeks-my-daily-visits-increased-by-280-percent-with-top
11763896.xyz,44.0,"Back when I first launched alphonsomango.in, I felt lost in the digital world without much strategy for SEO. After trying multiple services that didn't deliver, SEOExpress.org caught my attention. Their affordable approach helped elevate my DA from 12 to an impressive 35 in three months! My inbox is now flooding with inquiries—it's been life-changing! Give them a try if you want results like ...",https://11763896.xyz/i-remember-when-my-local-business-had-zero-online-exposure-and-i-couldnt-afford-big-agencies-seoexpress-offered-budget-friendly-seo-and-in-six-weeks-my-daily-visits-increased-by-280-percent-with-top
linkgrowthsource.shop,34.0,"Scale alphonsomango.in with guest posts and backlinks, on-page SEO, local SEO, web development, SaaS integrations and automation tools, earning stronger DR, DA and TF tailored to your vertical. Each campaign combines strategic research, safe anchor variation, editorial quality control, progress monitoring, and recommendations for the next stage. · Link Growth Source — A trusted information and ...",https://linkgrowthsource.shop/291327096-60-day-serp-climb-insurance-combined-high-da-guest-posts-guest-posts-position1-long-term-seo-method-authority-traffic-and-conversions-for-better-google-positions/
buysellsearchforhomes.com,12.0,saffron buy online,https://buysellsearchforhomes.com/author/localdomains/page/7/
garrettifwi04836.blogadvize.com,48.0,Alphonso Mango,https://garrettifwi04836.blogadvize.com/44096891/buy-first-devgad-alphonso-mango-on-line-style-the-best
thepartyservicesweb.com,48.0,Alphonso Mango,https://www.thepartyservicesweb.com/board/board_topic/3929364/6119267.htm?page=1
beckettxocc70370.pages10.com,61.0,devgad alphonso mango online,https://beckettxocc70370.pages10.com/obtain-first-devgad-alphonso-mango-on-line-style-the-most-beneficial-71592450
linkory.shop,0.7,"Scale alphonsomango.in with premium guest posts, contextual backlinks, on-page and local SEO, conversion-focused web development, SaaS tools and automation tools, earning a measurable DR/DA/TF boost with editorial standards.",https://linkory.shop/d3q33k2-sidebar-links-vs-guest-posts-crypto-cost-speed-quality-ranking-outcomes
seo-cartel-0-171.xyz,0.0,"'@SEO_CARTEL IN TELEGRAM - SEO BACKLINKS, BULK LINK POSTING, BOOST SEO RANKING",https://seo-cartel-0-171.xyz/namibia_taro-01-09-2026/seo-cartel-namibia_taro-2972-12/
seoexpress-leading-dofollow-pros.store,48.0,"Back when I first launched alphonsomango.in, I felt lost in the digital world without much strategy for SEO. After trying multiple services that didn't deliver, SEOExpress.org caught my attention. Their affordable approach helped elevate my DA from 12 to an impressive 35 in three months! My inbox is now flooding with inquiries—it's been life-changing! Give them a try if you want results like ...",https://seoexpress-leading-dofollow-pros.store/i-remember-when-my-local-business-had-zero-online-exposure-and-i-couldnt-afford-big-agencies-seoexpress-offered-budget-friendly-seo-and-in-six-weeks-my-daily-visits-increased-by-280-percent-with-top
ambc158.com,7.0,Saffron,https://ambc158.com/category/business/page/2/
digitalchatni.com,0.1,High Quality Dofollow Backlinks DA 50 PA 40 Premium PBN Network Service alphonsomango.in Rank First Page Google Fast SEO Link Building Buy Backlinks Online Cheap,https://digitalchatni.com/all/217/25.html
thecoppensshow.com,35.0,buy saffron online,https://thecoppensshow.com/page/8/
exampletrackingurl.com,45.0,Kashmiri Kesar,https://www.exampletrackingurl.com/category/business/
kuangbo.top,0.0,buy saffron online,https://kuangbo.top/author/localdomains/
118gan.com,52.0,Khara Kaju,https://118gan.com/the-facts-on-peanut-allergies-and-other-nut-allergies/
backlinkengine.shop,0.1,"Everything alphonsomango.in needs: premium guest posts, high-quality backlinks, on-page SEO, local SEO, web development, SaaS tools and automation tools — a noticeable DR/DA/TF rise with clean reporting. Every campaign includes niche-relevance checks, diversified anchor planning, placement review, and transparent progress tracking. · Backlink Engine — A growth engine built for editorial ...",https://backlinkengine.shop/18c62f67b-build-unstoppable-law-firm-serp-saas-tools-sidebar-links-traffic-playbook-detailed-campaign-breakdown-authority-traffic-and-conversions-for-reliable-page-one-progress/
kmoshops.shop,49.0,"Back when I first launched alphonsomango.in, I felt lost in the digital world without much strategy for SEO. After trying multiple services that didn't deliver, SEOExpress.org caught my attention. Their affordable approach helped elevate my DA from 12 to an impressive 35 in three months! My inbox is now flooding with inquiries—it's been life-changing! Give them a try if you want results like ...",https://kmoshops.shop/i-remember-when-my-local-business-had-zero-online-exposure-and-i-couldnt-afford-big-agencies-seoexpress-offered-budget-friendly-seo-and-in-six-weeks-my-daily-visits-increased-by-280-percent-with-top
ttkufu.com,51.0,saffron buy online,https://ttkufu.com/category/business/
ratingkey.com,0.8,(alphonsomango.in),https://ratingkey.com/businesses/alphonsomango.in
swiftranklab.shop,30.0,"reseller pricing, outreach-driven crawl budget optimization and Web 2.0 links — alphonsomango.in was built for affiliate marketers in South Asia. Message us for reseller rates.",https://swiftranklab.shop/f2t2f59-custom-packages-built-around-budget-bloggers-how-package-broken-link-building-homepage/
contentreach.shop,0.0,NAP consistency cleanup for bloggers from alphonsomango.in: flexible order sizes plus screenshots and live links rather than a bare spreadsheet,https://contentreach.shop/4hpqf1m-15-mistakes-ecommerce-brands-make-buying-crawl/
seogrowthstudio.shop,0.1,"alphonsomango.in: guest posts, backlinks, on-page and local SEO, web development, SaaS tools and workflow automation tools, all driving a clear DR/DA/TF lift built to last. The strategy also covers competitor research, natural anchor distribution, quality verification, and clear monthly performance reporting. · SEO Growth Studio — A specialist strategy studio for sustainable SEO growth, content ...",https://seogrowthstudio.shop/f5a7b339a-guest-posts-took-every-keyword-page1-pharmaceutical-money-site-every-dollar-ranking-tracked-long-term-seo-method-mistakes-risks-and-solutions-for-consistent-traffic-growth/
11763820.xyz,44.0,"Back when I first launched alphonsomango.in, I felt lost in the digital world without much strategy for SEO. After trying multiple services that didn't deliver, SEOExpress.org caught my attention. Their affordable approach helped elevate my DA from 12 to an impressive 35 in three months! My inbox is now flooding with inquiries—it's been life-changing! Give them a try if you want results like ...",https://11763820.xyz/i-remember-when-my-local-business-had-zero-online-exposure-and-i-couldnt-afford-big-agencies-seoexpress-offered-budget-friendly-seo-and-in-six-weeks-my-daily-visits-increased-by-280-percent-with-top
elliottkfvd70246.59bloggers.com,43.0,Alphonso Mango,https://elliottkfvd70246.59bloggers.com/33899375/the-royal-majesty-of-fruits-ratnagiri-alphonso-mango
999vct.com,34.0,buy cashew nuts online,https://999vct.com/category/business/
daidly.com,37.0,Salted cashew,https://daidly.com/page/21/
daltoncjkg68979.azzablog.com,44.0,Alphonso Mango,https://daltoncjkg68979.azzablog.com/36519593/invest-in-original-devgad-alphonso-mango-on-the-web-taste-the-top
subdomainfinder.c99.nl,50.0,webdisk.alphonsomango.in,https://subdomainfinder.c99.nl/scans/2026-05-07/alphonsomango.in
ratnagiri-and-devgad-man738206.aboutyoublog.com,53.0,Fresh Alphonso Mango Delivery,https://ratnagiri-and-devgad-man738206.aboutyoublog.com/54537952/experience-the-sweetness-order-real-konkan-coastal-king-fruits-today
37486208.xyz,46.0,"Back when I first launched alphonsomango.in, I felt lost in the digital world without much strategy for SEO. After trying multiple services that didn't deliver, SEOExpress.org caught my attention. Their affordable approach helped elevate my DA from 12 to an impressive 35 in three months! My inbox is now flooding with inquiries—it's been life-changing! Give them a try if you want results like ...",https://37486208.xyz/i-remember-when-my-local-business-had-zero-online-exposure-and-i-couldnt-afford-big-agencies-seoexpress-offered-budget-friendly-seo-and-in-six-weeks-my-daily-visits-increased-by-280-percent-with-top
rigaconvention.com,54.0,buy kashmir saffron online,https://rigaconvention.com/author/localdomains/page/2/
seoboostexchange.shop,0.1,"Grow alphonsomango.in with backlinks and guest posts, on-page SEO, local SEO, custom web development, SaaS integrations and automation tools — DR/DA/TF that climbs steadily in competitive markets. The plan remains focused on natural relevance, credible sources, balanced optimization, measurable search gains, and sustainable long-term execution. · SEO Boost Exchange — A professional resource ...",https://seoboostexchange.shop/49a82ee79-90-day-niche-edits-journey-health-invisible-to-page1-full-ranking-workflow-tools-tactics-and-insights-for-scalable-seo-performance/
indextera.shop,0.0,NAP consistency cleanup for bloggers from alphonsomango.in: flexible order sizes plus screenshots and live links rather than a bare spreadsheet,https://indextera.shop/4hpqf1m-15-mistakes-ecommerce-brands-make-buying-crawl/
seo-cartel-0-184.xyz,0.0,"'@SEO_CARTEL IN TELEGRAM - SEO BACKLINKS, BULK LINK POSTING, BOOST SEO RANKING",https://seo-cartel-0-184.xyz/namibia_taro-01-09-2026/seo-cartel-namibia_taro-2972-12/
devinhkfp37923.nizarblog.com,44.0,Alphonso mango Online,https://devinhkfp37923.nizarblog.com/33615242/alphonso-mango-mango-royalty-the-king-is-here-obtainable-on-line
chanceouuq90097.blog2learn.com,52.0,Hapus Mango online,https://chanceouuq90097.blog2learn.com/81185665/alphonso-mango-mango-royalty-the-king-is-here-obtainable-on-line
16campbell.com,52.0,Kashmiri Kesar,https://16campbell.com/author/localdomains/page/10/
11763915.xyz,44.0,"Back when I first launched alphonsomango.in, I felt lost in the digital world without much strategy for SEO. After trying multiple services that didn't deliver, SEOExpress.org caught my attention. Their affordable approach helped elevate my DA from 12 to an impressive 35 in three months! My inbox is now flooding with inquiries—it's been life-changing! Give them a try if you want results like ...",https://11763915.xyz/i-remember-when-my-local-business-had-zero-online-exposure-and-i-couldnt-afford-big-agencies-seoexpress-offered-budget-friendly-seo-and-in-six-weeks-my-daily-visits-increased-by-280-percent-with-top
rafaelqmbj03567.blogdeazar.com,44.0,Alphonso mango online order,https://rafaelqmbj03567.blogdeazar.com/33615944/alphonso-mango-the-ultimate-mango-king-available-on-the-internet
apeopledirectory.com,31.0,Saffron,https://apeopledirectory.com/World/Azerbaijani/Arts/Antiques/Regional/Polar_Regions/World/Armenian/Business/Agriculture_and_Forestry/Food_and_Related_Products/
baidu-abcsougou-guge-sdg.com,13.0,cashew salted,https://baidu-abcsougou-guge-sdg.com/author/localdomains/page/16/
ranknaro.shop,0.0,NAP consistency cleanup for bloggers from alphonsomango.in: flexible order sizes plus screenshots and live links rather than a bare spreadsheet,https://ranknaro.shop/4hpqf1m-15-mistakes-ecommerce-brands-make-buying-crawl/
ejualsepatu.com,52.0,cashew salted,https://ejualsepatu.com/page/16/
