host,Domain rating,Anchor,Target URL,Referring page URL,Referring page title,Nofollow,UGC
en.wikipedia.org,97.0,Aamras recipe,https://alphonsomango.in/blogs/recipe/aamras-recipe,https://en.wikipedia.org/wiki/Maharashtrian_cuisine,Maharashtrian cuisine,True,False
community.shopify.com,96.0,https://www.alphonsomango.in,https://alphonsomango.in/,https://community.shopify.com/t/social-media-use-twitter-cards/7490,Social media,True,True
kuri6005.sakura.ne.jp,92.0,https://www.youtube.com/redirect?event=channel_description&q=https%3A%2F%2Falphonsomango.in%2F,https://alphonsomango.in/,http://kuri6005.sakura.ne.jp/aspnet/wiki/index.php?qeouqwoiueoqpascxzcbvvzmc,qeouqwoiueoqpascxzcbvvzmc - PukiWiki,True,False
seller.alibaba.com,92.0,Link,https://alphonsomango.in/blogs/mango-exports/how-to-export-mangoes-india-to-usa,https://seller.alibaba.com/blogs/2026/southeast-asia/agriculture/fresh-mango-export-guide-alibaba-b2b,"Fresh Mango Export Guide 2026: Material Grade, Certification & Packaging Standards for Alibaba.com Sellers - Alibaba.com Seller Blog",True,False
hub.docker.com,92.0,https://alphonsomango.in/products/alphonso-mango-order-online⁠,https://alphonsomango.in/products/alphonso-mango-order-online,https://hub.docker.com/u/alphonsomango27,alphonsomango27,True,False
google.ca,92.0,,https://alphonsomango.in/blogs/jaiphal/nutmeg-other-names?srsltid=AfmBOop31EocwKHjsL9YzB3IzmCsQR2DFiXi6yGZ_0_ccWl0rJs8UkJo,https://www.google.ca/goto?url=CAESsgEBO6uMpYVaQnZvvlg-1iVm7G5tIwZBDS_X7Z6vo_Lpv2j_ajZnTP51n-dP42t9kTv-B3j1xjY90qG_JV43Q7wf-OX3Bu3BP3D1pt8YpJTPqWZ7KzFXcXsafUZdEU5bfQQvvyzqoiadZlM-sblLPaoEEGOSqDBN6llK-Od5-BbHQolbADPyITmjiJeUZNHQQN8Nshh0GXRgf76VZgQVrvLRsyu6ZwgNFSAQI7qZ6o6S4L60,,False,False
heylink.me,92.0,alphonsomango.in,https://alphonsomango.in/products/alphonso-mango-pulp,https://heylink.me/alphonsomango/,HeyLink.me | alphonsomango,True,True
google.co.in,91.0,,https://alphonsomango.in/?srsltid=AfmBOor0TUM7rEbXesWRYPV5amhef_RuYHNcmRV5qJw93MTAUB3s4uo0,https://www.google.co.in/goto?url=CAESkgEBO6uMpa8xoiF9Uv19iKcvGK6thPHHW2-xkph75WZ13kvw1h8ivHDAxm5QZV0a_nbwmpsM4wrUr_KbZkL8ZkrmhzrcWy_KjWZomybubpLEpt631c8mLZq7v883sNr0TAeWYhNvdd4hXTFN9dLNP3X-1Mntik7lLC2TdHJ52wnd7Y4S_JSdm6XTWZANNQvOmIty9g==,,False,False
crunchbase.com,91.0,alphonsomango.in,https://alphonsomango.in/,https://www.crunchbase.com/organization/alphonsomango,Alphonsomango - Crunchbase Company Profile & Funding,True,False
provenexpert.com,91.0,alphonsomango.in,https://alphonsomango.in/products/saffron-kesar,https://www.provenexpert.com/en-us/powle-home-foods/,Powle Home Foods Reviews & Experiences,True,False
17track.net,91.0,https://alphonsomango.in,https://alphonsomango.in/,https://www.17track.net/pt/brands/alphonso-mango,Rastreamento de pedidos Alphonso Mango - Rastreamento global de encomendas | 17TRACK,True,False
razorpay.com,90.0,Alphonsomango.in,https://alphonsomango.in/,https://razorpay.com/blog/magic-checkout-case-study-alphonso-mango-2/,Magic Checkout Case Study: Alphonso Mango Success,True,False
about.me,90.0,https://alphonsomango.in/products/malawi-mango,https://alphonsomango.in/products/malawi-mango,https://about.me/malawi,Malawi Mangoes - india | about.me,True,False
sketchfab.com,90.0,https://alphonsomango.in/products/alphonso-mango-order-online,https://alphonsomango.in/products/alphonso-mango-order-online,https://sketchfab.com/alphonsomango27,Hapus Mango (@alphonsomango27) - Sketchfab,True,False
jebbidan.wixstudio.com,88.0,Ratnagiri Alphonso Mango,https://alphonsomango.in/,https://jebbidan.wixstudio.com/youtube/forum/general-discussions/finding-the-right-study-abroad-consultant,Finding the Right Study Abroad Consultant | Jebbidan youtube,False,False
websites.umass.edu,88.0,https://alphonsomango.in/products/hapus-mango,https://alphonsomango.in/products/hapus-mango,https://websites.umass.edu/natsci397a-eross/fighting-gypsy-moths-with-the-fugal-predator-e-maimaga/comment-page-3/,Fighting Gypsy Moths With The Fungal Predator E. maimaga – Debating Science,True,True
google.co.nz,87.0,https://alphonsomango.in/,https://alphonsomango.in/,https://www.google.co.nz/url?q=https%3A%2F%2Falphonsomango.in%2F,Redirect Notice,False,False
reseller.wolfram.com,87.0,Back to Wolfram Login,http://alphonsomango.in/,https://reseller.wolfram.com/login/login.pl?action=forgotpass&destination=http%3A%2F%2Falphonsomango.in,Wolfram Login: Reseller,False,False
images.google.com.vn,86.0,https://alphonsomango.in/,https://alphonsomango.in/,https://images.google.com.vn/url?sa=t&url=https%3A%2F%2Falphonsomango.in%2F,Redirect Notice,False,False
shawcenter.syr.edu,85.0,https://alphonsomango.in/products/alphonso-mango-pulp,https://alphonsomango.in/products/alphonso-mango-pulp,https://shawcenter.syr.edu/two-shaw-center-interns-chosen-to-be-remembrance-scholars/,Remembering PANAM 103 - Shaw Center – Syracuse University,True,True
yourstory.com,85.0,Powle Home Foods,https://alphonsomango.in/,https://yourstory.com/companies/powle-home-foods,Powle Home Foods Company Profile Funding & Investors | YourStory,False,False
wikiwand.com,85.0,Aamras recipe,https://alphonsomango.in/blogs/recipe/aamras-recipe,https://www.wikiwand.com/en/articles/Maharashtrian_cuisine,Maharashtrian cuisine - Wikiwand,True,False
wakelet.com,85.0,ajwa dates price,https://alphonsomango.in/products/ajwa-dates-ajwa-khajoor,https://wakelet.com/wake/yKu_URfAJM7fwLhDu3Sto,Savoring the Goodness: Ajwa Dates' Incredible Benefits - Wakelet,False,True
alphonsom.yolasite.com,84.0,mango rate in delhi per kg,https://alphonsomango.in/blogs/location/hapus-mango-in-delhi,https://alphonsom.yolasite.com/,Home,True,False
forum.codeigniter.com,83.0,https://alphonsomango.in/products/devgad-alphonso-mango,https://alphonsomango.in/products/devgad-alphonso-mango,https://forum.codeigniter.com/member.php?action=profile&uid=64346,CodeIgniter Forums - Profile of alphonso1122,False,False
securityheaders.com,82.0,http://alphonsomango.in/,http://alphonsomango.in/,https://securityheaders.com/?q=alphonsomango.in,Scan results for alphonsomango.in,True,False
diigo.com,82.0,i,https://alphonsomango.in/blogs/why,https://www.diigo.com/item/note/14t60/2j7o,Note : Buying Viagra: Best Tips to Buy Cheap Viagra Online,True,False
domain.opendns.com,82.0,Launch site,http://alphonsomango.in/,https://domain.opendns.com/alphonsomango.in,OpenDNS Community > Domain Tagging > Details for alphonsomango.in,True,False
vocal.media,82.0,Devgad mango,https://alphonsomango.in/products/devgad-alphonso-mango,https://vocal.media/authors/devgad-mangos,Devgad Mangos | Vocal,False,False
blogs.umb.edu,80.0,Medjool Khajur,https://alphonsomango.in/products/medjool-dates-medjoul-khajoor,https://blogs.umb.edu/lisadeangelis/2012/10/16/thats-a-great-vision-but-do-your-front-line-employees-get-it/comment-page-25/,"That’s a great vision, but do your front line employees get it? | Lisa DeAngelis, Director",True,True
dbpedia.org,79.0,https://alphonsomango.in/blogs/recipe/aamras-recipe,https://alphonsomango.in/blogs/mango-recipe/aamras-recipe,https://dbpedia.org/page/Maharashtrian_cuisine,About: Maharashtrian cuisine,True,False
grokipedia.com,79.0,https://alphonsomango.in/blogs/faq/mango-is-our-national-fruit,https://alphonsomango.in/blogs/faq/mango-is-our-national-fruit,https://grokipedia.com/page/Mango,Mango — Grokipedia,False,False
blogs.memphis.edu,79.0,https://alphonsomango.in/,https://alphonsomango.in/,https://blogs.memphis.edu/padm3601/2016/02/09/the-elimination-of-wal-mart-stores/,Hot Topics in Public Administration | The Elimination of Wal-Mart Stores,True,True
intensedebate.com,78.0,screenshot Alphonso Mango Delhi,https://alphonsomango.in/products/alphonso-mango-order-online,https://www.intensedebate.com/people/Hapus_Mango,IntenseDebate - Hapus_Mango,False,False
sites.suffolk.edu,77.0,https://alphonsomango.in/,https://alphonsomango.in/,https://sites.suffolk.edu/pandemicpolitics/2020/08/12/is-it-possible-for-people-in-poorer-countries-to-follow-essential-safety-measures-no-author-jenfry-guerrero/comment-page-4/,Is It possible for people in poorer countries to follow essential safety measures? NO (Author: Jenfry Guerrero) – Politics in the Era of Global Pandemic,True,True
storeleads.app,76.0,alphonsomango.in,https://alphonsomango.in/,https://storeleads.app/reports/shopify/app/gropulse-rich-snippets-for-seo,GP JSON‑LD Schema & AI SEO Shopify App,True,False
community.m5stack.com,74.0,alphonsomango.in/products/medjool-dates-medjoul-khajoor,https://alphonsomango.in/products/medjool-dates-medjoul-khajoor,http://community.m5stack.com/user/alphonsomango,alphonsomango | M5Stack Community,True,False
selfgrowth.com,74.0,https://alphonsomango.in/products/cashew-nut-broken-kaju-tukda,https://alphonsomango.in/products/broken-cashew-kaju-tukda,https://www.selfgrowth.com/healthy_eating.html?sorting=most-recent,Healthy Eating Websites,True,False
wiki.privacytools.io,74.0,Aamras recipe,https://alphonsomango.in/blogs/mango-recipe/aamras-recipe,https://wiki.privacytools.io/wiki/Maharashtrian_cuisine?lang=en,Maharashtrian cuisine - Wikipedia,True,False
freelistingusa.com,73.0,https://alphonsomango.in/products/saffron-kesar,https://alphonsomango.in/products/saffron-kesar,https://www.freelistingusa.com/listings/powle-home-foods,Powle Home Foods | FreeListingUSA,True,False
juicystudio.com,73.0,http://alphonsomango.in/blogs/why,http://alphonsomango.in/blogs/why,https://juicystudio.com/services/readability.php?url=alphonsomango.in/blogs/why,Juicy Studio: Readability Test,False,False
inkl.com,73.0,alphonso mango,https://alphonsomango.in/,https://www.inkl.com/news/couple-deploys-guards-watchdogs-to-protect-world-s-most-expensive-mangoes,"Couple Deploys Guards, Watchdogs To Protect World’s…",False,False
viesearch.com,72.0,Screenshot of Buy Best Alphonso Mango Online,https://alphonsomango.in/,https://viesearch.com/1flz8/buy-best-alphonso-mango-online,Buy Best Alphonso Mango Online - Viesearch,False,False
linkcentre.com,72.0,Buy Kashmiri Saffron Online,https://alphonsomango.in/products/saffron-kesar,https://www.linkcentre.com/profile/swati754/,Powle Foods at Link Centre,False,False
siteprice.org,72.0,,https://alphonsomango.in/,https://www.siteprice.org/competitors/drgirijawagh.com,drgirijawagh.com competitors - Top 9 similar sites like drgirijawagh.com and alternatives,True,False
trueen.com,71.0,https://alphonsomango.in/products/california-almonds-badam,https://alphonsomango.in/products/california-almonds-badam,https://trueen.com/business/listing/alphonsomangoes/254712,"Alphonsomangoes in Mumbai, India | TRUEen",True,False
mindtrip.ai,71.0,Websitealphonsomango.in,https://alphonsomango.in/,https://mindtrip.ai/attraction/mumbai-maharashtra/alphonsomango/at-ZbmMhb0O,Alphonsomango.in in Mumbai | What to Know Before You Go,False,False
images.google.li,70.0,https://alphonsomango.in/blogs/why/,https://alphonsomango.in/blogs/why/,https://images.google.li/url?q=https%3A%2F%2Falphonsomango.in/blogs/why%2F,Redirect Notice,False,False
forum.issabel.org,70.0,https://alphonsomango.in/,https://alphonsomango.in/,https://forum.issabel.org/u/rockkayak37,rockkayak37 - Issabel,True,False
discuss.ilw.com,70.0,alphonso mango price in bangalore,https://alphonsomango.in/blogs/mango-south/ratnagiri-alphonso-mangoes-bangalore,https://discuss.ilw.com/forum/immigration-discussion/454509-practical-tips-for-visiting-paris-how-to-avoid-mistakes,Practical Tips for Visiting Paris: How to Avoid Mistakes - ILW.COM Discussion Board,False,False
siit.co,70.0,Ratnagiri Hapus,https://alphonsomango.in/products/ratnagiri-alphonso-mango,https://siit.co/guestposts/devgad-alphonso-mango-price-best-deals-online/,Devgad Alphonso Mango Price: Best Deals Online - SIIT - Tech Guest Posts,False,False
maps.google.as,69.0,https://alphonsomango.in/blogs/why/,https://alphonsomango.in/blogs/why/,https://maps.google.as/url?q=https%3A%2F%2Falphonsomango.in/blogs/why%2F,Redirect Notice,False,False
gogvo.com,69.0,,https://alphonsomango.in/,https://gogvo.com/redir.php?url=alphonsomango.in,,False,False
zupyak.com,69.0,buy saffron,https://alphonsomango.in/products/saffron-kesar,https://www.zupyak.com/p/4284427/t/uses-of-kesar-for-skin,Uses of Kesar for Skin | Zupyak Community,False,False
eridan.websrvcs.com,68.0,Exit Login,https://alphonsomango.in/products/wheat-grass-powder-gavhankur-powder,https://eridan.websrvcs.com/System/Login.asp?id=48747&Referer=https%3A%2F%2Falphonsomango.in%2Fproducts%2Fwheat-grass-powder-gavhankur-powder,Login,False,False
scam-detector.com,68.0,alphonsomango.in,https://alphonsomango.in/,https://www.scam-detector.com/validator/alphonsomango-in-review/,alphonsomango.in Reviews: Is this site a scam or legit? – Scam Detector,True,False
catalog.in,68.0,https://alphonsomango.in/pages/contact-us,https://alphonsomango.in/pages/contact-us,https://catalog.in/companies/alphonsomango,Alphonso Mango,True,False
hasgeek.com,68.0,alphonsomango.in/products/devgad-alphonso-mango,https://alphonsomango.in/products/devgad-alphonso-mango,https://hasgeek.com/devgad_mango_online,Devgad Mangoes – Hasgeek,True,False
healthbenefitstimes.com,66.0,36,https://alphonsomango.in/blogs/benefits/benefits-of-mangoes-for-the-eyes,https://www.healthbenefitstimes.com/top-10-fruits-to-boost-your-eye-health/,"Top 10 Fruits to Boost Your Eye Health, Backed by Research - Health Benefits",False,False
tblo.tennis365.net,65.0,Mango,https://www.alphonsomango.in/blogs/health/mango,https://tblo.tennis365.net/allthumbs/2017/01/07/%E9%8C%A6%E7%B9%94%E3%81%8C%E3%83%8A%E3%82%A4%E3%82%AD%E3%81%AE%E3%82%B7%E3%83%A5%E3%83%BC%E3%82%BA/,錦織がナイキのシューズ | オールサムテニスクラブ熊本,True,False
hindustanmetro.com,64.0,Book Your Malawi Mango Now,https://alphonsomango.in/products/malawi-mango,https://www.hindustanmetro.com/malawi-mangoes-a-taste-of-sunshine-from-the-warm-heart-of-africa-now-in-india/,Malawi Mangoes: A Taste of Sunshine from the Warm Heart of Africa Now in India,True,False
b2bco.com,64.0,Powle Home foods,https://alphonsomango.in/,https://www.b2bco.com/alphonsomango/reviews/,Powle Home foods - Marketplace and Business Network - B2BCO,True,False
video-bookmark.com,64.0,Salted Cashews Online,https://alphonsomango.in/products/salted-cashew-nuts,https://www.video-bookmark.com/tag/kaju-online/,Kaju Online · Search Results,True,False
getlisteduae.com,63.0,https://alphonsomango.in/products/california-almonds-badam,https://alphonsomango.in/products/california-almonds-badam,https://www.getlisteduae.com/listings/alphonso-mango,Alphonso Mango | GetListedUAE,True,False
sitelike.org,63.0,alphonsomango.in,https://alphonsomango.in/,https://www.sitelike.org/similar/mangomaven.com/,mangomaven.com alternatives | Top 65 similar sites like mangomaven.com,True,False
businesslistings.net.au,63.0,https://alphonsomango.in/products/medjool-dates-medjoul-khajoor,https://alphonsomango.in/products/medjool-dates-medjoul-khajoor,https://www.businesslistings.net.au/food/mumbai/alphonsomango/967995.aspx,alphonsomango Reviews - food mumbai,False,False
redirect.camfrog.com,62.0,Continue,https://alphonsomango.in/,https://redirect.camfrog.com/redirect/?url=https%3A%2F%2Falphonsomango.in,,False,False
diggerslist.com,62.0,https://alphonsomango.in/products/california-almonds-badam,https://alphonsomango.in/products/california-almonds-badam,https://www.diggerslist.com/631f21359a5a5/about,About | alphonsomangoes | DiggersList,False,False
raymondpgsc70245.pointblog.net,62.0,Alphonso Mango,https://alphonsomango.in/,https://raymondpgsc70245.pointblog.net/devgad-alphonso-mango-maharashtra-s-golden-delight-the-supreme-mango-76770983,Devgad Alphonso Mango Maharashtra’s Golden Delight The Supreme Mango,False,False
israelhgve69902.thezenweb.com,62.0,Alphonso Mango,https://alphonsomango.in/,https://israelhgve69902.thezenweb.com/devgad-alphonso-mango-the-regal-mango-from-maharashtra-a-fruit-fit-for-royalty-71448683,Devgad Alphonso Mango The Regal Mango from Maharashtra A Fruit Fit for Royalty,False,False
profiles.crustdata.com,61.0,alphonsomango.in,https://alphonsomango.in/,https://profiles.crustdata.com/company/alphonsomangoin,"Alphonsomango.in — Headcount, Funding & Open Jobs | Crustdata",True,False
kingranks.com,60.0,alphonsomango,https://alphonsomango.in/,http://kingranks.com/equipping-your-brand-advocates/,Equipping Your Brand Advocates | King Ranks,False,False
davidwest.mee.nu,60.0,Ratnagiri Mango,https://alphonsomango.in/products/ratnagiri-alphonso-mango,http://davidwest.mee.nu/cleaning-services,David West Blog,False,False
dealerbaba.com,60.0,Website,https://alphonsomango.in/products/kesar-mango,https://www.dealerbaba.com/suppliers/restaurants-food-beverages/powle-home-foods.html,"Powle Home foods in Restaurants, Food & Beverages in Mumbai | Dealerbaba",False,False
gowork.fr,60.0,http://alphonsomango.in,http://alphonsomango.in/,https://gowork.fr/alphonsomango-paris,Alphonsomango avis | GoWork.FR,True,False
articlement.com,59.0,alphonsomango,https://alphonsomango.in/,https://articlement.com/panasonic-viera-tc-l32x2-the-must-have-lcd-hdtv-876/,Panasonic Viera TC-L32X2 – The Must Have LCD HDTV-876 | Article Ment,False,False
opensource.platon.org,59.0,https://alphonsomango.in/blogs/location/ratnagiri-alphonso-mangoes-bangalore,https://alphonsomango.in/,http://opensource.platon.org/forum/projects/viewtopic.php?p=12378165,Opensource.Platon.SK: phpMyEdit: Best Nest of Tables,False,False
bioimagingcore.be,59.0,delhi mango,https://alphonsomango.in/blogs/mango-delhi/alphonso-mango-in-delhi,http://bioimagingcore.be/q2a/774621/spring-forward-with-mangoes-this-season,Spring Forward with Mangoes this Season - Bioimagingcore Q&A,True,False
jaredisyv12208.blogkoo.com,59.0,Buy alphonso mango,https://alphonsomango.in/products/alphonso-mango-order-online,https://jaredisyv12208.blogkoo.com/alphonso-mango-mango-royalty-the-king-is-here-available-on-the-internet-52871919,Alphonso Mango: Mango Royalty The King is Here Available On the internet,False,False
socialbookmarkssite.com,58.0,Black Raisins or Kishmish,https://alphonsomango.in/products/black-raisins,https://www.socialbookmarkssite.com/tag/kishmish/,Kishmish · Search Results,True,False
freshhapusmangoonline823.frewwebs.com,57.0,order Alphonso Mangoes online today,https://alphonsomango.in/products/alphonso-mango-order-online,https://freshhapusmangoonline823.frewwebs.com/33793283/buy-alphonso-mango-the-ultimate-mango-experience,Buy Alphonso Mango: The Ultimate Mango Experience,False,False
en.wikipedia-on-ipfs.org,57.0,Aamras recipe,https://alphonsomango.in/blogs/mango-recipe/aamras-recipe,https://en.wikipedia-on-ipfs.org/wiki/Maharashtrian_cuisine,Maharashtrian cuisine,False,False
arthurbpcn04815.diowebhost.com,57.0,original devgad alphonso mango,https://alphonsomango.in/products/devgad-alphonso-mango,https://arthurbpcn04815.diowebhost.com/91292779/buy-primary-devgad-alphonso-mango-on-the-web-style-the-very-best,Buy Primary Devgad Alphonso Mango On the web – Style the very best,False,False
btaskee.com,57.0,hệ xương,https://alphonsomango.in/blogs/health/mango-good-for-bones-help-strengthen-bones,https://www.btaskee.com/kinh-nghiem-hay/xoai-bao-nhieu-calo/,1 Quả Xoài Bao Nhiêu Calo? Ăn Xoài Có Bị Béo Và Nóng? – bTaskee,False,False
whizolosophy.com,57.0,Cherries,https://alphonsomango.in/,https://www.whizolosophy.com/public/category/overall-health/article-essay/top-10-fruits-for-diabetic-patients,Whizolosophy | Top 10 Fruits for Diabetic Patients,False,False
milojeue72357.blog5.net,57.0,Alphonso Mango,https://alphonsomango.in/,https://milojeue72357.blog5.net/77042604/devgad-alphonso-mango-the-majestic-mango-of-maharashtra-a-true-delight,Devgad Alphonso Mango The Majestic Mango of Maharashtra A True Delight,False,False
titusosph59372.onesmablog.com,57.0,Alphonso Mango,https://alphonsomango.in/,https://titusosph59372.onesmablog.com/devgad-alphonso-mango-the-king-of-mangoes-from-maharashtra-74002618,Devgad Alphonso Mango The King of Mangoes from Maharashtra,False,False
everything.explained.today,57.0,Aamras recipe,https://alphonsomango.in/blogs/mango-recipe/aamras-recipe,https://everything.explained.today/Maharashtrian_cuisine/,Maharashtrian cuisine explained,True,False
charlievbrd79234.blogdigy.com,56.0,Alphonso Mango,https://alphonsomango.in/,https://charlievbrd79234.blogdigy.com/the-emperor-of-exotic-fruits-ratnagiri-alphonso-mango-49885013,The Emperor of Exotic Fruits Ratnagiri Alphonso Mango,False,False
brookshcsc81368.tribunablog.com,55.0,Alphonso Mango,https://alphonsomango.in/,https://brookshcsc81368.tribunablog.com/the-king-of-fruits-ratnagiri-alphonso-mango-47779349,The King of Fruits Ratnagiri Alphonso Mango,False,False
archervqck14689.blogolize.com,55.0,Hapus Mango online,https://alphonsomango.in/products/alphonso-mango-order-online,https://archervqck14689.blogolize.com/alphonso-mango-mango-royalty-the-king-is-here-accessible-on-line-72505623,Alphonso Mango: Mango Royalty The King is Here Accessible On-line,False,False
kenya.blog.malone.edu,55.0,Devgad Mango,https://alphonsomango.in/products/devgad-alphonso-mango,http://kenya.blog.malone.edu/2016/05/how-to-peel-mango_24.html,How to Peel a Mango,True,False
chancevvny60246.blogzag.com,55.0,Alphonso mango online order,https://alphonsomango.in/products/alphonso-mango-order-online,https://chancevvny60246.blogzag.com/77217103/alphonso-mango-the-mango-empire-king-of-fruits-readily-available-on-the-web,Alphonso Mango: The Mango Empire King of Fruits Readily available On the web,False,False
authenticalphonsomangoes251439.activoblog.com,55.0,Alphonso mango online,https://alphonsomango.in/products/alphonso-mango-order-online,https://authenticalphonsomangoes251439.activoblog.com/54193729/experience-the-warmth-acquire-genuine-ratnagiri-and-devgad-mangoes-alphonso,Experience the Warmth : Acquire Genuine Ratnagiri and Devgad Mangoes Alphonso,False,False
archernvxt00097.fireblogz.com,55.0,Alphonso Mango,https://alphonsomango.in/,https://archernvxt00097.fireblogz.com/64701841/alphonso-mango-the-ultimate-mango-king-readily-available-on-line,Alphonso Mango: The Ultimate Mango King Readily available On line,False,False
claytongeug30740.fitnell.com,54.0,Alphonso mango Online,https://alphonsomango.in/products/alphonso-mango-order-online,https://claytongeug30740.fitnell.com/74211383/alphonso-mango-the-king-of-mangoes-now-readily-available-online,Alphonso Mango: The King of Mangoes Now Readily available Online,False,False
danteopbl51740.blogofoto.com,54.0,Alphonso Mango,https://alphonsomango.in/,https://danteopbl51740.blogofoto.com/64613336/devgad-alphonso-mango-the-regal-mango-from-maharashtra-a-fruit-fit-for-royalty,Devgad Alphonso Mango The Regal Mango from Maharashtra A Fruit Fit for Royalty,False,False
blog.okala.com,54.0,alphonsomango,https://alphonsomango.in/blogs/health/tagged/raw-mango-for-acne-scars,https://blog.okala.com/mango-for-acne-scars/,8 کاربرد شگفت‌انگیز انبه برای درمان جای جوش! - مجله اکالا,False,False
askai.glarity.app,54.0,How much Kesar to put in milk – AlphonsoMango.in favicon alphonsomango.in,https://alphonsomango.in/blogs/kesar/how-much-kesar-to-put-in-milk,https://askai.glarity.app/search/How-much-saffron-should-be-used-in-milk,How much saffron should be used in milk? - Ask and Answer - Glarity,True,False
forum.amzgame.com,54.0,mango rate in delhi per kg,https://alphonsomango.in/blogs/location/hapus-mango-in-delhi,https://forum.amzgame.com/thread/detail?id=241515,AMZ Forums,False,False
palscity.com,54.0,https://alphonsomango.in/produ....cts/medjool-dates-me,https://alphonsomango.in/products/medjool-dates-medjoul-khajoor,https://www.palscity.com/alphonsomango29,alphonsomango29,True,False
westernindianaturetours.com,53.0,saffron buy online,https://alphonsomango.in/products/saffron-kesar,https://westernindianaturetours.com/healing-herbs-and-spices-every-mother-should-know-about/,Healing Herbs and Spices Every Mother Should Know About – Wester Nindian Aturetours,False,False
premiumratnagirimangoes748843.mpeblog.com,53.0,Ratnagiri and Devgad Mangoes,https://alphonsomango.in/products/ratnagiri-alphonso-mango,https://premiumratnagirimangoes748843.mpeblog.com/76351311/savor-the-warmth-buy-authentic-ratnagiri-and-devgad-delicious-mangoes,Savor the Warmth : Buy Authentic Ratnagiri and Devgad Delicious Mangoes,False,False
felixokgq36803.shotblogs.com,53.0,Devgad Mangoes,https://alphonsomango.in/products/devgad-alphonso-mango,https://felixokgq36803.shotblogs.com/devgad-alphonso-mango-the-king-of-mangoes-from-maharashtra-47357386,Devgad Alphonso Mango The King of Mangoes from Maharashtra,False,False
hectorexkt47024.blogdon.net,53.0,Ratnagiri Hapus Mango,https://alphonsomango.in/products/ratnagiri-alphonso-mango,https://hectorexkt47024.blogdon.net/the-golden-treasure-of-the-fruit-kingdom-ratnagiri-alphonso-mango-49538186,The Golden Treasure of the Fruit Kingdom Ratnagiri Alphonso Mango,False,False
trentonlsuq98765.digiblogbox.com,53.0,Alphonso Mango,https://alphonsomango.in/,https://trentonlsuq98765.digiblogbox.com/58228256/devgad-alphonso-mango-maharashtra-s-golden-delight-the-supreme-mango,Devgad Alphonso Mango Maharashtra’s Golden Delight The Supreme Mango,False,False
manuelliap49250.full-design.com,52.0,Alphonso Mango,https://alphonsomango.in/,https://manuelliap49250.full-design.com/devgad-alphonso-mango-maharashtra-s-golden-delight-the-supreme-mango-75856730,Devgad Alphonso Mango Maharashtra’s Golden Delight The Supreme Mango,False,False
writingproductsexpress.com,52.0,Salted cashew,https://alphonsomango.in/products/salted-cashew-nuts,https://writingproductsexpress.com/nuts-to-your-diet/,Nuts To Your Diet – Writing Products Express,False,False
seo-high-ranking.shop,52.0,"Back when I first launched alphonsomango.in, I felt lost in the digital world without much strategy for SEO. After trying multiple services that didn't deliver, SEOExpress.org caught my attention. Their affordable approach helped elevate my DA from 12 to an impressive 35 in three months! My inbox is now flooding with inquiries—it's been life-changing! Give them a try if you want results like ...",https://alphonsomango.in/,https://seo-high-ranking.shop/i-remember-when-my-local-business-had-zero-online-exposure-and-i-couldnt-afford-big-agencies-seoexpress-offered-budget-friendly-seo-and-in-six-weeks-my-daily-visits-increased-by-280-percent-with-top,"I Remember When My Local Business Had Zero Online Exposure and Couldn’t Afford Big Agencies. SEOExpress.org Provided Affordable SEO Solutions, and Within Six Weeks My Daily Visitors Increased by 280%, Ranking on Page 1 for Several Local Keywords. This Small Investment Changed Everything for My Business ⭐⭐⭐⭐⭐ 📊 — SEO High Ranking",True,False
hindustanbytes.com,52.0,Devgad Alphonso Mango,https://alphonsomango.in/products/devgad-alphonso-mango,https://hindustanbytes.com/malawi-mangoes-a-taste-of-sunshine-from-the-warm-heart-of-africa-now-in-india-2279,"Malawi Mangoes: A Taste of Sunshine from the Warm Heart of Africa Now in India - Hindustan Bytes | Latest News India, Punjab, World | Crime News | Political News | Entertainment News",False,False
dirstop.com,52.0,https://alphonsomango.in/,https://alphonsomango.in/,https://dirstop.com/story29123069/experience-the-golden-glow-order-real-these-delicious-alphonso-varieties-online,Experience the Golden Glow : Order Real These Delicious Alphonso Varieties Online,False,False
kiralikbahissite.com,52.0,buy saffron online,https://alphonsomango.in/products/saffron-kesar,https://kiralikbahissite.com/easy-way-to-cook-vegetable-biryani/,Easy Way to Cook Vegetable Biryani – Kiralikba Hissite,False,False
freelistingindia.in,52.0,www.alphonsomango.in,https://alphonsomango.in/,https://www.freelistingindia.in/listings/hapus-mango-2,Hapus Mango | FreeListingIndia,True,False
dantepmcn36924.qowap.com,52.0,Alphonso Mango,https://alphonsomango.in/,https://dantepmcn36924.qowap.com/92661883/devgad-alphonso-mango-the-majestic-mango-of-maharashtra-a-true-delight,Devgad Alphonso Mango The Majestic Mango of Maharashtra A True Delight,False,False
emilianodknp22457.ampedpages.com,52.0,Alphonso Mango,https://alphonsomango.in/,https://emilianodknp22457.ampedpages.com/discover-the-wealthy-flavor-of-kesar-mango-obtain-kesar-mango-online-in-india-63183317,Discover the Wealthy Flavor of Kesar Mango: Obtain Kesar Mango Online in India,False,False
leasedadspace.com,52.0,,https://alphonsomango.in/products/saffron-kesar,http://leasedadspace.com/adboard/preVisit/1487740/,,False,False
elliotedwh04791.amoblog.com,52.0,Hapus Mango online,https://alphonsomango.in/products/alphonso-mango-order-online,https://elliotedwh04791.amoblog.com/alphonso-mango-the-ultimate-mango-king-offered-on-line-55262846,Alphonso Mango: The Ultimate Mango King Offered On-line,False,False
jeffreymoen35791.suomiblog.com,52.0,Ratnagiri mangoes,https://alphonsomango.in/products/ratnagiri-alphonso-mango,https://jeffreymoen35791.suomiblog.com/the-royal-majesty-of-fruits-ratnagiri-alphonso-mango-49056936,The Royal Majesty of Fruits Ratnagiri Alphonso Mango,False,False
waylonllhu61470.alltdesign.com,52.0,Devgad Hapus mango,https://alphonsomango.in/products/devgad-alphonso-mango,https://waylonllhu61470.alltdesign.com/devgad-alphonso-mango-maharashtra-s-mango-monarch-the-king-of-fruits-52702514,Devgad Alphonso Mango Maharashtra’s Mango Monarch The King of Fruits,False,False
sergiokifm13566.blogzet.com,52.0,Alphonso mango online order,https://alphonsomango.in/products/alphonso-mango-order-online,https://sergiokifm13566.blogzet.com/alphonso-mango-the-ultimate-mango-king-obtainable-on-line-48210805,Alphonso Mango: The Ultimate Mango King Obtainable On-line,False,False
cristiandbue93580.timeblog.net,51.0,Alphonso Mango,https://alphonsomango.in/,https://cristiandbue93580.timeblog.net/69224725/the-emperor-of-exotic-fruits-ratnagiri-alphonso-mango,The Emperor of Exotic Fruits Ratnagiri Alphonso Mango,False,False
shanesoen36035.blogminds.com,51.0,Devgad Mangoes,https://alphonsomango.in/products/devgad-alphonso-mango,https://shanesoen36035.blogminds.com/devgad-alphonso-mango-maharashtra-s-mango-monarch-the-king-of-fruits-30674261,Devgad Alphonso Mango Maharashtra’s Mango Monarch The King of Fruits,False,False
stephenavir36890.bluxeblog.com,51.0,Ratnagiri mangoes,https://alphonsomango.in/products/ratnagiri-alphonso-mango,https://stephenavir36890.bluxeblog.com/65526005/the-emperor-of-exotic-fruits-ratnagiri-alphonso-mango,The Emperor of Exotic Fruits Ratnagiri Alphonso Mango,False,False
pes2018.club,51.0,saffron buy online,https://alphonsomango.in/products/saffron-kesar,https://pes2018.club/recovering-from-gout/,Recovering From Gout – Pes 2018,False,False
smacapitalfund.com,51.0,Kesar,https://alphonsomango.in/products/saffron-kesar,https://smacapitalfund.com/2022/05/,May 2022 – Sma Capital Fund,False,False
freelistingaustralia.com,51.0,https://alphonsomango.in/products/medjool-dates-medjoul-khajoor,https://alphonsomango.in/products/medjool-dates-medjoul-khajoor,https://www.freelistingaustralia.com/listings/medjool-dates,Medjool Dates | FreeListingAustralia,True,False
kylerayra70245.widblog.com,51.0,Alphonso Mango,https://alphonsomango.in/,https://kylerayra70245.widblog.com/88383297/the-golden-treasure-of-the-fruit-kingdom-ratnagiri-alphonso-mango,The Golden Treasure of the Fruit Kingdom Ratnagiri Alphonso Mango,False,False
yoomark.com,51.0,https://alphonsomango.in/products/saffron-kesar,https://alphonsomango.in/products/saffron-kesar,https://yoomark.com/content/buy-kashmiri-saffron-kesar-online-best-price,Buy Kashmiri Saffron Kesar Online at Best Price... | Yoomark,False,False
laneolbt50245.tokka-blog.com,51.0,Hapus Mango online,https://alphonsomango.in/products/alphonso-mango-order-online,https://laneolbt50245.tokka-blog.com/33709735/alphonso-mango-the-mango-empire-king-of-fruits-obtainable-on-the-web,Alphonso Mango: The Mango Empire King of Fruits Obtainable On the web,False,False
entrepreneurhunt.com,51.0,Devgad Alphonso Mango,https://alphonsomango.in/products/devgad-alphonso-mango,http://entrepreneurhunt.com/malawi-mangoes-a-taste-of-sunshine-from-the-warm-heart-of-africa-now-in-india-2279,"Malawi Mangoes: A Taste of Sunshine from the Warm Heart of Africa Now in India - Entrepreneur Hunt | Latest News India, Punjab, World | Crime News | Political News | Entertainment News",False,False
tmctouristservices.com,50.0,Saffron,https://alphonsomango.in/products/saffron-kesar,https://tmctouristservices.com/saffron-extract-supplements-for-bodybuilding/,Saffron Extract Supplements for Bodybuilding – Tmc Tourist Services,False,False
alphonso-mango-vs-kesar-171699.wikipublicity.com,50.0,Ratnagiri Alphonso Mangoes,https://alphonsomango.in/,https://alphonso-mango-vs-kesar-171699.wikipublicity.com/8879091/savor_the_flavor_your_guide_to_coastal_alphonso_mangoes,Savor the Flavor : Your Guide to Coastal Alphonso Mangoes,False,False
webhitlist.com,50.0,Kokum butter,https://alphonsomango.in/products/kokum-butter,https://webhitlist.com/profiles/blogs/kokum-butter,Kokum Butter - WebHitList.com,True,False
elliotwbax32335.arwebo.com,50.0,original devgad alphonso mango,https://alphonsomango.in/products/devgad-alphonso-mango,https://elliotwbax32335.arwebo.com/58710492/buy-original-devgad-alphonso-mango-on-the-web-style-the-very-best,Buy Original Devgad Alphonso Mango On the web – Style the very best,False,False
wikimili.com,50.0,Aamras recipe,https://alphonsomango.in/blogs/recipe/aamras-recipe,https://wikimili.com/en/Maharashtrian_cuisine,"Maharashtrian cuisine - WikiMili, The Best Wikipedia Reader",True,False
tiemchunglongchau.com.vn,50.0,,https://alphonsomango.in/blogs/hapus-benefits/nuts-for-new-moms-boost-milk-supply?srsltid=AfmBOooPaVD60Nelkan6Bs38VOCmWfnQ997C13HuHOR-PkIqIRk4aRQP,https://tiemchunglongchau.com.vn/kien-thuc-tiem-chung/diem-danh-cac-loai-hat-loi-sua-cho-me-sau-sinh,Điểm danh các loại hạt lợi sữa cho mẹ sau sinh,True,False
xiglute.com,49.0,https://alphonsomango.in/blogs/location/ratnagiri-alphonso-mangoes-bangalore,https://alphonsomango.in/blogs/mango-south/ratnagiri-alphonso-mangoes-bangalore,https://xiglute.com/forums/topic/25445/solution-to-fix-a-corrupted-driver-in-window-7/view/post_id/364960,Solution to fix a corrupted driver in window 7 - Xiglute - Xiglut - Rede Social - Social Network,False,False
caidennjbn36912.mybjjblog.com,49.0,Alphonso Mango,https://alphonsomango.in/,https://caidennjbn36912.mybjjblog.com/the-emperor-of-exotic-fruits-ratnagiri-alphonso-mango-46215363,The Emperor of Exotic Fruits Ratnagiri Alphonso Mango,False,False
milliescentedrocks.com,49.0,Hapus Mango,https://alphonsomango.in/,https://www.milliescentedrocks.com/board/board_topic/2189097/6487468.htm,The Role of Ayurveda in Treating Erectile Dysfunct,False,False
sunemall.com,49.0,Hapus Mango,https://alphonsomango.in/,https://www.sunemall.com/board/board_topic/8431232/6250609.htm,Discover the Elegance of Hotel Villa Empire,False,False
dantebtlt59146.blogpostie.com,49.0,Alphonso mango online order,https://alphonsomango.in/products/alphonso-mango-order-online,https://dantebtlt59146.blogpostie.com/54978162/alphonso-mango-the-king-of-mangoes-now-offered-on-the-web,Alphonso Mango: The King of Mangoes Now Offered On the web,False,False
premiumratnagirimangoes780918.blognody.com,49.0,Mangoes for Skin and Hair,https://alphonsomango.in/,https://premiumratnagirimangoes780918.blognody.com/52123710/taste-the-warmth-purchase-authentic-ratnagiri-and-devgad-mango-varieties,Taste the Warmth: Purchase Authentic Ratnagiri and Devgad Mango Varieties,False,False
dondo.com,49.0,https://alphonsomango.in,https://alphonsomango.in/,https://www.dondo.com/ai/brand-voice/hapusmangoalphonsomangoin-173396,Dondo AI - Brand Voice - Hapus Mango – AlphonsoMango.in,False,False
deanombm25812.post-blogs.com,49.0,Buy alphonso mango,https://alphonsomango.in/products/alphonso-mango-order-online,https://deanombm25812.post-blogs.com/54412591/alphonso-mango-the-reigning-king-of-mangoes-offered-on-line,Alphonso Mango: The Reigning King of Mangoes Offered On line,False,False
tai-ji.net,49.0,buy almond online,https://alphonsomango.in/products/california-almonds-badam,https://www.tai-ji.net/board/board_topic/4160148/5735762.htm,Tfil | Use | Work | Take – Best |USA,False,False
codymooa73792.articlesblogger.com,48.0,Alphonso Mango,https://alphonsomango.in/,https://codymooa73792.articlesblogger.com/55991310/the-royal-majesty-of-fruits-ratnagiri-alphonso-mango,The Royal Majesty of Fruits Ratnagiri Alphonso Mango,False,False
bookmarkloves.com,48.0,https://alphonsomango.in/products/devgad-alphonso-mango,https://alphonsomango.in/products/devgad-alphonso-mango,https://bookmarkloves.com/story21023779/devgad-alphonso-mango-premium-mangoes-from-maharashtra,Devgad Alphonso Mango – Premium Mangoes from Maharashtra,False,False
kawaiishop.shop,48.0,"Back when I first launched alphonsomango.in, I felt lost in the digital world without much strategy for SEO. After trying multiple services that didn't deliver, SEOExpress.org caught my attention. Their affordable approach helped elevate my DA from 12 to an impressive 35 in three months! My inbox is now flooding with inquiries—it's been life-changing! Give them a try if you want results like ...",https://alphonsomango.in/,https://kawaiishop.shop/i-remember-when-my-local-business-had-zero-online-exposure-and-i-couldnt-afford-big-agencies-seoexpress-offered-budget-friendly-seo-and-in-six-weeks-my-daily-visits-increased-by-280-percent-with-top,"I Remember When My Local Business Had Zero Online Exposure and Couldn’t Afford Big Agencies. SEOExpress.org Provided Affordable SEO Solutions, and Within Six Weeks My Daily Visitors Increased by 280%, Ranking on Page 1 for Several Local Keywords. This Small Investment Changed Everything for My Business ⭐⭐⭐⭐⭐ 📊 — Kawaii Shop",True,False
bookmark-dofollow.com,48.0,https://alphonsomango.in/products/devgad-alphonso-mango,https://alphonsomango.in/products/devgad-alphonso-mango,https://bookmark-dofollow.com/story29115062/taste-the-sweetness-purchase-real-ratnagiri-and-devgad-alphonso-mangoes-online,Taste the Sweetness : Purchase Real Ratnagiri and Devgad Alphonso Mangoes Online,False,False
zanderkdsz57901.uzblog.net,48.0,Alphonso Mango,https://alphonsomango.in/,https://zanderkdsz57901.uzblog.net/alphonso-mango-the-ultimate-mango-king-available-on-line-47230461,Alphonso Mango: The Ultimate Mango King Available On-line,False,False
thehighseoranking.shop,48.0,"Back when I first launched alphonsomango.in, I felt lost in the digital world without much strategy for SEO. After trying multiple services that didn't deliver, SEOExpress.org caught my attention. Their affordable approach helped elevate my DA from 12 to an impressive 35 in three months! My inbox is now flooding with inquiries—it's been life-changing! Give them a try if you want results like ...",https://alphonsomango.in/,https://thehighseoranking.shop/i-remember-when-my-local-business-had-zero-online-exposure-and-i-couldnt-afford-big-agencies-seoexpress-offered-budget-friendly-seo-and-in-six-weeks-my-daily-visits-increased-by-280-percent-with-top,"I Remember When My Local Business Had Zero Online Exposure and Couldn’t Afford Big Agencies. SEOExpress.org Provided Affordable SEO Solutions, and Within Six Weeks My Daily Visitors Increased by 280%, Ranking on Page 1 for Several Local Keywords. This Small Investment Changed Everything for My Business ⭐⭐⭐⭐⭐ 📊 — Thehighseoranking",True,False
quality-seo-directory-listings.verified-digital-firm-seoexpress.store,48.0,"Back when I first launched alphonsomango.in, I felt lost in the digital world without much strategy for SEO. After trying multiple services that didn't deliver, SEOExpress.org caught my attention. Their affordable approach helped elevate my DA from 12 to an impressive 35 in three months! My inbox is now flooding with inquiries—it's been life-changing! Give them a try if you want results like ...",https://alphonsomango.in/,https://quality-seo-directory-listings.verified-digital-firm-seoexpress.store/i-remember-when-my-local-business-had-zero-online-exposure-and-i-couldnt-afford-big-agencies-seoexpress-offered-budget-friendly-seo-and-in-six-weeks-my-daily-visits-increased-by-280-percent-with-top,"I Remember When My Local Business Had Zero Online Exposure and Couldn’t Afford Big Agencies. SEOExpress.org Provided Affordable SEO Solutions, and Within Six Weeks My Daily Visitors Increased by 280%, Ranking on Page 1 for Several Local Keywords. This Small Investment Changed Everything for My Business ⭐⭐⭐⭐⭐ 📊 — quality-seo-directory-listings.verified-digital-firm-seoexpress.store",True,False
erickprts02345.imblogs.net,47.0,Alphonso Mango,https://alphonsomango.in/,https://erickprts02345.imblogs.net/86560469/buy-kesar-mango-on-line-in-india-style-the-king-of-fruits-at-your-doorstep,Buy Kesar Mango On-line in India – Style the King of Fruits at Your Doorstep,False,False
en.bharatpedia.org,47.0,Aamras recipe,https://alphonsomango.in/blogs/mango-recipe/aamras-recipe,https://en.bharatpedia.org/wiki/Maharashtrian_cuisine,Maharashtrian cuisine - Bharatpedia,True,False
dallasqyby58024.tusblogos.com,47.0,Alphonso Mango,https://alphonsomango.in/,https://dallasqyby58024.tusblogos.com/36598176/obtain-authentic-devgad-alphonso-mango-on-the-web-flavor-the-best,Obtain Authentic Devgad Alphonso Mango On the web – Flavor the Best,False,False
franciscouvmz70567.blogrenanda.com,47.0,Alphonso Mango,https://alphonsomango.in/,https://franciscouvmz70567.blogrenanda.com/39713919/the-king-of-fruits-ratnagiri-alphonso-mango,The King of Fruits Ratnagiri Alphonso Mango,False,False
forum.system11.org,47.0,Website,https://alphonsomango.in/products/cashew-nuts-w180-cashew,https://forum.system11.org/viewtopic.php?t=7110&start=30,Post your shmups snacks - Page 2 - shmups.system11.org,False,False
alphonso-mango-vs-kesar-181440.wikimidpoint.com,47.0,Ratnagiri Hapus Amba,https://alphonsomango.in/,https://alphonso-mango-vs-kesar-181440.wikimidpoint.com/7447867/experience_the_richness_your_guide_to_ratnagiri_alphonso_mangoes,Experience the Richness: Your Guide to Ratnagiri Alphonso Mangoes,False,False
trustedrevie.ws,47.0,Alphonsomango.in Visit Website,https://alphonsomango.in/,https://trustedrevie.ws/reviews/alphonsomango.in,Alphonsomango.in Review: Legit or Scam? [2026 New Reviews],True,False
ztndz.com,47.0,https://alphonsomango.in/products/saffron-kesar,https://alphonsomango.in/products/saffron-kesar,https://ztndz.com/story29175377/savor-the-warmth-buy-genuine-ratnagiri-devgad-alphonso-fruits,Savor the Warmth : Buy Genuine Ratnagiri & Devgad Alphonso Fruits,False,False
raymondgijg57890.luwebs.com,47.0,Alphonso Mango,https://alphonsomango.in/,https://raymondgijg57890.luwebs.com/37761829/purchase-kesar-mango-on-the-internet-in-india-style-the-king-of-fruits-at-your-doorstep,Purchase Kesar Mango On the internet in India – Style the King of Fruits at Your Doorstep,False,False
johnnyqlzj14791.collectblogs.com,47.0,Alphonso Mango,https://alphonsomango.in/,https://johnnyqlzj14791.collectblogs.com/78412072/devgad-alphonso-mango-the-king-of-mangoes-from-maharashtra,Devgad Alphonso Mango The King of Mangoes from Maharashtra,False,False
prbookmarkingwebsites.com,47.0,https://alphonsomango.in/products/ratnagiri-alphonso-mango,https://alphonsomango.in/products/ratnagiri-alphonso-mango,https://prbookmarkingwebsites.com/story29207872/%E0%A4%A6-%E0%A4%B5%E0%A4%97%E0%A4%A1%E0%A4%9A-%E0%A4%86-%E0%A4%AC-%E0%A4%89%E0%A4%A4-%E0%A4%95-%E0%A4%B7-%E0%A4%9F-%E0%A4%A6-%E0%A4%B5%E0%A4%97%E0%A4%A1-%E0%A4%B9%E0%A4%AA-%E0%A4%B8-%E0%A4%B5-%E0%A4%B0%E0%A4%A4-%E0%A4%A8-%E0%A4%97-%E0%A4%B0-%E0%A4%85%E0%A4%B2-%E0%A4%AB-%E0%A4%A8-%E0%A4%B8-%E0%A4%98%E0%A4%B0-%E0%A4%91%E0%A4%B0-%E0%A4%A1%E0%A4%B0-%E0%A4%95%E0%A4%B0,देवगडचे आंबे : उत्कृष्ट देवगड हपुस व रत्नागिरी अल्फोन्सो घरी ऑर्डर करा,False,False
gorillasocialwork.com,46.0,https://alphonsomango.in/products/kesar-mango,https://alphonsomango.in/products/kesar-mango,https://gorillasocialwork.com/story27741012/taste-the-warmth-purchase-authentic-ratnagiri-devgad-mango-delights,Taste the Warmth : Purchase Authentic Ratnagiri & Devgad Mango Delights,False,False
edgarwtlx69356.webdesign96.com,46.0,Ratnagiri Hapus Mango,https://alphonsomango.in/products/ratnagiri-alphonso-mango,https://edgarwtlx69356.webdesign96.com/33958321/the-emperor-of-exotic-fruits-ratnagiri-alphonso-mango,The Emperor of Exotic Fruits Ratnagiri Alphonso Mango,False,False
johnathanjqqn87542.eedblog.com,46.0,Alphonso Mango,https://alphonsomango.in/,https://johnathanjqqn87542.eedblog.com/33559979/devgad-alphonso-mango-the-regal-mango-from-maharashtra-a-fruit-fit-for-royalty,Devgad Alphonso Mango The Regal Mango from Maharashtra A Fruit Fit for Royalty,False,False
bestqualityalphonsomango850.blogstival.com,46.0,Ratnagiri Alphonso Mango Order Online,https://alphonsomango.in/products/ratnagiri-alphonso-mango,https://bestqualityalphonsomango850.blogstival.com/55177414/ratnagiri-alphonso-mango-the-premium-mango-variety-you-must-try,Ratnagiri Alphonso Mango: The Premium Mango Variety You Must Try,False,False
reidmhsv97383.dsiblogger.com,46.0,Alphonso Mango,https://alphonsomango.in/,https://reidmhsv97383.dsiblogger.com/66446456/alphonso-mango-the-mango-empire-king-of-fruits-obtainable-on-the-web,Alphonso Mango: The Mango Empire King of Fruits Obtainable On the web,False,False
andreklfr49259.sharebyblog.com,46.0,Alphonso mango online order,https://alphonsomango.in/products/alphonso-mango-order-online,https://andreklfr49259.sharebyblog.com/33300848/alphonso-mango-the-mango-empire-king-of-fruits-obtainable-on-the-internet,Alphonso Mango: The Mango Empire King of Fruits Obtainable On the internet,False,False
dominickdxmv58034.blogprodesign.com,46.0,Buy alphonso mango,https://alphonsomango.in/products/alphonso-mango-order-online,https://dominickdxmv58034.blogprodesign.com/54862601/alphonso-mango-the-king-of-mangoes-now-obtainable-on-the-internet,Alphonso Mango: The King of Mangoes Now Obtainable On the internet,False,False
reidutrf25791.blogpixi.com,46.0,Alphonso Mango,https://alphonsomango.in/,https://reidutrf25791.blogpixi.com/33710987/alphonso-mango-the-king-of-mangoes-now-readily-available-on-line,Alphonso Mango: The King of Mangoes Now Readily available On-line,False,False
barjil.com,45.0,alphonsomango,https://alphonsomango.in/blogs/dry-fruits/dry-fruits-for-breastfeeding-moms,https://www.barjil.com/blog/breastfeeding-and-lifestyle,آشنایی با خوراکی‌هایی که شیر مادر را زیاد می‌کند | بارجیل,True,False
tijer.org,45.0,Alphonso Mango Products,https://alphonsomango.in/products/devgad-alphonso-mango,https://tijer.org/tijer/papers/TIJER2502052.pdf,Spatial Mapping of Alphonso Mango Orchards in Devgad and Their Suitability Analysis,False,False
socialrus.com,45.0,https://alphonsomango.in/products/alphonso-mango-order-online,https://alphonsomango.in/products/alphonso-mango-order-online,https://socialrus.com/story25427419/%E0%A4%A6-%E0%A4%B5%E0%A4%97%E0%A4%A1%E0%A4%9A-%E0%A4%86-%E0%A4%AC-%E0%A4%89%E0%A4%A4-%E0%A4%95-%E0%A4%B7-%E0%A4%9F-%E0%A4%A6-%E0%A4%B5%E0%A4%97%E0%A4%A1-%E0%A4%B9%E0%A4%AA-%E0%A4%B8-%E0%A4%B5-%E0%A4%B0%E0%A4%A4-%E0%A4%A8-%E0%A4%97-%E0%A4%B0-%E0%A4%85%E0%A4%B2-%E0%A4%AB-%E0%A4%A8-%E0%A4%B8-%E0%A4%98%E0%A4%B0-%E0%A4%AE-%E0%A4%97%E0%A4%A3-%E0%A4%95%E0%A4%B0,देवगडचे आंबे : उत्कृष्ट देवगड हपुस व रत्नागिरी अल्फोन्सो घरी मागणी करा,False,False
martinezzi92457.mybloglicious.com,45.0,Alphonso Mango,https://alphonsomango.in/,https://martinezzi92457.mybloglicious.com/53771926/the-emperor-of-exotic-fruits-ratnagiri-alphonso-mango,The Emperor of Exotic Fruits Ratnagiri Alphonso Mango,False,False
remingtongmxm37035.vblogetin.com,45.0,Devgad Mangoes,https://alphonsomango.in/products/devgad-alphonso-mango,https://remingtongmxm37035.vblogetin.com/39157723/devgad-alphonso-mango-maharashtra-s-golden-delight-the-supreme-mango,Devgad Alphonso Mango Maharashtra’s Golden Delight The Supreme Mango,False,False
jaredcatc81579.link4blogs.com,45.0,Alphonso Mango,https://alphonsomango.in/,https://jaredcatc81579.link4blogs.com/54813533/devgad-alphonso-mango-the-regal-mango-from-maharashtra-a-fruit-fit-for-royalty,Devgad Alphonso Mango The Regal Mango from Maharashtra A Fruit Fit for Royalty,False,False
brooksacbs73692.bloggactivo.com,45.0,Hapus Mango online,https://alphonsomango.in/products/alphonso-mango-order-online,https://brooksacbs73692.bloggactivo.com/32742460/alphonso-mango-the-king-of-mangoes-now-accessible-online,Alphonso Mango: The King of Mangoes Now Accessible Online,False,False
finnoogs60480.ja-blog.com,44.0,Alphonso Mango,https://alphonsomango.in/,https://finnoogs60480.ja-blog.com/33537735/devgad-alphonso-mango-the-royal-mango-of-maharashtra-a-taste-of-excellence,Devgad Alphonso Mango The Royal Mango of Maharashtra A Taste of Excellence,False,False
remingtonbwlt59124.spintheblog.com,44.0,Buy alphonso mango,https://alphonsomango.in/products/alphonso-mango-order-online,https://remingtonbwlt59124.spintheblog.com/33844345/alphonso-mango-the-ultimate-mango-king-readily-available-on-the-web,Alphonso Mango: The Ultimate Mango King Readily available On the web,False,False
lorenzofdue94791.blogscribble.com,44.0,Alphonso Mango,https://alphonsomango.in/,https://lorenzofdue94791.blogscribble.com/33535952/alphonso-mango-the-reigning-king-of-mangoes-accessible-on-the-internet,Alphonso Mango: The Reigning King of Mangoes Accessible On the internet,False,False
simonhial15802.creacionblog.com,44.0,Hapus Mango online,https://alphonsomango.in/products/alphonso-mango-order-online,https://simonhial15802.creacionblog.com/33282320/alphonso-mango-the-reigning-king-of-mangoes-readily-available-on-the-web,Alphonso Mango: The Reigning King of Mangoes Readily available On the web,False,False
brooksbyre88503.madmouseblog.com,44.0,Alphonso Mango,https://alphonsomango.in/,https://brooksbyre88503.madmouseblog.com/13941186/devgad-alphonso-mango-maharashtra-s-golden-delight-the-supreme-mango,Devgad Alphonso Mango Maharashtra’s Golden Delight The Supreme Mango,False,False
coffeesix-store.com,44.0,Devgad Alphonso Mango,https://alphonsomango.in/,https://www.coffeesix-store.com/board/board_topic/7560063/6131217.htm?page=1,Use American Football Offside Rule in Betting,False,False
alexisbtis37913.like-blogs.com,44.0,Alphonso Mango,https://alphonsomango.in/,https://alexisbtis37913.like-blogs.com/33260581/the-emperor-of-exotic-fruits-ratnagiri-alphonso-mango,The Emperor of Exotic Fruits Ratnagiri Alphonso Mango,False,False
alphonsomangowholesaleprice193.jaiblogs.com,44.0,Alphonso Mango Order Online,https://alphonsomango.in/products/alphonso-mango-order-online,https://alphonsomangowholesaleprice193.jaiblogs.com/60262498/order-alphonso-mango-online-the-sweetest-treat-you-can-enjoy-at-home,Order Alphonso Mango Online: The Sweetest Treat You Can Enjoy at Home!,False,False
andrelixe80235.blogsumer.com,44.0,Alphonso Mango,https://alphonsomango.in/,https://andrelixe80235.blogsumer.com/32697724/devgad-alphonso-mango-maharashtra-s-golden-delight-the-supreme-mango,Devgad Alphonso Mango Maharashtra’s Golden Delight The Supreme Mango,False,False
thedailybeat.in,44.0,Book Your Malawi Mango Now,https://alphonsomango.in/products/malawi-mango,http://www.thedailybeat.in/malawi-mangoes-a-taste-of-sunshine-from-the-warm-heart-of-africa-now-in-india-2279,"Malawi Mangoes: A Taste of Sunshine from the Warm Heart of Africa Now in India - The Daily Beat | Latest News India, Punjab, World | Crime News | Political News | Entertainment News",False,False
funadvice.com,44.0,ऑनलाइन खरीदी,https://alphonsomango.in/products/buy-salted-pista-online,https://www.funadvice.com/alphonsoa,Alphonsomango.in @ Funadvice,False,False
elliotdarb79146.targetblogs.com,44.0,Alphonso Mango,https://alphonsomango.in/,https://elliotdarb79146.targetblogs.com/33936457/alphonso-mango-the-ultimate-mango-king-obtainable-on-the-web,Alphonso Mango: The Ultimate Mango King Obtainable On the web,False,False
sukhis.com,43.0,national fruit of India,https://alphonsomango.in/blogs/faq/mango-is-our-national-fruit,https://sukhis.com/the-king-of-fruit-13-mouthwatering-mango-varieties/,The King Of Fruit: 13 Mouthwatering Mango Varieties - Sukhi's,False,False
brookscbuf92680.blogitright.com,43.0,Alphonso Mango,https://alphonsomango.in/,https://brookscbuf92680.blogitright.com/33580053/alphonso-mango-the-mango-empire-king-of-fruits-accessible-on-line,Alphonso Mango: The Mango Empire King of Fruits Accessible On-line,False,False
trevornmcm16924.designi1.com,43.0,Alphonso Mango,https://alphonsomango.in/,https://trevornmcm16924.designi1.com/54640337/devgad-alphonso-mango-the-royal-mango-of-maharashtra-a-taste-of-excellence,Devgad Alphonso Mango The Royal Mango of Maharashtra A Taste of Excellence,False,False
elliotwvoy70359.blogoxo.com,43.0,Hapus Mango online,https://alphonsomango.in/products/alphonso-mango-order-online,https://elliotwvoy70359.blogoxo.com/33612538/alphonso-mango-the-king-of-mangoes-now-offered-online,Alphonso Mango: The King of Mangoes Now Offered Online,False,False
sellon.ai,43.0,🇮🇳 Buy Alphonso Mangoes Online | Hapus Mango – AlphonsoMango.in,https://alphonsomango.in/,https://sellon.ai/shopify/alphonsomango.in,alphonsomango.in - In-Depth Analysis Report | SellOn.AI Professional Insights,False,False
edwinscil27261.verybigblog.com,43.0,Devgad Hapus mango,https://alphonsomango.in/products/devgad-alphonso-mango,https://edwinscil27261.verybigblog.com/32700660/devgad-alphonso-mango-the-majestic-mango-of-maharashtra-a-true-delight,Devgad Alphonso Mango The Majestic Mango of Maharashtra A True Delight,False,False
edwinxvpd93703.weblogco.com,43.0,Hapus Mango online,https://alphonsomango.in/products/alphonso-mango-order-online,https://edwinxvpd93703.weblogco.com/33572891/alphonso-mango-the-king-of-mangoes-now-offered-on-line,Alphonso Mango: The King of Mangoes Now Offered On line,False,False
lanemhzi03680.blogchaat.com,43.0,Alphonso Mango,https://alphonsomango.in/,https://lanemhzi03680.blogchaat.com/33526155/devgad-alphonso-mango-the-king-of-mangoes-from-maharashtra,Devgad Alphonso Mango The King of Mangoes from Maharashtra,False,False
cashyebo59240.bloggip.com,43.0,Alphonso Mango,https://alphonsomango.in/,https://cashyebo59240.bloggip.com/33515199/alphonso-mango-the-king-of-mangoes-now-obtainable-on-the-internet,Alphonso Mango: The King of Mangoes Now Obtainable On the internet,False,False
rafaelgfxg04680.theisblog.com,43.0,Alphonso Mango,https://alphonsomango.in/,https://rafaelgfxg04680.theisblog.com/33674431/the-emperor-of-exotic-fruits-ratnagiri-alphonso-mango,The Emperor of Exotic Fruits Ratnagiri Alphonso Mango,False,False
emailsherlock.com,43.0,alphonsomango.in ↗,https://alphonsomango.in/,https://www.emailsherlock.com/hosts/alphonsomango.in/,Is alphonsomango.in Legit? Email Trust Check | EmailSherlock,True,False
andreniyh92568.blog-eye.com,43.0,Alphonso Mango,https://alphonsomango.in/,https://andreniyh92568.blog-eye.com/33587750/the-emperor-of-exotic-fruits-ratnagiri-alphonso-mango,The Emperor of Exotic Fruits Ratnagiri Alphonso Mango,False,False
gunnereauk15803.anchor-blog.com,43.0,Ratnagiri mango,https://alphonsomango.in/products/ratnagiri-alphonso-mango,https://gunnereauk15803.anchor-blog.com/13765876/the-emperor-of-exotic-fruits-ratnagiri-alphonso-mango,The Emperor of Exotic Fruits Ratnagiri Alphonso Mango,False,False
garrettzzaz93680.blogdanica.com,43.0,Alphonso mango Online,https://alphonsomango.in/products/alphonso-mango-order-online,https://garrettzzaz93680.blogdanica.com/33409235/alphonso-mango-the-mango-empire-king-of-fruits-available-online,Alphonso Mango: The Mango Empire King of Fruits Available Online,False,False
charlieopiw71469.blogdemls.com,43.0,Devgad Hapus Mangoes,https://alphonsomango.in/products/devgad-alphonso-mango,https://charlieopiw71469.blogdemls.com/33326328/devgad-alphonso-mango-the-king-of-mangoes-from-maharashtra,Devgad Alphonso Mango The King of Mangoes from Maharashtra,False,False
jasperproe43208.ourcodeblog.com,43.0,original devgad alphonso mango,https://alphonsomango.in/products/devgad-alphonso-mango,https://jasperproe43208.ourcodeblog.com/36514074/acquire-authentic-devgad-alphonso-mango-on-line-flavor-the-most-beneficial,Acquire Authentic Devgad Alphonso Mango On line – Flavor the most beneficial,False,False
indiabusinesstrade.in,43.0,extensively in the Konkan,https://alphonsomango.in/blogs/buy/alphonso-mango-gi-tag,https://www.indiabusinesstrade.in/alphonso-mango-indias-tropical-treasure/,Alphonso mango: India’s tropical treasure – India Business Trade,False,False
waylondarc92468.blogunok.com,43.0,Ratnagiri mango,https://alphonsomango.in/products/ratnagiri-alphonso-mango,https://waylondarc92468.blogunok.com/33651222/the-emperor-of-exotic-fruits-ratnagiri-alphonso-mango,The Emperor of Exotic Fruits Ratnagiri Alphonso Mango,False,False
dearcreatives.com,43.0,source,https://alphonsomango.in/blogs/recipe/mango-salsa,https://www.dearcreatives.com/pineapple-mango-salsa-recipe/,Pineapple Mango Salsa Recipe Dear Creatives,True,False
jaidenrmep35801.answerblogs.com,43.0,Ratnagiri mango,https://alphonsomango.in/products/ratnagiri-alphonso-mango,https://jaidenrmep35801.answerblogs.com/33671632/the-ultimate-fruit-royalty-ratnagiri-alphonso-mango,The Ultimate Fruit Royalty Ratnagiri Alphonso Mango,False,False
hectorihwd71346.tkzblog.com,42.0,Ratnagiri Hapus Mango,https://alphonsomango.in/products/ratnagiri-alphonso-mango,https://hectorihwd71346.tkzblog.com/33266980/the-ultimate-fruit-royalty-ratnagiri-alphonso-mango,The Ultimate Fruit Royalty Ratnagiri Alphonso Mango,False,False
ribenmuzi.com,42.0,cashew salted,https://alphonsomango.in/products/salted-cashew-nuts,https://ribenmuzi.com/oh-nuts-nut-and-peanut-allergies/,"Oh, Nuts! Nut and Peanut Allergies – Riben Muzi",False,False
directory-fast.com,42.0,https://alphonsomango.in/,https://alphonsomango.in/,https://directory-fast.com/listings1946129/enjoy-the-richness-your-handbook-to-buying-ratnagiri-golden-mangoes-digitally,Enjoy the Richness: Your Handbook to Buying Ratnagiri Golden Mangoes Digitally,False,False
connectgalaxy.com,42.0,https://alphonsomango.in/products/buy-salted-pista,https://alphonsomango.in/products/buy-salted-pista,https://connectgalaxy.com/alphonsomango?mode=night,alphonsomango | ConnectGalaxy,True,False
bulkalphonsomangoorder395.blogaritma.com,42.0,buy Ratnagiri Alphonso Mangoes online,https://alphonsomango.in/products/ratnagiri-alphonso-mango,https://bulkalphonsomangoorder395.blogaritma.com/31586492/discover-the-sweetness-of-ratnagiri-alphonso-mango,Discover the Sweetness of Ratnagiri Alphonso Mango,False,False
lukasovoa93579.blogdomago.com,42.0,Alphonso Mango,https://alphonsomango.in/,https://lukasovoa93579.blogdomago.com/32390074/alphonso-mango-the-mango-empire-king-of-fruits-accessible-on-the-net,Alphonso Mango: The Mango Empire King of Fruits Accessible On the net,False,False
beckettbyrd04925.digitollblog.com,42.0,Alphonso mango Online,https://alphonsomango.in/products/alphonso-mango-order-online,https://beckettbyrd04925.digitollblog.com/33268740/alphonso-mango-the-king-of-mangoes-now-readily-available-on-the-net,Alphonso Mango: The King of Mangoes Now Readily available On the net,False,False
farmfreshalphonsomango024.blogsvirals.com,42.0,Alphonso Mango Order Online,https://alphonsomango.in/products/alphonso-mango-order-online,https://farmfreshalphonsomango024.blogsvirals.com/32424010/experience-the-rich-flavor-of-devgad-hapus-mango,Experience the Rich Flavor of Devgad Hapus Mango,False,False
lebrands.space,42.0,Shop Direct on Official Website →,https://alphonsomango.in/,https://lebrands.space/shop/alphonsomango-in,Alphonsomango.in - Official Digital Shop | LeBrands.Space,False,False
damienkgyi03690.vidublog.com,41.0,Alphonso Mango,https://alphonsomango.in/,https://damienkgyi03690.vidublog.com/32510337/the-emperor-of-exotic-fruits-ratnagiri-alphonso-mango,The Emperor of Exotic Fruits Ratnagiri Alphonso Mango,False,False
vhs80.com,41.0,ajwa dates online,https://alphonsomango.in/products/ajwa-dates-ajwa-khajoor,https://www.vhs80.com/board/board_topic/6798823/5929658.htm,Pikashow Apk -- Download 2023 App | Official Websi,False,False
long-haired-german-shephe56554.wikinarration.com,41.0,Devgad Alphonso mango,https://alphonsomango.in/,https://long-haired-german-shephe56554.wikinarration.com/6721016/alphonso_mango_the_king_of_mangoes_and_its_irresistible_taste,Alphonso Mango – The King of Mangoes and Its Irresistible Taste,False,False
bookmarkbirth.com,41.0,https://alphonsomango.in/products/alphonso-mango-order-online,https://alphonsomango.in/products/alphonso-mango-order-online,https://bookmarkbirth.com/story19100668/order-alphonso-mango-online-buy-premium-hapus-mangoes,Order Alphonso Mango Online – Buy Premium Hapus Mangoes,False,False
hapusmangopriceguide792604.wikitelevisions.com,41.0,Ratnagiri Alphonso Mangoes,https://alphonsomango.in/,https://hapusmangopriceguide792604.wikitelevisions.com/9769572/experience_the_richness_your_guide_to_konkan_golden_mangoes,Experience the Richness: Your Guide to Konkan Golden Mangoes,False,False
johnathanjkcp37924.popup-blog.com,41.0,Alphonso Mango,https://alphonsomango.in/,https://johnathanjkcp37924.popup-blog.com/32576466/devgad-alphonso-mango-maharashtra-s-golden-delight-the-supreme-mango,Devgad Alphonso Mango Maharashtra’s Golden Delight The Supreme Mango,False,False
sergioigwh03791.blog2freedom.com,41.0,Devgad Mangoes,https://alphonsomango.in/products/devgad-alphonso-mango,https://sergioigwh03791.blog2freedom.com/33461659/devgad-alphonso-mango-maharashtra-s-mango-monarch-the-king-of-fruits,Devgad Alphonso Mango Maharashtra’s Mango Monarch The King of Fruits,False,False
caidenuqjx61368.blogars.com,40.0,Devgad Alphonso Mango,https://alphonsomango.in/products/devgad-alphonso-mango,https://caidenuqjx61368.blogars.com/32386530/devgad-alphonso-mango-maharashtra-s-golden-delight-the-supreme-mango,Devgad Alphonso Mango Maharashtra’s Golden Delight The Supreme Mango,False,False
poidata.io,40.0,alphonsomango.in,https://alphonsomango.in/,https://poidata.io/report/fruit-wholesaler/india,How many Fruit wholesalers are there in India in 2026,True,False
charliemhbun.hamachiwiki.com,40.0,alphonso,https://alphonsomango.in/,https://charliemhbun.hamachiwiki.com/1367114/alphonso_mango_the_king_of_mangoes_and_its_irresistible_taste,Alphonso Mango – The King of Mangoes and Its Irresistible Taste,False,False
escortservice-schweiz22121.wikienlightenment.com,40.0,hapus mango price,https://alphonsomango.in/,https://escortservice-schweiz22121.wikienlightenment.com/7601261/alphonso_mango_the_king_of_mangoes_and_its_irresistible_taste,Alphonso Mango – The King of Mangoes and Its Irresistible Taste,False,False
how-much-money-do-you-nee11100.mywikiparty.com,39.0,alphonso mango price,https://alphonsomango.in/,https://how-much-money-do-you-nee11100.mywikiparty.com/1366987/alphonso_mango_the_king_of_mangoes_and_its_irresistible_taste,Alphonso Mango – The King of Mangoes and Its Irresistible Taste,False,False
laneqqihd.law-wiki.com,39.0,mango ahmedabad,https://alphonsomango.in/,https://laneqqihd.law-wiki.com/1363445/alphonso_mango_the_king_of_mangoes_and_its_irresistible_taste,Alphonso Mango – The King of Mangoes and Its Irresistible Taste,False,False
alcohol-license-nyc33332.westexwiki.com,39.0,mango near me,https://alphonsomango.in/,https://alcohol-license-nyc33332.westexwiki.com/1350824/alphonso_mango_the_king_of_mangoes_and_its_irresistible_taste,Alphonso Mango – The King of Mangoes and Its Irresistible Taste,False,False
messenger-works-even-with12589.hazeronwiki.com,38.0,hapus mango price,https://alphonsomango.in/,https://messenger-works-even-with12589.hazeronwiki.com/7687637/alphonso_mango_the_king_of_mangoes_and_its_irresistible_taste,Alphonso Mango – The King of Mangoes and Its Irresistible Taste,False,False
aontasnascribhneoiri.ie,38.0,Return to Directory,https://alphonsomango.in/products/salted-cashew-nuts,https://www.aontasnascribhneoiri.ie/en-GB/eolaire/scribhneoiri/599/sean-mag-uidhir/?returnUrl=https://alphonsomango.in/products/salted-cashew-nuts,Seán Mag Uidhir | Directory of Irish-language Writers,False,False
sexiaohai888.com,38.0,saffron buy online,https://alphonsomango.in/products/saffron-kesar,https://sexiaohai888.com/natural-treatments-for-gout-they-never-told-you/,Natural Treatments For Gout They Never Told You! – Sexia Ohai888,False,False
xaytoam.vn,38.0,"Alphonso Mango Pulp Tin: Pure, Premium, Delicious",https://alphonsomango.in/cdn/shop/files/buy_Hapus_mango_pulp_Online.jpg?v=1734856467&width=1214,https://xaytoam.vn/?y=579429591038,"Final Sale Alphonso Mango Pulp Tin: Pure, Premium, Delicious Discount",False,False
gvtci.com,38.0,Mangos,https://alphonsomango.in/,https://gvtci.com/service-plans-grand-valley-telecom-high-speed-internet-service/,"Service Plans - Grand Valley Telecommunications, Inc",True,True
datadragon.com,38.0,alphonso mango gurgaon,https://alphonsomango.in/,https://datadragon.com/cgi-bin/pmessage.pl?action=read&fid=hist&mid=17668,DataDragon.com: Forums: Music History: Mangoes,False,False
mixbookmark.com,38.0,https://alphonsomango.in/products/alphonso-mango-order-online,https://alphonsomango.in/products/alphonso-mango-order-online,https://mixbookmark.com/story4603112/buy-alphonso-mango-online-best-quality-hapus-mango-at-your-doorstep,Buy Alphonso Mango Online – Best Quality Hapus Mango at Your Doorstep,False,False
sng010.com,38.0,Kashmiri Kesar,https://alphonsomango.in/products/saffron-kesar,https://sng010.com/the-colour-of-food-for-each-sign/,The Colour of Food For Each Sign – Sng010,False,False
myaspenridge.com,37.0,ajwa dates price,https://alphonsomango.in/products/ajwa-dates-ajwa-khajoor,https://www.myaspenridge.com/board/board_topic/3180173/2471209.htm?page=8,The history of Cartier Replica Watches,False,False
thcjd-vape38923.wiki-racconti.com,37.0,hapus mango price,https://alphonsomango.in/,https://thcjd-vape38923.wiki-racconti.com/8070174/alphonso_mango_the_king_of_mangoes_and_its_irresistible_taste,Alphonso Mango – The King of Mangoes and Its Irresistible Taste,False,False
e-bookmarks.com,36.0,https://alphonsomango.in/products/devgad-alphonso-mango,https://alphonsomango.in/products/devgad-alphonso-mango,https://e-bookmarks.com/story4673884/the-ultimate-guide-to-buying-alphonso-mangoes-online,The Ultimate Guide to Buying Alphonso Mangoes Online,False,False
en.chped.com,36.0,Aamras recipe,https://alphonsomango.in/blogs/mango-recipe/aamras-recipe,https://en.chped.com/wiki/Maharashtrian_cuisine,Maharashtrian cuisine - Wikipedia,True,False
idealpoker88.com,36.0,Saffron,https://alphonsomango.in/products/saffron-kesar,https://idealpoker88.com/page/19/,Ideal Poker88 – Page 19,False,False
technofizi.net,36.0,alphonsomango.in,http://alphonsomango.in/,https://technofizi.net/sitelike/alphonsomango.in,Sites like Alphonsomango.in & Alternative - Similar Sites,True,False
sourcifychina.com,36.0,alphonsomango.in,https://alphonsomango.in/,https://www.sourcifychina.com/hapus-mango-price/,Hapus Mango Prices: Your Complete Guide to Ratnagiri Alphonso Costs,False,False
lacrym.com,36.0,Cashew Nuts,https://alphonsomango.in/products/salted-cashew-nuts,https://lacrym.com/why-nuts-are-so-healthy-for-midlife-women/,Why Nuts Are So Healthy For Midlife Women – Lacrym,False,False
ceboid.com,36.0,Khara Kaju,https://alphonsomango.in/products/salted-cashew-nuts,https://www.ceboid.com/author/localdomains/page/12/,Henry – Page 12 – Ceboid,False,False
bookmarks-hit.com,36.0,https://alphonsomango.in/products/alphonso-mango-order-online,https://alphonsomango.in/products/alphonso-mango-order-online,https://bookmarks-hit.com/story26381412/savor-summer-get-genuine-ratnagiri-devgad-fruit-mango-online,Savor Summer: Get Genuine Ratnagiri & Devgad Fruit Mango Online,False,False
mylittlebookmark.com,36.0,https://alphonsomango.in/products/alphonso-mango-order-online,https://alphonsomango.in/products/alphonso-mango-order-online,https://mylittlebookmark.com/story4683352/buy-alphonso-mango-online-best-quality-hapus-mango-at-your-doorstep,Buy Alphonso Mango Online – Best Quality Hapus Mango at Your Doorstep,False,False
naigie.com,36.0,Salted cashew,https://alphonsomango.in/products/salted-cashew-nuts,https://naigie.com/page/24/,Naigie – Page 24,False,False
dailyprabhat.com,36.0,Order Your Alphonso Mango Online Direct to your Home,https://alphonsomango.in/,https://www.dailyprabhat.com/summer-delights-delivered-experience-ratnagiri-and-devgad-alphonso-mangoes-at-your-doorstep/,Summer Delights Delivered: Experience Ratnagiri and Devgad Alphonso Mangoes at Your Doorstep – Daily PRABHAT,False,False
classdirectory.homedirectory.biz,35.0,Khajoor,https://alphonsomango.in/products/medjool-dates-medjoul-khajoor,http://classdirectory.homedirectory.biz/shopping/telecommunications/arts_humanities/censorship/health/nutrition/,Class Directory.org - Health > Nutrition,False,False
bookmark4you.com,35.0,Alphonso Mango Online Delhi,https://alphonsomango.in/blogs/mango-delhi/alphonso-mango-in-delhi,https://www.bookmark4you.com/tag/alphonso-mangoes,Alphonso Mangoes Websites,True,False
bookmarkalexa.com,35.0,https://alphonsomango.in/products/alphonso-mango-order-online,https://alphonsomango.in/products/alphonso-mango-order-online,https://bookmarkalexa.com/story4589181/buy-alphonso-mango-online-best-quality-hapus-mango-at-your-doorstep,Buy Alphonso Mango Online – Best Quality Hapus Mango at Your Doorstep,False,False
bookmarkity.com,35.0,https://alphonsomango.in/products/ratnagiri-alphonso-mango,https://alphonsomango.in/products/ratnagiri-alphonso-mango,https://bookmarkity.com/story19135389/buy-premium-ratnagiri-alphonso-mango-fresh-ratnagiri-hapus-mangoes-online,Buy Premium Ratnagiri Alphonso Mango – Fresh Ratnagiri Hapus Mangoes Online,False,False
bookmark-group.com,35.0,https://alphonsomango.in/products/alphonso-mango-order-online,https://alphonsomango.in/products/alphonso-mango-order-online,https://bookmark-group.com/story4642773/buy-alphonso-mango-online-best-quality-hapus-mango-at-your-doorstep,Buy Alphonso Mango Online – Best Quality Hapus Mango at Your Doorstep,False,False
jd9503.com,35.0,cashew salted,https://alphonsomango.in/products/salted-cashew-nuts,https://jd9503.com/page/9/,Jd9503 – Page 9,False,False
wikipedia.nucleos.com,35.0,Aamras recipe,https://alphonsomango.in/blogs/recipe/aamras-recipe,https://wikipedia.nucleos.com/viewer/wikipedia_en_all/A/Maharashtrian_cuisine,Maharashtrian cuisine,False,False
bonusboxcasino.com,35.0,saffron buy online,https://alphonsomango.in/products/saffron-kesar,https://bonusboxcasino.com/category/business/,Business – Bonus Box Casino,False,False
socialwebleads.com,35.0,https://alphonsomango.in/products/ratnagiri-alphonso-mango,https://alphonsomango.in/products/ratnagiri-alphonso-mango,https://socialwebleads.com/story4508419/taste-the-best-ratnagiri-alphonso-mangoes-sweet-juicy-and-fresh-ratnagiri-mangoes,"Taste the Best Ratnagiri Alphonso Mangoes – Sweet, Juicy, and Fresh Ratnagiri Mangoes",False,False
highkeysocial.com,34.0,https://alphonsomango.in/products/devgad-alphonso-mango,https://alphonsomango.in/products/devgad-alphonso-mango,https://highkeysocial.com/story4552687/buy-devgad-alphonso-mangoes-sweet-and-juicy-devgad-hapus-mangoes-online,Buy Devgad Alphonso Mangoes – Sweet and Juicy Devgad Hapus Mangoes Online,False,False
bookmarkwuzz.com,34.0,https://alphonsomango.in/products/devgad-alphonso-mango,https://alphonsomango.in/products/devgad-alphonso-mango,https://bookmarkwuzz.com/story19046856/buy-devgad-alphonso-mango-premium-hapus-mangoes-from-devgad-maharashtra,"Buy Devgad Alphonso Mango – Premium Hapus Mangoes from Devgad, Maharashtra",False,False
bookmarksoflife.com,34.0,https://alphonsomango.in/products/ratnagiri-alphonso-mango,https://alphonsomango.in/products/ratnagiri-alphonso-mango,https://bookmarksoflife.com/story4650221/buy-premium-ratnagiri-alphonso-mangoes-the-best-hapus-mangoes-from-ratnagiri,Buy Premium Ratnagiri Alphonso Mangoes – The Best Hapus Mangoes from Ratnagiri,False,False
similars.net,34.0,Visit site →,https://alphonsomango.in/,https://similars.net/alternatives-to/chittoormangoes.com,37 Similar Sites Like Chittoormangoes.com,True,False
classdirectory.org,34.0,Khajoor,https://alphonsomango.in/products/medjool-dates-medjoul-khajoor,https://www.classdirectory.org/education/statistics/science_and_technology/health/nutrition/,Class Directory.org - Health > Nutrition,False,False
your-directory.com,34.0,https://alphonsomango.in/,https://alphonsomango.in/,https://your-directory.com/listings14449930/taste-the-sunshine-order-real-ratnagiri-and-devgad-fruit-varieties-digitally,Taste the Sunshine : Order Real Ratnagiri and Devgad Fruit Varieties Digitally,False,False
express-page.com,34.0,https://alphonsomango.in/products/devgad-alphonso-mango,https://alphonsomango.in/products/devgad-alphonso-mango,https://express-page.com/story4434188/buy-devgad-alphonso-mangoes-sweet-and-juicy-devgad-hapus-mangoes-online,Buy Devgad Alphonso Mangoes – Sweet and Juicy Devgad Hapus Mangoes Online,False,False
bookmark-media.com,34.0,https://alphonsomango.in/products/ratnagiri-alphonso-mango,https://alphonsomango.in/products/ratnagiri-alphonso-mango,https://bookmark-media.com/story19142343/buy-premium-ratnagiri-alphonso-mango-fresh-ratnagiri-hapus-mangoes-online,Buy Premium Ratnagiri Alphonso Mango – Fresh Ratnagiri Hapus Mangoes Online,False,False
businesspress.in,34.0,Book Your Malawi Mango Now,https://alphonsomango.in/products/malawi-mango,http://businesspress.in/malawi-mangoes-heart-of-africa-now-in-india/,"Malawi Mangoes: A Taste of Sunshine from the Warm Heart of Africa Now in India - BusinessPress, Indias Most Loved Business News Portal",False,False
kbookmarking.com,34.0,https://alphonsomango.in/products/ratnagiri-alphonso-mango,https://alphonsomango.in/products/ratnagiri-alphonso-mango,https://kbookmarking.com/story19038724/buy-ratnagiri-alphonso-mango-premium-hapus-mangoes-from-ratnagiri-maharashtra,"Buy Ratnagiri Alphonso Mango – Premium Hapus Mangoes from Ratnagiri, Maharashtra",False,False
mysocialguides.com,34.0,https://alphonsomango.in/products/ratnagiri-alphonso-mango,https://alphonsomango.in/products/ratnagiri-alphonso-mango,https://mysocialguides.com/story4470795/taste-the-best-ratnagiri-alphonso-mangoes-sweet-juicy-and-fresh-ratnagiri-mangoes,"Taste the Best Ratnagiri Alphonso Mangoes – Sweet, Juicy, and Fresh Ratnagiri Mangoes",False,False
thedainikbharat.com,34.0,Devgad Alphonso Mango,https://alphonsomango.in/products/devgad-alphonso-mango,https://thedainikbharat.com/malawi-mangoes-a-taste-of-sunshine-from-the-warm-heart-of-africa-now-in-india/,Malawi Mangoes: A Taste of Sunshine from the Warm Heart of Africa Now in India – Dainik Bharat,True,False
fordhampoliticalreview.org,34.0,Mango,https://alphonsomango.in/blogs/health-benefits/mango,https://fordhampoliticalreview.org/banner/,banner – FORDHAM POLITICAL REVIEW,True,True
indianstartupmap.com,33.0,Visit alphonsomango.in,https://alphonsomango.in/,https://indianstartupmap.com/company/powle-home-foods,"Powle Home Foods · Mumbai, Agriculture",True,False
yaari.co.in,33.0,"TELEGRAM @SEO_LINKK_ORDER – SEO BACKLINKS, HOMEPAGE LINKS, CROSSLINKS",https://alphonsomango.in/blogs/raisins/kismis?srsltid=AfmBOoojU2T0I1u_dtRDWTiF1bgumXxhITmuk7WK9vlZVF91j8SK_Bqu,https://yaari.co.in/telegram-seo-linkk-order-seo-backlinks-homepage-4-2/,"TELEGRAM @SEO_LINKK_ORDER – SEO BACKLINKS, HOMEPAGE LINKS, CROSSLINKS – Yaari Adda",True,False
bookmarkingace.com,33.0,https://alphonsomango.in/products/devgad-alphonso-mango,https://alphonsomango.in/products/devgad-alphonso-mango,https://bookmarkingace.com/story19051078/buy-devgad-alphonso-mango-taste-the-excellence-of-devgad-hapus-mangoes,Buy Devgad Alphonso Mango – Taste the Excellence of Devgad Hapus Mangoes,False,False
ottawainnercityministries.ca,33.0,ajwa dates online,https://alphonsomango.in/products/ajwa-dates-ajwa-khajoor,https://www.ottawainnercityministries.ca/post/who-s-in-your-love-army,Who’s in your “Love Army”?,False,False
worldsocialindex.com,33.0,https://alphonsomango.in/products/devgad-alphonso-mango,https://alphonsomango.in/products/devgad-alphonso-mango,https://worldsocialindex.com/story4149918/devgad-alphonso-mangoes-the-best-devgad-hapus-mangoes-from-maharashtra,Devgad Alphonso Mangoes – The Best Devgad Hapus Mangoes from Maharashtra,False,False
thefairlist.com,33.0,https://alphonsomango.in/,https://alphonsomango.in/,https://thefairlist.com/story9324808/alphonso-mango-the-king-of-mangoes-and-its-irresistible-taste,Alphonso Mango – The King of Mangoes and Its Irresistible Taste,False,False
bookmarkbells.com,33.0,https://alphonsomango.in/products/ratnagiri-alphonso-mango,https://alphonsomango.in/products/ratnagiri-alphonso-mango,https://bookmarkbells.com/story19107684/buy-ratnagiri-alphonso-mango-experience-the-rich-flavor-of-ratnagiri-hapus-mangoes,Buy Ratnagiri Alphonso Mango – Experience the Rich Flavor of Ratnagiri Hapus Mangoes,False,False
bookmarkforce.com,33.0,https://alphonsomango.in/products/alphonso-mango-order-online,https://alphonsomango.in/products/alphonso-mango-order-online,https://bookmarkforce.com/story19144323/buy-alphonso-mango-online-premium-hapus-mangoes-delivered-to-your-door,Buy Alphonso Mango Online – Premium Hapus Mangoes Delivered to Your Door,False,False
social40.com,33.0,https://alphonsomango.in/products/devgad-alphonso-mango,https://alphonsomango.in/products/devgad-alphonso-mango,https://social40.com/story4516466/buy-devgad-alphonso-mangoes-sweet-and-juicy-devgad-hapus-mangoes-online,Buy Devgad Alphonso Mangoes – Sweet and Juicy Devgad Hapus Mangoes Online,False,False
onelifesocial.com,33.0,https://alphonsomango.in/products/devgad-alphonso-mango,https://alphonsomango.in/products/devgad-alphonso-mango,https://onelifesocial.com/story4407813/buy-devgad-alphonso-mangoes-sweet-and-juicy-devgad-hapus-mangoes-online,Buy Devgad Alphonso Mangoes – Sweet and Juicy Devgad Hapus Mangoes Online,False,False
advicebookmarks.com,33.0,https://alphonsomango.in/products/alphonso-mango-order-online,https://alphonsomango.in/products/alphonso-mango-order-online,https://advicebookmarks.com/story26656567/order-alphonso-mango-online-the-king-of-mangoes,Order Alphonso Mango Online - The King of Mangoes,False,False
livebookmarking.com,33.0,https://alphonsomango.in/products/ratnagiri-alphonso-mango,https://alphonsomango.in/products/ratnagiri-alphonso-mango,https://livebookmarking.com/story19035497/discover-the-best-of-ratnagiri-alphonso-mango-a-taste-of-excellence,Discover the Best of Ratnagiri Alphonso Mango – A Taste of Excellence,False,False
isocialfans.com,33.0,https://alphonsomango.in/products/devgad-alphonso-mango,https://alphonsomango.in/products/devgad-alphonso-mango,https://isocialfans.com/story4537154/buy-devgad-alphonso-mangoes-sweet-and-juicy-devgad-hapus-mangoes-online,Buy Devgad Alphonso Mangoes – Sweet and Juicy Devgad Hapus Mangoes Online,False,False
thekiwisocial.com,33.0,https://alphonsomango.in/products/devgad-alphonso-mango,https://alphonsomango.in/products/devgad-alphonso-mango,https://thekiwisocial.com/story4521263/buy-devgad-alphonso-mangoes-sweet-and-juicy-devgad-hapus-mangoes-online,Buy Devgad Alphonso Mangoes – Sweet and Juicy Devgad Hapus Mangoes Online,False,False
socialbaskets.com,33.0,https://alphonsomango.in/products/devgad-alphonso-mango,https://alphonsomango.in/products/devgad-alphonso-mango,https://socialbaskets.com/story4629148/buy-devgad-alphonso-mangoes-sweet-and-juicy-devgad-hapus-mangoes-online,Buy Devgad Alphonso Mangoes – Sweet and Juicy Devgad Hapus Mangoes Online,False,False
bookmarkick.com,33.0,https://alphonsomango.in/products/devgad-alphonso-mango,https://alphonsomango.in/products/devgad-alphonso-mango,https://bookmarkick.com/story19091514/buy-devgad-alphonso-mango-premium-hapus-mangoes-from-devgad-maharashtra,"Buy Devgad Alphonso Mango – Premium Hapus Mangoes from Devgad, Maharashtra",False,False
socialupme.com,33.0,https://alphonsomango.in/products/devgad-alphonso-mango,https://alphonsomango.in/products/devgad-alphonso-mango,https://socialupme.com/story4594665/buy-devgad-alphonso-mangoes-sweet-and-juicy-devgad-hapus-mangoes-online,Buy Devgad Alphonso Mangoes – Sweet and Juicy Devgad Hapus Mangoes Online,False,False
getsocialsource.com,33.0,https://alphonsomango.in/products/ratnagiri-alphonso-mango,https://alphonsomango.in/products/ratnagiri-alphonso-mango,https://getsocialsource.com/story4462188/taste-the-best-ratnagiri-alphonso-mangoes-sweet-juicy-and-fresh-ratnagiri-mangoes,"Taste the Best Ratnagiri Alphonso Mangoes – Sweet, Juicy, and Fresh Ratnagiri Mangoes",False,False
socialstrategie.com,33.0,https://alphonsomango.in/products/devgad-alphonso-mango,https://alphonsomango.in/products/devgad-alphonso-mango,https://socialstrategie.com/story4694556/buy-devgad-alphonso-mangoes-sweet-and-juicy-devgad-hapus-mangoes-online,Buy Devgad Alphonso Mangoes – Sweet and Juicy Devgad Hapus Mangoes Online,False,False
legit-directory.com,33.0,https://alphonsomango.in/,https://alphonsomango.in/,https://legit-directory.com/listings14444389/savor-the-sunshine-order-genuine-these-mango-selections-digitally,Savor the Sunshine : Order Genuine These Mango Selections Digitally,False,False
socialtechnet.com,32.0,https://alphonsomango.in/products/devgad-alphonso-mango,https://alphonsomango.in/products/devgad-alphonso-mango,https://socialtechnet.com/story4527132/buy-devgad-alphonso-mangoes-sweet-and-juicy-devgad-hapus-mangoes-online,Buy Devgad Alphonso Mangoes – Sweet and Juicy Devgad Hapus Mangoes Online,False,False
directoryio.com,32.0,https://alphonsomango.in/products/ratnagiri-alphonso-mango,https://alphonsomango.in/products/ratnagiri-alphonso-mango,https://directoryio.com/listings1933275/savor-the-warmth-acquire-authentic-ratnagiri-devgad-fruit-mangoes-online,Savor the Warmth : Acquire Authentic Ratnagiri & Devgad Fruit Mangoes Online,False,False
allkindsofsocial.com,32.0,https://alphonsomango.in/products/devgad-alphonso-mango,https://alphonsomango.in/products/devgad-alphonso-mango,https://allkindsofsocial.com/story4385433/devgad-alphonso-mangoes-the-best-devgad-hapus-mangoes-from-maharashtra,Devgad Alphonso Mangoes – The Best Devgad Hapus Mangoes from Maharashtra,False,False
bookmarkspecial.com,32.0,https://alphonsomango.in/products/alphonso-mango-order-online,https://alphonsomango.in/products/alphonso-mango-order-online,https://bookmarkspecial.com/story19220528/buy-alphonso-mango-online-experience-the-pure-delight-of-hapus-mango,Buy Alphonso Mango Online – Experience the Pure Delight of Hapus Mango,False,False
esocialmall.com,32.0,https://alphonsomango.in/products/devgad-alphonso-mango,https://alphonsomango.in/products/devgad-alphonso-mango,https://esocialmall.com/story4453087/buy-devgad-alphonso-mangoes-sweet-and-juicy-devgad-hapus-mangoes-online,Buy Devgad Alphonso Mangoes – Sweet and Juicy Devgad Hapus Mangoes Online,False,False
webdirectory11.com,32.0,https://alphonsomango.in/,https://alphonsomango.in/,https://webdirectory11.com/listings1934371/taste-the-flavor-get-real-ratnagiri-and-devgad-mango-mangoes-digitally,Taste the Flavor : Get Real Ratnagiri and Devgad Mango Mangoes Digitally,False,False
bookmarkpath.com,32.0,https://alphonsomango.in/products/alphonso-mango-order-online,https://alphonsomango.in/products/alphonso-mango-order-online,https://bookmarkpath.com/story19019772/order-alphonso-mango-online-enjoy-the-sweetness-of-hapus-mango-delivered-to-your-door,Order Alphonso Mango Online – Enjoy the Sweetness of Hapus Mango Delivered to Your Door,False,False
reference.org,32.0,Aamras recipe,https://alphonsomango.in/blogs/mango-recipe/aamras-recipe,https://reference.org/facts/maharashtrian_cuisine/tWRbPr8n,Maharashtrian cuisine - Reference.org,False,False
nichenest.xyz,32.0,Alphonso mangoes,https://alphonsomango.in/products/ratnagiri-alphonso-mango,https://nichenest.xyz/why-alphonso-mangoes-are-called-the-king-of-mangoes/,Why Alphonso Mangoes Are Called the King of Mangoes,True,False
commodity-board.com,32.0,alphonsomango.in,https://alphonsomango.in/hi/blogs/mango-exports/how-to-export-mangoes-india-to-usa,https://commodity-board.com/les-exportations-de-mangues-indiennes-surfent-sur-la-vague-de-la-demande-americaine-tandis-que-les-prix-en-eur-restent-stables,Les exportations de mangues indiennes dépassent 45 pays tandis que les prix en EUR pour la mangue séchée restent stables — CMB News,False,False
thesocialintro.com,32.0,https://alphonsomango.in/products/devgad-alphonso-mango,https://alphonsomango.in/products/devgad-alphonso-mango,https://thesocialintro.com/story4613398/buy-devgad-alphonso-mangoes-sweet-and-juicy-devgad-hapus-mangoes-online,Buy Devgad Alphonso Mangoes – Sweet and Juicy Devgad Hapus Mangoes Online,False,False
sociallytraffic.com,32.0,https://alphonsomango.in/products/devgad-alphonso-mango,https://alphonsomango.in/products/devgad-alphonso-mango,https://sociallytraffic.com/story3966432/buy-devgad-alphonso-mangoes-sweet-and-juicy-devgad-hapus-mangoes-online,Buy Devgad Alphonso Mangoes – Sweet and Juicy Devgad Hapus Mangoes Online,False,False
echobookmarks.com,32.0,https://alphonsomango.in/products/alphonso-mango-order-online,https://alphonsomango.in/products/alphonso-mango-order-online,https://echobookmarks.com/story19036955/buy-alphonso-mango-online-fresh-premium-hapus-mango,Buy Alphonso Mango Online – Fresh & Premium Hapus Mango,False,False
talkin.co.ke,32.0,Alphonso Mango,https://alphonsomango.in/,https://talkin.co.ke/read-blog/72119_the-perfect-mango-what-makes-devgad-alphonso-mango-stand-out.html,The Perfect Mango: What Makes Devgad Alphonso Mango Stand Out,True,False
yoursocialpeople.com,32.0,https://alphonsomango.in/products/ratnagiri-alphonso-mango,https://alphonsomango.in/products/ratnagiri-alphonso-mango,https://yoursocialpeople.com/story4430918/taste-the-best-ratnagiri-alphonso-mangoes-sweet-juicy-and-fresh-ratnagiri-mangoes,"Taste the Best Ratnagiri Alphonso Mangoes – Sweet, Juicy, and Fresh Ratnagiri Mangoes",False,False
bookmarksden.com,32.0,https://alphonsomango.in/products/ratnagiri-alphonso-mango,https://alphonsomango.in/products/ratnagiri-alphonso-mango,https://bookmarksden.com/story19211899/buy-authentic-ratnagiri-alphonso-mango-premium-ratnagiri-hapus-mangoes,Buy Authentic Ratnagiri Alphonso Mango – Premium Ratnagiri Hapus Mangoes,False,False
socialbuzzfeed.com,32.0,https://alphonsomango.in/products/ratnagiri-alphonso-mango,https://alphonsomango.in/products/ratnagiri-alphonso-mango,https://socialbuzzfeed.com/story4534730/taste-the-best-ratnagiri-alphonso-mangoes-sweet-juicy-and-fresh-ratnagiri-mangoes,"Taste the Best Ratnagiri Alphonso Mangoes – Sweet, Juicy, and Fresh Ratnagiri Mangoes",False,False
free-bookmarking.com,32.0,https://alphonsomango.in/products/alphonso-mango-order-online,https://alphonsomango.in/products/alphonso-mango-order-online,https://free-bookmarking.com/story19121111/buy-alphonso-mango-online-fresh-hapus-mangoes-delivered-to-your-door,Buy Alphonso Mango Online – Fresh Hapus Mangoes Delivered to Your Door,False,False
madesocials.com,32.0,https://alphonsomango.in/products/ratnagiri-alphonso-mango,https://alphonsomango.in/products/ratnagiri-alphonso-mango,https://madesocials.com/story4522199/taste-the-best-ratnagiri-alphonso-mangoes-sweet-juicy-and-fresh-ratnagiri-mangoes,"Taste the Best Ratnagiri Alphonso Mangoes – Sweet, Juicy, and Fresh Ratnagiri Mangoes",False,False
freshbookmarking.com,32.0,https://alphonsomango.in/products/alphonso-mango-order-online,https://alphonsomango.in/products/alphonso-mango-order-online,https://freshbookmarking.com/story19073144/buy-alphonso-mango-online-premium-hapus-mango-delivered-fresh,Buy Alphonso Mango Online – Premium Hapus Mango Delivered Fresh,False,False
dailybookmarkhit.com,32.0,https://alphonsomango.in/products/devgad-alphonso-mango,https://alphonsomango.in/products/devgad-alphonso-mango,https://dailybookmarkhit.com/story19117126/buy-devgad-alphonso-mango-savor-the-rich-taste-of-devgad-mangoes,Buy Devgad Alphonso Mango – Savor the Rich Taste of Devgad Mangoes,False,False
bookmark-master.com,32.0,https://alphonsomango.in/products/devgad-alphonso-mango,https://alphonsomango.in/products/devgad-alphonso-mango,https://bookmark-master.com/story19088190/devgad-alphonso-mangoes-the-king-of-mangoes,Devgad Alphonso Mangoes: The King of Mangoes,False,False
bookmarkgenious.com,32.0,https://alphonsomango.in/products/ratnagiri-alphonso-mango,https://alphonsomango.in/products/ratnagiri-alphonso-mango,https://bookmarkgenious.com/story19181070/buy-ratnagiri-alphonso-mango-premium-hapus-mangoes-from-ratnagiri,Buy Ratnagiri Alphonso Mango – Premium Hapus Mangoes from Ratnagiri,False,False
whitebookmarks.com,32.0,https://alphonsomango.in/products/alphonso-mango-order-online,https://alphonsomango.in/products/alphonso-mango-order-online,https://whitebookmarks.com/story19112898/buy-alphonso-mango-online-the-king-of-mangoes-at-your-doorstep,Buy Alphonso Mango Online – The King of Mangoes at Your Doorstep,False,False
bookmarkblast.com,31.0,https://alphonsomango.in/products/devgad-alphonso-mango,https://alphonsomango.in/products/devgad-alphonso-mango,https://bookmarkblast.com/story19100893/devgad-alphonso-mangoes-the-best-devgad-hapus-mangoes-from-maharashtra,Devgad Alphonso Mangoes – The Best Devgad Hapus Mangoes from Maharashtra,False,False
thebookpage.com,31.0,https://alphonsomango.in/products/devgad-alphonso-mango,https://alphonsomango.in/products/devgad-alphonso-mango,https://thebookpage.com/story4449780/devgad-alphonso-mangoes-the-best-devgad-hapus-mangoes-from-maharashtra,Devgad Alphonso Mangoes – The Best Devgad Hapus Mangoes from Maharashtra,False,False
exactlybookmarks.com,31.0,https://alphonsomango.in/products/ratnagiri-alphonso-mango,https://alphonsomango.in/products/ratnagiri-alphonso-mango,https://exactlybookmarks.com/story19011347/buy-ratnagiri-alphonso-mango-premium-hapus-mango-from-maharashtra,Buy Ratnagiri Alphonso Mango – Premium Hapus Mango from Maharashtra,False,False
getsocialselling.com,31.0,https://alphonsomango.in/products/devgad-alphonso-mango,https://alphonsomango.in/products/devgad-alphonso-mango,https://getsocialselling.com/story4468592/buy-devgad-alphonso-mangoes-sweet-and-juicy-devgad-hapus-mangoes-online,Buy Devgad Alphonso Mangoes – Sweet and Juicy Devgad Hapus Mangoes Online,False,False
droidt99.com,31.0,Hapus Mango,https://alphonsomango.in/,https://droidt99.com/read-blog/6217_order-hapus-mangoes-online-get-the-best-mangoes-delivered.html,Order Hapus Mangoes Online: Get the Best Mangoes Delivered,True,False
bloggers.in,31.0,"1 Dozen Mangoes: Price, Varieties, & Buying Guide Buying 1 dozen mangoes online is the best way to enjoy fresh, juicy mangoes at home. This guide helps you find the best quality mangoes at great prices. Why Buy 1 Dozen Mango Online? Farm-fresh and naturally ripened,… 2mo ago · Read on alphonsomango.in →",https://alphonsomango.in/blogs/alphonso-mango/1-dozen-mango,https://bloggers.in/blog/alphonsomango,Alphonso Mango · bloggers.in,False,False
mindful-connections.com,31.0,ajwa khajoor,https://alphonsomango.in/products/ajwa-dates-ajwa-khajoor,https://www.mindful-connections.com/post/the-shock-that-binds-us,Shocks That Bind Us,False,False
wise-social.com,31.0,https://alphonsomango.in/products/ratnagiri-alphonso-mango,https://alphonsomango.in/products/ratnagiri-alphonso-mango,https://wise-social.com/story4537476/taste-the-best-ratnagiri-alphonso-mangoes-sweet-juicy-and-fresh-ratnagiri-mangoes,"Taste the Best Ratnagiri Alphonso Mangoes – Sweet, Juicy, and Fresh Ratnagiri Mangoes",False,False
yxzbookmarks.com,31.0,https://alphonsomango.in/products/alphonso-mango-order-online,https://alphonsomango.in/products/alphonso-mango-order-online,https://yxzbookmarks.com/story19039374/order-alphonso-mango-online-experience-the-sweetness-of-hapus-mango-at-your-doorstep,Order Alphonso Mango Online – Experience the Sweetness of Hapus Mango at Your Doorstep,False,False
rankuppages.com,31.0,https://alphonsomango.in/products/devgad-alphonso-mango,https://alphonsomango.in/products/devgad-alphonso-mango,https://rankuppages.com/story4116115/devgad-alphonso-mangoes-the-best-devgad-hapus-mangoes-from-maharashtra,Devgad Alphonso Mangoes – The Best Devgad Hapus Mangoes from Maharashtra,False,False
problems.in,31.0,Alphonso Mango,https://alphonsomango.in/products/saffron-kesar,http://problems.in/,Problems – Problems and solutions in India,False,False
pageoftoday.com,31.0,https://alphonsomango.in/products/devgad-alphonso-mango,https://alphonsomango.in/products/devgad-alphonso-mango,https://pageoftoday.com/story4482532/buy-devgad-alphonso-mangoes-sweet-and-juicy-devgad-hapus-mangoes-online,Buy Devgad Alphonso Mangoes – Sweet and Juicy Devgad Hapus Mangoes Online,False,False
zipleaf.in,31.0,https://alphonsomango.in/products/saffron-kesar,https://alphonsomango.in/products/saffron-kesar,https://www.zipleaf.in/Companies/Powle-Home-Foods_23432,"Powle Home Foods (84973) - Mumbai , India",True,False
zbookmarkhub.com,31.0,https://alphonsomango.in/products/devgad-alphonso-mango,https://alphonsomango.in/products/devgad-alphonso-mango,https://zbookmarkhub.com/story19188950/discover-the-sweetness-of-devgad-alphonso-mangoes,Discover the Sweetness of Devgad Alphonso Mangoes,False,False
bestbuydir.com,31.0,Best dry fruits almond Buy in online,https://alphonsomango.in/products/california-almonds-badam,https://bestbuydir.com/Cooperatives/Arts/Classical_Studies__/Women/,Best Buy Dir .com - Arts > Classical Studies > Women,False,False
dailygossiponline.com,30.0,Order Your Alphonso Mango Online Direct to your Home,https://alphonsomango.in/,https://dailygossiponline.com/agency-news/summer-delights-delivered-experience-ratnagiri-and-devgad-alphonso-mangoes-at-your-doorstep/,Summer Delights Delivered: Experience Ratnagiri and Devgad Alphonso Mangoes at Your Doorstep - Daily Gossip Online,False,False
companyspage.com,30.0,https://alphonsomango.in/products/devgad-alphonso-mango,https://alphonsomango.in/products/devgad-alphonso-mango,https://companyspage.com/story4071897/devgad-alphonso-mangoes-the-best-devgad-hapus-mangoes-from-maharashtra,Devgad Alphonso Mangoes – The Best Devgad Hapus Mangoes from Maharashtra,False,False
kitaoka-group.com,30.0,I,http://alphonsomango.in/?gsr=zyxKd-INoWr2EMzH,http://www.kitaoka-group.com/pukiwiki/index.php?-11-cnBeta-hatinco.com,'-11-cnBeta-hatinco.com - PukiWiki,True,False
meshbookmarks.com,30.0,https://alphonsomango.in/products/ratnagiri-alphonso-mango,https://alphonsomango.in/products/ratnagiri-alphonso-mango,https://meshbookmarks.com/story19115702/buy-premium-ratnagiri-alphonso-mango-fresh-ratnagiri-hapus-mangoes-online,Buy Premium Ratnagiri Alphonso Mango – Fresh Ratnagiri Hapus Mangoes Online,False,False
socialistener.com,30.0,https://alphonsomango.in/products/devgad-alphonso-mango,https://alphonsomango.in/products/devgad-alphonso-mango,https://socialistener.com/story4533589/devgad-alphonso-mangoes-the-best-devgad-hapus-mangoes-from-maharashtra,Devgad Alphonso Mangoes – The Best Devgad Hapus Mangoes from Maharashtra,False,False
qocial.com,30.0,https://alphonsomango.in/products/alphonso-mango-pulp,https://alphonsomango.in/products/alphonso-mango-pulp,https://qocial.com/business/alphonsomangopulp,Alphonso Mango Pulp - Qocial,True,True
guideyoursocial.com,30.0,https://alphonsomango.in/products/devgad-alphonso-mango,https://alphonsomango.in/products/devgad-alphonso-mango,https://guideyoursocial.com/story4132072/devgad-alphonso-mangoes-the-best-devgad-hapus-mangoes-from-maharashtra,Devgad Alphonso Mangoes – The Best Devgad Hapus Mangoes from Maharashtra,False,False
mypresspage.com,30.0,https://alphonsomango.in/products/devgad-alphonso-mango,https://alphonsomango.in/products/devgad-alphonso-mango,https://mypresspage.com/story4163935/devgad-alphonso-mangoes-the-best-devgad-hapus-mangoes-from-maharashtra,Devgad Alphonso Mangoes – The Best Devgad Hapus Mangoes from Maharashtra,False,False
tropicalfruitforum.com,30.0,Devgad Mango,https://alphonsomango.in/products/devgad-alphonso-mango,https://tropicalfruitforum.com/index.php?action=profile;u=37185,Profile of alphonsomangoesin@gmail.com,False,False
seoagency.sale,30.0,alphonsomango.in SEO plan: guest posts + PBN; steady DR/DA/TF. | Visit Buyseolink.com for any Query,https://alphonsomango.in/,https://seoagency.sale/kehiyh-rank-on-page-1-with-seo-and-backlinks/,"seoagency.sale — Rank on Page One, Faster — Contextual Dofollow Links Google Values (Update-Safe, DR/DA/TF Up)",True,False
aurora-directory.com,30.0,Khajur,https://alphonsomango.in/products/medjool-dates-medjoul-khajoor,https://aurora-directory.com/Entertaining/Shopping/Food/,Aurora Directory.com - Shopping > Food,False,False
pr7bookmark.com,30.0,https://alphonsomango.in/products/devgad-alphonso-mango,https://alphonsomango.in/products/devgad-alphonso-mango,https://pr7bookmark.com/story19283765/devgad-alphonso-mangoes-the-best-devgad-hapus-mangoes-from-maharashtra,Devgad Alphonso Mangoes – The Best Devgad Hapus Mangoes from Maharashtra,False,False
bookmarkfriend.com,30.0,https://alphonsomango.in/products/ratnagiri-alphonso-mango,https://alphonsomango.in/products/ratnagiri-alphonso-mango,https://bookmarkfriend.com/story19075705/ratnagiri-alphonso-mangoes-the-taste-of-purity,Ratnagiri Alphonso Mangoes: The Taste of Purity,False,False
tetrabookmarks.com,29.0,https://alphonsomango.in/products/alphonso-mango-order-online,https://alphonsomango.in/products/alphonso-mango-order-online,https://tetrabookmarks.com/story19085800/buy-alphonso-mango-online-premium-hapus-mangoes-delivered-fresh,Buy Alphonso Mango Online – Premium Hapus Mangoes Delivered Fresh,False,False
letsbookmarkit.com,29.0,https://alphonsomango.in/products/devgad-alphonso-mango,https://alphonsomango.in/products/devgad-alphonso-mango,https://letsbookmarkit.com/story19017835/buy-devgad-alphonso-mango-premium-hapus-mangoes-from-devgad-maharashtra,"Buy Devgad Alphonso Mango – Premium Hapus Mangoes from Devgad, Maharashtra",False,False
livemint24.com,29.0,Ratnagiri Alphonso Mango,https://alphonsomango.in/products/ratnagiri-alphonso-mango,https://livemint24.com/malawi-mangoes-a-taste-of-sunshine-from-the-warm-heart-of-africa-now-in-india/,Malawi Mangoes: A Taste Of Sunshine From The Warm Heart Of Africa Now In India - Live Mint 24,True,False
kisra.org,29.0,Ratnagiri Alphonso Mango,https://alphonsomango.in/,https://www.kisra.org/post/honoring-nelle-ratrie-chilton,Honoring Nelle Ratrie Chilton,False,False
orangebookmarks.com,29.0,https://alphonsomango.in/products/devgad-alphonso-mango,https://alphonsomango.in/products/devgad-alphonso-mango,https://orangebookmarks.com/story19112735/buy-devgad-alphonso-mango-premium-hapus-mango-from-maharashtra,Buy Devgad Alphonso Mango – Premium Hapus Mango from Maharashtra,False,False
cs.lozenec-lan.net,29.0,https://alphonsomango.in/products/bhimseni-kapoor-camphor,https://alphonsomango.in/products/bhimseni-kapoor-camphor,http://cs.lozenec-lan.net/external.php?url=https://alphonsomango.in/products/bhimseni-kapoor-camphor,External Redirect,False,False
kingbookmark.com,29.0,https://alphonsomango.in/products/ratnagiri-alphonso-mango,https://alphonsomango.in/products/ratnagiri-alphonso-mango,https://kingbookmark.com/story19122497/buy-ratnagiri-alphonso-mango-premium-hapus-mango-from-maharashtra,Buy Ratnagiri Alphonso Mango – Premium Hapus Mango from Maharashtra,False,False
mediasocially.com,29.0,https://alphonsomango.in/products/devgad-alphonso-mango,https://alphonsomango.in/products/devgad-alphonso-mango,https://mediasocially.com/story4025519/devgad-alphonso-mangoes-the-best-devgad-hapus-mangoes-from-maharashtra,Devgad Alphonso Mangoes – The Best Devgad Hapus Mangoes from Maharashtra,False,False
agendabookmarks.com,29.0,https://alphonsomango.in/products/ratnagiri-alphonso-mango,https://alphonsomango.in/products/ratnagiri-alphonso-mango,https://agendabookmarks.com/story18982012/ratnagiri-alphonso-mango-a-taste-of-coastal-perfection,Ratnagiri Alphonso Mango - A Taste of Coastal Perfection,False,False
bookmark-vip.com,29.0,https://alphonsomango.in/products/ratnagiri-alphonso-mango,https://alphonsomango.in/products/ratnagiri-alphonso-mango,https://bookmark-vip.com/story19122239/buy-premium-ratnagiri-alphonso-mango-fresh-ratnagiri-hapus-mangoes-online,Buy Premium Ratnagiri Alphonso Mango – Fresh Ratnagiri Hapus Mangoes Online,False,False
poweredindia.com,29.0,www.alphonsomango.in,https://www.alphonsomango.in/,https://www.poweredindia.com/biz/members.php?city=&company=&area=&page=1641,Yellow Pages India - Business Directory,False,False
thebookmarkage.com,29.0,https://alphonsomango.in/products/ratnagiri-alphonso-mango,https://alphonsomango.in/products/ratnagiri-alphonso-mango,https://thebookmarkage.com/story19031582/buy-ratnagiri-alphonso-mango-premium-hapus-mangoes-from-ratnagiri,Buy Ratnagiri Alphonso Mango – Premium Hapus Mangoes from Ratnagiri,False,False
nicolebirkholzer.com,28.0,ajwa khajoor,https://alphonsomango.in/products/ajwa-dates-ajwa-khajoor,https://www.nicolebirkholzer.com/post/the-shock-that-binds-us,Shocks That Bind Us,False,False
buzzcenter.co,27.0,Order Your Alphonso Mango Online Direct to your Home,https://alphonsomango.in/,https://buzzcenter.co/summer-delights-delivered-experience-ratnagiri-and-devgad-alphonso-mangoes-at-your-doorstep/,Summer Delights Delivered: Experience Ratnagiri and Devgad Alphonso Mangoes at Your Doorstep,False,False
pirdu.com,27.0,alphonsomango,https://alphonsomango.in/,https://pirdu.com/what-are-mlm-email-leads-and-why-are-the-they-important/,What Are MLM Email Leads and Why Are the They Important? | Pirdu,False,False
123menlife.com,26.0,Order Your Alphonso Mango Online Direct to your Home,https://alphonsomango.in/,https://123menlife.com/summer-delights-delivered-experience-ratnagiri-and-devgad-alphonso-mangoes-at-your-doorstep/,Summer Delights Delivered: Experience Ratnagiri and Devgad Alphonso Mangoes at Your Doorstep - 123menlife.com,False,False
knowthatsall.com,26.0,Order Your Alphonso Mango Online Direct to your Home,https://alphonsomango.in/,https://knowthatsall.com/summer-delights-delivered-experience-ratnagiri-and-devgad-alphonso-mangoes-at-your-doorstep/,Summer Delights Delivered: Experience Ratnagiri and Devgad Alphonso Mangoes at Your Doorstep -,False,False
freebookmarkingsubmission.net,26.0,https://alphonsomango.in/,https://alphonsomango.in/,https://freebookmarkingsubmission.net/page/business-services/ratnagiri-alphonso-mango,Ratnagiri Alphonso Mango | Business & Services - Free Bookmarking Submission,False,False
gettoplists.com,26.0,Read more,https://alphonsomango.in/blogs/saffron/saffron,https://www.gettoplists.com/kashmiri-saffron-use-benefits-origin/,"Kashmiri Saffron Use, Benefits & origin - Get Top Lists",False,False
hgdc200.com,26.0,cashew salted,https://alphonsomango.in/products/salted-cashew-nuts,https://www.hgdc200.com/page/7/,Hgdc200 – Page 7,False,False
3970ee.com,26.0,buy cashew nuts online,https://alphonsomango.in/products/salted-cashew-nuts,https://www.3970ee.com/simple-and-healthy-the-allergen-free-cake-well-except-for-the-nuts/,Simple and Healthy – The Allergen Free Cake (Well Except for the Nuts) – 3970ee,False,False
ludhianaheadlines.co.in,26.0,Book Your Malawi Mango Now,https://alphonsomango.in/products/malawi-mango,http://ludhianaheadlines.co.in/malawi-mangoes-a-taste-of-sunshine-from-the-warm-heart-of-africa-now-in-india-2279,"Malawi Mangoes: A Taste of Sunshine from the Warm Heart of Africa Now in India - Ludhiana Headlines | Latest News India, Punjab, World | Crime News | Political News | Entertainment News",False,False
studiosegmenti.com,26.0,alphonsomango.in,https://alphonsomango.in/,https://studiosegmenti.com/how-long-does-it-take-sculptra-to-work/,How Long Does it Take Sculptra to Work? - Studio Segmenti,False,False
pft330.com,26.0,buy kashmir saffron online,https://alphonsomango.in/products/saffron-kesar,https://pft330.com/2022/05/,May 2022 – P Ft 330,False,False
instya.com,26.0,alphonsomango.in,https://alphonsomango.in/,https://www.instya.com/site/beermerchants.com,Top 15 Beer Merchants Alternatives & Similar Sites - Instya,True,False
forums.violins.ca,26.0,Visit poster's website,https://alphonsomango.in/products/black-raisins-seedless,https://forums.violins.ca/viewtopic.php?p=18304,Violin Forum/Message Board :: View topic - Feature film about bowmakers,False,False
patriotnotpartisan.com,26.0,Mango,https://alphonsomango.in/blogs/health/mango,https://patriotnotpartisan.com/general-commentary/ten-important-tweets-2017/,Ten Most Important Tweets of 2017 | Patriot NOT Partisan,True,False
fjallravencheap.com,26.0,cashew salted,https://alphonsomango.in/products/salted-cashew-nuts,https://www.fjallravencheap.com/page/12/,Fjall Raven Cheap – Page 12,False,False
tryaladdin.com,26.0,healthful gifts that will delight and energize your fitness enthusiast friends and family members,https://alphonsomango.in/blogs/health/dry-fruit-for-body-building,https://tryaladdin.com/blogs/aladdins-blog/gifting-for-fitness-enthusiasts-turkish-dried-fruits-and-nuts-to-fuel-workouts,Gifting for Fitness Enthusiasts - Turkish Dried Fruits for Workouts – Aladdin,False,False
savoryandsweetfood.com,26.0,https://alphonsomango.in/products/ratnagiri-alphonso-mango,https://alphonsomango.in/products/ratnagiri-alphonso-mango,https://www.savoryandsweetfood.com/2017/05/10/mango-falooda/,Mango Falooda with Rabri - Savory&SweetFood,True,True
ratnagirihapus.store,25.0,alphonso mango,https://alphonsomango.in/products/alphonso-mango-order-online,https://ratnagirihapus.store/alphonso-mango-2/,Alphonso Mango blog Blog | Ratnagiri Alphonso Mango,False,False
aajkaltrends.club,25.0,https://alphonsomango.in/,https://alphonsomango.in/,https://aajkaltrends.club/bookmarking/ratnagiri-alphonso-mango.html,Ratnagiri Alphonso Mango,False,False
tips.wapka.site,25.0,,https://alphonsomango.in/cdn/shop/articles/alphonsomangoesin@gmail.com?v=1728241613,https://tips.wapka.site/site?q=HOW%20MANY%20MANGO%20VARIETIES%20&dir=&id=&pid=122345&fid=&forumid=&folderid=&yid=&page=30,HOW MANY MANGO VARIETIES — TIPS,False,False
webranksofworld.site,25.0,alphonsomango,https://alphonsomango.in/,https://webranksofworld.site/content-marketing-is-not-a-new-concept-but-it-is-arguably-more-important-than-ever-from-both-a-consumer-and-business-perspective/,"Content marketing is not a new concept, but it is arguably more important than ever from both a consumer and business perspective. – webranksofworld.site",False,False
verywebby.com,24.0,saffron buy online,https://alphonsomango.in/products/saffron-kesar,https://verywebby.com/about-asian-food-and-cooking/,About Asian Food and Cooking – Very Webby,False,False
socialbookmarkingsitelist.xyz,23.0,https://alphonsomango.in/,https://alphonsomango.in/,http://www.socialbookmarkingsitelist.xyz/page/business-services/ratnagiri-alphonso-mango,Ratnagiri Alphonso Mango | Business & Services - Social Bookmarking Site List,False,False
sng011.com,23.0,Kashmiri Kesar,https://alphonsomango.in/products/saffron-kesar,https://sng011.com/category/business/,Business – Sng011,False,False
swadesiway.com,22.0,spongy tissue,https://alphonsomango.in/blogs/mango-tips/what-is-spongy-tissue-in-alphonso-mangoes?srsltid=AfmBOoqqOBDbHsYFOh8yOll47SV9kZ3OxiaQvgRbb9fA8uGDbm0R8cQK,https://swadesiway.com/organic-mangoes/,Organic Mangoes (Certified Organic | Carbide free) – Swadesi Way,False,False
dailystreetjournal.com,22.0,Order Your Alphonso Mango Online Direct to your Home,https://alphonsomango.in/,https://dailystreetjournal.com/summer-delights-delivered-experience-ratnagiri-and-devgad-alphonso-mangoes-at-your-doorstep/,Summer Delights Delivered: Experience Ratnagiri and Devgad Alphonso Mangoes at Your Doorstep,False,False
backlinkdirectory.site,21.0,alphonsomango,https://alphonsomango.in/,https://backlinkdirectory.site/content-marketing-is-not-a-new-concept-but-it-is-arguably-more-important-than-ever-from-both-a-consumer-and-business-perspective/,"Content marketing is not a new concept, but it is arguably more important than ever from both a consumer and business perspective. – backlinkdirectory.site",False,False
allbusinessweb.site,21.0,alphonsomango,https://alphonsomango.in/,https://allbusinessweb.site/2025/10/01/content-marketing-is-not-a-new-concept-but-it-is-arguably-more-important-than-ever-from-both-a-consumer-and-business-perspective/,"Content marketing is not a new concept, but it is arguably more important than ever from both a consumer and business perspective. – allbusinessweb.site",False,False
rhonda.org,21.0,buy khajoor online,https://alphonsomango.in/products/ajwa-dates-ajwa-khajoor,https://www.rhonda.org/post/the-problem-with-pursuing-happiness,The problem with the pursuit of happiness by RHONDA SCIORTINO https://static.wixstatic.com/media/4df944_078a95219d354392b50f2122681ffe38~mv2_d_2525_2104_s_2.jpeg,False,False
bostonmodernstaging.com,21.0,almond buy online,https://alphonsomango.in/products/california-almonds-badam,https://www.bostonmodernstaging.com/post/2021-home-collection-launches-worth-checking-out-west-elm-h-m-and-marie-kondo,"2021 Home Collection Launches Worth Checking Out: West Elm, H&M and Marie Kondo",False,False
7136oe.com,21.0,Kesar,https://alphonsomango.in/products/saffron-kesar,https://www.7136oe.com/saffron-extract-supplements-can-help-you-in-losing-weight/,Saffron Extract Supplements Can Help You in Losing Weight – 7136oe,False,False
buzzinginfo.com,20.0,Order Your Alphonso Mango Online Direct to your Home,https://alphonsomango.in/,https://buzzinginfo.com/summer-delights-delivered-experience-ratnagiri-and-devgad-alphonso-mangoes-at-your-doorstep/,Summer Delights Delivered: Experience Ratnagiri and Devgad Alphonso Mangoes at Your Doorstep - Buzzing Info,False,False
dayofdifference.org.au,20.0,Healthy Vegan Meals for You – AlphonsoMango.in,https://alphonsomango.in/blogs/hapus-benefits/healthy-vegan-meals,https://dayofdifference.org.au/m-medical/medical-reasons-for-vegan-diet.html,Medical Reasons For Vegan Diet | Day of Difference,True,False
addurl.in,20.0,alphonsomango.in,https://alphonsomango.in/,https://www.addurl.in/domains/19841/ad7be6e493af72a57643b2190fab9553/,Addurl.in,True,False
suffernchamber.org,20.0,buy ajwa dates online,https://alphonsomango.in/products/ajwa-dates-ajwa-khajoor,https://www.suffernchamber.org/post/2019-shop-local-scavenger-hunt,Members: 2019 Shop Local Scavenger Hunt Details!,False,False
discoverweekly.co,20.0,Order Your Alphonso Mango Online Direct to your Home,https://alphonsomango.in/,https://discoverweekly.co/agency-news/summer-delights-delivered-experience-ratnagiri-and-devgad-alphonso-mangoes-at-your-doorstep/,Summer Delights Delivered: Experience Ratnagiri and Devgad Alphonso Mangoes at Your Doorstep,False,False
articlecede.com,19.0,authentic Kesar online,https://alphonsomango.in/blogs/kesar/authentic-kesar-online,https://www.articlecede.com/premium-authentic-kesar-online/,Premium Authentic Kesar Online | Article Cede,True,True
toneop.com,19.0,https://alphonsomango.in/blogs/benefits/gond-katira-benefits-for-male,https://alphonsomango.in/blogs/benefits/gond-katira-benefits-for-male,https://toneop.com/blog/badam-pisin-benefits-for-male,7 Exclusive Badam Pisin Benefits For Males | ToneOp,False,False
petlovestudio.com,19.0,"TELEGRAM @SEO_LINKK_ORDER – SEO BACKLINKS, HOMEPAGE LINKS, CROSSLINKS",https://alphonsomango.in/blogs/raisins/kismis?srsltid=AfmBOoojU2T0I1u_dtRDWTiF1bgumXxhITmuk7WK9vlZVF91j8SK_Bqu,https://www.petlovestudio.com/telegram-seo-linkk-order-seo-backlinks-homepage-4-8/,"TELEGRAM @SEO_LINKK_ORDER - SEO BACKLINKS, HOMEPAGE LINKS, CROSSLINKS - PetLoveStudio",True,False
toneop.care,18.0,https://alphonsomango.in/blogs/mango-benefits/mango-for-constipation?srsltid=AfmBOooRMv-gKJIXvrguwfE9KQZfZhVI_wUc7nqSWvPbZI5jCjweA22J,https://alphonsomango.in/blogs/mango-benefits/mango-for-constipation?srsltid=AfmBOooRMv-gKJIXvrguwfE9KQZfZhVI_wUc7nqSWvPbZI5jCjweA22J,https://toneop.care/blogs/is-mango-good-for-constipation,Is Mango Good For Constipation | ToneOpCare,False,False
rehan.digital,18.0,Godambi price best sale,https://alphonsomango.in/cdn/shop/files/godambi-marking-nut-alphonsomango-in-2.jpg,https://rehan.digital/?r=18619615,Godambi price best sale,False,False
rfraperils.com,18.0,Mangos,https://alphonsomango.in/blogs/health/mango,http://rfraperils.com/a-missing-argument-on-contraceptives-ny-times/,A Missing Argument on Contraceptives (NY Times) – Religious Freedom Restoration Act perils | Professor Marci A. Hamilton,True,False
worldwidetopweb.site,18.0,alphonsomango,https://alphonsomango.in/,https://worldwidetopweb.site/content-marketing-is-not-a-new-concept-but-it-is-arguably-more-important-than-ever-from-both-a-consumer-and-business-perspective/,"Content marketing is not a new concept, but it is arguably more important than ever from both a consumer and business perspective. – worldwidetopweb.site",False,False
transportescallizo.com,18.0,Mangoes,https://alphonsomango.in/,https://transportescallizo.com/consejos-para-mejorar-la-logistica/,Consejos para mejorar la logística en tu empresa,True,True
lovewholesome.com,18.0,https://alphonsomango.in/,https://alphonsomango.in/,https://lovewholesome.com/fruit/alphonso-mango-price/,Unveiling Alphonso Mango Price for Juicy Treats,True,False
cobler.us,18.0,Alphonso Mango Online Bangalore,https://alphonsomango.in/products/alphonso-mango-order-online,https://www.cobler.us/board/board_topic/7966425/6119337.htm,New Car Loan Low Interest Rate,False,False
itvsea.com,17.0,Khara Kaju,https://alphonsomango.in/products/salted-cashew-nuts,https://itvsea.com/author/localdomains/page/16/,Lewis – Page 16 – Itvsea,False,False
worldwidetopwebsite.site,17.0,alphonsomango,https://alphonsomango.in/,https://worldwidetopwebsite.site/if-your-marketing-style-does-not-include-social-networking-then-you-have-to-innovate-and-search-for-the-latest-marketing-trends-today-almost-everything-that-comes-out-in-the-market-is-promoted-throug/,If your marketing style does not include social networking then you have to innovate and search for the latest marketing trends today. Almost everything that comes out in the market is promoted through social networking sites or through mobile applications and text messaging. The mobile marketing trend 2012 is seen as the new merchant to promote products and services. – worldwidetopwebsite.site,False,False
99-best.site,17.0,alphonsomango,https://alphonsomango.in/,https://99-best.site/nothing-has-impacted-the-evolution-of-the-human-race-more-than-the-ability-to-communicate-and-the-art-of-communication-communication-has-played-a-most-vital-role-in-the-development-of-numerous-civili/,"Nothing has impacted the evolution of the human race more than the ability to communicate and the art of communication. Communication has played a most vital role in the development of numerous civilizations and also helped a great deal in discovering and inventing many inventions. It is because of successful communication techniques and principles that businesses have flourished and the world has become a better place to live for everyone. Throughout the history of mankind, symbols and symbolic gestures have been widely used to create identities. Numerous symbols were cleverly used by different civilizations to effectively communicate their messages to one another and also to preserve their findings for the time to come. This can be witnessed by studying the Mayan civilization and the Egyptian civilizations that date back thousands of years. – 99-best.site",False,False
mr5acz.com,17.0,buy cashew nuts online,https://alphonsomango.in/products/salted-cashew-nuts,https://www.mr5acz.com/category/business/,Business – Mr5Acz,False,False
topbillion.site,16.0,alphonsomango,https://alphonsomango.in/,https://topbillion.site/if-your-marketing-style-does-not-include-social-networking-then-you-have-to-innovate-and-search-for-the-latest-marketing-trends-today-almost-everything-that-comes-out-in-the-market-is-promoted-throug/,If your marketing style does not include social networking then you have to innovate and search for the latest marketing trends today. Almost everything that comes out in the market is promoted through social networking sites or through mobile applications and text messaging. The mobile marketing trend 2012 is seen as the new merchant to promote products and services. – topbillion.site,False,False
idilaguna.com,16.0,TELEGRAM @MASSLINKER | SOFTWARE TO PUBLISH BACKLINKS YOURSELF | MASSLINKER.COM,https://alphonsomango.in/blogs/raisins/kismis?srsltid=AfmBOoojU2T0I1u_dtRDWTiF1bgumXxhITmuk7WK9vlZVF91j8SK_Bqu,http://www.idilaguna.com/telegram-masslinker-software-to-publish-backlinks-4-6/,TELEGRAM @MASSLINKER | SOFTWARE TO PUBLISH BACKLINKS YOURSELF | MASSLINKER.COM | INSTITUTO DE DESARROLLO INTEGRAL,True,False
howtorankfast.site,16.0,alphonsomango,https://alphonsomango.in/,https://howtorankfast.site/content-marketing-is-not-a-new-concept-but-it-is-arguably-more-important-than-ever-from-both-a-consumer-and-business-perspective/,"Content marketing is not a new concept, but it is arguably more important than ever from both a consumer and business perspective. – howtorankfast.site",False,False
topmarketingweb.site,16.0,alphonsomango,https://alphonsomango.in/,https://topmarketingweb.site/if-your-marketing-style-does-not-include-social-networking-then-you-have-to-innovate-and-search-for-the-latest-marketing-trends-today-almost-everything-that-comes-out-in-the-market-is-promoted-throug/,If your marketing style does not include social networking then you have to innovate and search for the latest marketing trends today. Almost everything that comes out in the market is promoted through social networking sites or through mobile applications and text messaging. The mobile marketing trend 2012 is seen as the new merchant to promote products and services. – topmarketingweb.site,False,False
goreaditright.com,16.0,Order Your Alphonso Mango Online Direct to your Home,https://alphonsomango.in/,https://goreaditright.com/agency-news/summer-delights-delivered-experience-ratnagiri-and-devgad-alphonso-mangoes-at-your-doorstep/,Summer Delights Delivered: Experience Ratnagiri and Devgad Alphonso Mangoes at Your Doorstep - Go Read It Right,False,False
eseguro.mx,16.0,TELEGRAM @MASSLINKER | SOFTWARE TO PUBLISH BACKLINKS YOURSELF | MASSLINKER.COM,https://alphonsomango.in/blogs/raisins/kismis?srsltid=AfmBOoojU2T0I1u_dtRDWTiF1bgumXxhITmuk7WK9vlZVF91j8SK_Bqu,http://eseguro.mx/telegram-masslinker-software-to-publish-backlinks-4-6/,TELEGRAM @MASSLINKER | SOFTWARE TO PUBLISH BACKLINKS YOURSELF | MASSLINKER.COM « eseguro.mx,True,False
webdirectoryofworld.site,16.0,alphonsomango,https://alphonsomango.in/,https://webdirectoryofworld.site/if-your-marketing-style-does-not-include-social-networking-then-you-have-to-innovate-and-search-for-the-latest-marketing-trends-today-almost-everything-that-comes-out-in-the-market-is-promoted-throug/,If your marketing style does not include social networking then you have to innovate and search for the latest marketing trends today. Almost everything that comes out in the market is promoted through social networking sites or through mobile applications and text messaging. The mobile marketing trend 2012 is seen as the new merchant to promote products and services. – webdirectoryofworld.site,False,False
topmillion.site,16.0,alphonsomango,https://alphonsomango.in/,https://topmillion.site/content-marketing-is-not-a-new-concept-but-it-is-arguably-more-important-than-ever-from-both-a-consumer-and-business-perspective/,"Content marketing is not a new concept, but it is arguably more important than ever from both a consumer and business perspective. – topmillion.site",False,False
sizethemarket.com,16.0,Visit,https://alphonsomango.in/,https://sizethemarket.com/competitors/alphonsomango--in,"alphonsomango.in Competitors, Pricing, Revenue & Market Size",True,False
websiteworld.site,16.0,alphonsomango,https://alphonsomango.in/,https://websiteworld.site/if-your-marketing-style-does-not-include-social-networking-then-you-have-to-innovate-and-search-for-the-latest-marketing-trends-today-almost-everything-that-comes-out-in-the-market-is-promoted-throug/,If your marketing style does not include social networking then you have to innovate and search for the latest marketing trends today. Almost everything that comes out in the market is promoted through social networking sites or through mobile applications and text messaging. The mobile marketing trend 2012 is seen as the new merchant to promote products and services. – websiteworld.site,False,False
manouchehrinuts.com,15.0,مهمترین فواید مصرف بادام درختی به صورت ناشتا,https://alphonsomango.in/blogs/almonds/can-we-eat-almonds-in-fast,https://manouchehrinuts.com/mag/benefits-of-eating-almonds-fasting/,مهمترین فواید مصرف بادام درختی ناشتا + مقدار مصرف روزانه,False,False
cleantech-mart.com,15.0,AlphonsoMango.in,https://alphonsomango.in/blogs/recipe/anjeer-halwa?srsltid=AfmBOorrJSoOgMoivguk_T8SDXFkB1OmAMbS5hLL78JQ-5-iGduOXzMQ,https://cleantech-mart.com/product-detail.php?slug=anjeer-halwa,ANJEER HALWA · Cleantech Mart,False,False
createwithcheiron.com,15.0,https://alphonsomango.in/products/ajwa-dates-ajwa-khajoor,https://alphonsomango.in/products/ajwa-dates-ajwa-khajoor,https://createwithcheiron.com/simon-says-stamp-united-we-craft-blog-party/,simon says stamp: united we craft blog party - Create with Cheiron,True,True
discoveringbrands.com,14.0,Buy Now on Alphonso Mango,https://alphonsomango.in/products/star-anise-chakra-phool,https://discoveringbrands.com/brand/alphonsomango/star-anise-chakra-phool,Buy Ratnagiri Alphonso Mangoes Online | Certified Hapus Mango - AlphonsoMango.in | Discovering Brands | Discovering Brands,False,False
mm55mm55.com,14.0,Cashew Nuts,https://alphonsomango.in/products/salted-cashew-nuts,https://mm55mm55.com/bulk-nuts-as-a-cheaper-way-to-improve-your-diet/,Bulk Nuts As a Cheaper Way To Improve Your Diet – Mm55mm55,False,False
gbusiness.co,14.0,https://alphonsomango.in/,https://alphonsomango.in/,https://www.gbusiness.co/editor/personal-care-and-services/fruits-and-snacks-suppliers/alphonso-mango?page=3,Get Your Website Domain Name,False,False
ahmedabadbytes.com,14.0,Devgad Alphonso Mango,https://alphonsomango.in/products/devgad-alphonso-mango,https://www.ahmedabadbytes.com/malawi-mangoes-a-taste-of-sunshine-from-the-warm-heart-of-africa-now-in-india,"Malawi Mangoes: A Taste of Sunshine from the Warm Heart of Africa Now in India - Ahmedabad Bytes | Latest News India, Punjab, World | Crime News | Political News | Entertainment News",False,False
worldmovingbolivia.com,14.0,"TELEGRAM @SEO_LINKK_ORDER – SEO BACKLINKS, HOMEPAGE LINKS, CROSSLINKS",https://alphonsomango.in/blogs/raisins/kismis?srsltid=AfmBOoojU2T0I1u_dtRDWTiF1bgumXxhITmuk7WK9vlZVF91j8SK_Bqu,https://www.worldmovingbolivia.com/2026/03/04/telegram-seo-linkk-order-seo-backlinks-homepage-4-13/,"TELEGRAM @SEO_LINKK_ORDER – SEO BACKLINKS, HOMEPAGE LINKS, CROSSLINKS – World Moving Bolivia",True,False
hubbry.com,14.0,https://alphonsomango.in/blogs/how/alphonso-mango-origin-story,https://alphonsomango.in/blogs/how/alphonso-mango-origin-story,https://www.hubbry.com/Mango,Mango - Сommunity Hub,True,False
ipokemonshop.com,13.0,buy saffron online,https://alphonsomango.in/products/saffron-kesar,https://ipokemonshop.com/traditional-dutch-food-the-rijsttafel/,Traditional Dutch Food – The Rijsttafel – I Pokemon Shop,False,False
thedailydiscover.com,13.0,Order Your Alphonso Mango Online Direct to your Home,https://alphonsomango.in/,https://thedailydiscover.com/summer-delights-delivered-experience-ratnagiri-and-devgad-alphonso-mangoes-at-your-doorstep/,Summer Delights Delivered: Experience Ratnagiri and Devgad Alphonso Mangoes at Your Doorstep,False,False
therepublicglobal.com,13.0,Devgad Alphonso Mango,https://alphonsomango.in/products/devgad-alphonso-mango,https://therepublicglobal.com/malawi-mangoes-a-taste-of-sunshine-from-warm-heart-of-africa-now-in-india/,Malawi Mangoes: A Taste Of Sunshine From The Warm Heart Of Africa Now In India - Republic Global,True,False
financegoahead.com,13.0,Order Your Alphonso Mango Online Direct to your Home,https://alphonsomango.in/,https://financegoahead.com/summer-delights-delivered-experience-ratnagiri-and-devgad-alphonso-mangoes-at-your-doorstep/,Summer Delights Delivered: Experience Ratnagiri and Devgad Alphonso Mangoes at Your Doorstep - FGH,False,False
topicseveryday.com,13.0,Order Your Alphonso Mango Online Direct to your Home,https://alphonsomango.in/,https://topicseveryday.com/agency-news/summer-delights-delivered-experience-ratnagiri-and-devgad-alphonso-mangoes-at-your-doorstep/,Summer Delights Delivered: Experience Ratnagiri and Devgad Alphonso Mangoes at Your Doorstep - Topics EveryDay,False,False
topicsdaily.com,13.0,Order Your Alphonso Mango Online Direct to your Home,https://alphonsomango.in/,https://topicsdaily.com/summer-delights-delivered-experience-ratnagiri-and-devgad-alphonso-mangoes-at-your-doorstep/,Summer Delights Delivered: Experience Ratnagiri and Devgad Alphonso Mangoes at Your Doorstep - TopicsDaily,False,False
businessdirectorybd.com,12.0,VISIT THEIR WEBSITE,https://www.alphonsomango.in/,https://www.businessdirectorybd.com/business-details.php?businessid=1605,Global Business Directory | Business Profile of Powle Home foods,False,False
forums.auscelebs.net,12.0,WWW,https://alphonsomango.in/products/black-raisins-seed-less,https://forums.auscelebs.net/viewtopic.php?f=108&t=16069&hilit=Search%E2%80%A6&start=410,AusCelebs Forums - View topic - Dont know who she is ??? (Post it here),False,False
monyomonyo.net,12.0,Alphonso Mango Online Kochi,https://alphonsomango.in/blogs/ratnagiri-hapus/alphonso-mango-online-kochi,https://www.monyomonyo.net/oeznv/eastern-feast-kesar-mango-pulp,eastern feast kesar mango pulp,False,False
enrichdaily.com,12.0,Order Your Alphonso Mango Online Direct to your Home,https://alphonsomango.in/,https://enrichdaily.com/summer-delights-delivered-experience-ratnagiri-and-devgad-alphonso-mangoes-at-your-doorstep/,Summer Delights Delivered: Experience Ratnagiri and Devgad Alphonso Mangoes at Your Doorstep,False,False
j2i2.com,12.0,Kashmiri Kesar,https://alphonsomango.in/products/saffron-kesar,https://j2i2.com/the-5-best-street-food-cities-for-food-lovers-around-the-world/,The 5 Best Street Food Cities for Food Lovers Around the World – J2i2,False,False
wiki.kunaldawn.com,11.0,Aamras recipe,https://alphonsomango.in/blogs/recipe/aamras-recipe,https://wiki.kunaldawn.com/content/wikipedia_en_all_maxi_2025-08/Maharashtrian_cuisine,Maharashtrian cuisine,True,False
duhocchina.com,11.0,Aamras recipe,https://alphonsomango.in/blogs/recipe/aamras-recipe,https://duhocchina.com/en/Maharashtrian_cuisine,Maharashtrian cuisine: Cuisine of the Marathi people from the state of Maharashtra in India - Study in China,True,False
jazminsbeautysalon.be,11.0,LINKS FOR alphonsomango.in TELEGRAM @happygrannypies,https://alphonsomango.in/,https://www.jazminsbeautysalon.be/best-white-dark-hat-linkbuilding-for-your-website-1928/,BEST WHITE/DARK HAT LINKBUILDING FOR YOUR WEBSITE! NO PREPAYMENTS! 100% TRUSTWORTHY! – Jazmin' s Beautysalon,False,False
sisgroup.lk,11.0,OUR TELEGRAM CHANEL https://t.me/s/quarterlinks25,https://alphonsomango.in/,https://sisgroup.lk/quarterlinks-dofollow-article-links-just-for-25-2939/,QuarterLinks- Dofollow Article Links just for 25 cents. – SIS GROUP,True,False
steemitdev.com,11.0,https://alphonsomango.in/blogs/saffron/saffron,https://alphonsomango.in/blogs/saffron/saffron,https://steemitdev.com/saffron/@fainamiller/kashmiri-saffron-use-benefits-and-origin,"Kashmiri Saffron Use, Benefits & origin — Steemit",True,False
ninitiny.com,11.0,alphonsomango.in,https://alphonsomango.in/blogs/hapus-benefits/nuts-for-new-moms-boost-milk-supply?srsltid=AfmBOopcsuV6rmFd-4q5LKgipVUTI0jCYC2Tm-s-CjRo__UL8BcvH_fn,https://ninitiny.com/%D8%A2%D8%AC%DB%8C%D9%84-%D9%BE%D8%B3-%D8%A7%D8%B2-%D8%B2%D8%A7%DB%8C%D9%85%D8%A7%D9%86/,بایدها و نبایدهای مصرف آجیل پس از زایمان - نی نی تینی,False,False
thereadersdigest.com,11.0,Order Your Alphonso Mango Online Direct to your Home,https://alphonsomango.in/,https://thereadersdigest.com/summer-delights-delivered-experience-ratnagiri-and-devgad-alphonso-mangoes-at-your-doorstep/,Summer Delights Delivered: Experience Ratnagiri and Devgad Alphonso Mangoes at Your Doorstep,False,False
morikouji.jp,11.0,TELEGRAM @MASSLINKER | SOFTWARE TO PUBLISH BACKLINKS YOURSELF | MASSLINKER.COM,https://alphonsomango.in/blogs/raisins/kismis?srsltid=AfmBOoojU2T0I1u_dtRDWTiF1bgumXxhITmuk7WK9vlZVF91j8SK_Bqu,http://www.morikouji.jp/masslinker/30510.html,TELEGRAM @MASSLINKER | SOFTWARE TO PUBLISH BACKLINKS YOURSELF | MASSLINKER.COM | 愛知県あま市議会議員 森こうじ,True,False
webblogshops.com,11.0,Kashmiri Kesar,https://alphonsomango.in/products/saffron-kesar,https://webblogshops.com/what-are-food-additives/,What Are Food Additives? – Webblogshops,False,False
activatuhosting.com,11.0,Kesar,https://alphonsomango.in/products/saffron-kesar,https://activatuhosting.com/page/6/,Activatu Hosting – Page 6,False,False
casasarticola.com,11.0,"TELEGRAM @SEO_LINKK_ORDER – SEO BACKLINKS, HOMEPAGE LINKS, CROSSLINKS",https://alphonsomango.in/blogs/raisins/kismis?srsltid=AfmBOoojU2T0I1u_dtRDWTiF1bgumXxhITmuk7WK9vlZVF91j8SK_Bqu,https://www.casasarticola.com/index.php/telegram-seo-linkk-order-seo-backlinks-homepage-4-7/,"TELEGRAM @SEO_LINKK_ORDER - SEO BACKLINKS, HOMEPAGE LINKS, CROSSLINKS - Casa Sarticola",True,False
topicstoknow.com,11.0,Order Your Alphonso Mango Online Direct to your Home,https://alphonsomango.in/,https://topicstoknow.com/agency-news/summer-delights-delivered-experience-ratnagiri-and-devgad-alphonso-mangoes-at-your-doorstep/,Summer Delights Delivered: Experience Ratnagiri and Devgad Alphonso Mangoes at Your Doorstep,False,False
delhismartcityresidency.com,11.0,saffron buy online,https://alphonsomango.in/products/saffron-kesar,https://delhismartcityresidency.com/author/localdomains/page/5/,Janet – Page 5 – Delhi Smart City Residency,False,False
everydaysubjects.com,11.0,Order Your Alphonso Mango Online Direct to your Home,https://alphonsomango.in/,https://everydaysubjects.com/summer-delights-delivered-experience-ratnagiri-and-devgad-alphonso-mangoes-at-your-doorstep/,Summer Delights Delivered: Experience Ratnagiri and Devgad Alphonso Mangoes at Your Doorstep,False,False
deluxeprivateboats.com,10.0,Toby Abercrombie,https://alphonsomango.in/products/black-raisins-seedless,https://deluxeprivateboats.com/the-big-lesson,"COVID - 19, THE BIG LESSON? - Deluxe Private Boats",True,True
consumetrue.com,10.0,Order Your Alphonso Mango Online Direct to your Home,https://alphonsomango.in/,https://consumetrue.com/summer-delights-delivered-experience-ratnagiri-and-devgad-alphonso-mangoes-at-your-doorstep/,Summer Delights Delivered: Experience Ratnagiri and Devgad Alphonso Mangoes at Your Doorstep – ConsumeTrue,False,False
theexpertfinds.com,10.0,Order Your Alphonso Mango Online Direct to your Home,https://alphonsomango.in/,https://theexpertfinds.com/summer-delights-delivered-experience-ratnagiri-and-devgad-alphonso-mangoes-at-your-doorstep/,Summer Delights Delivered: Experience Ratnagiri and Devgad Alphonso Mangoes at Your Doorstep,False,False
library.eshikshya.org,10.0,Aamras recipe,https://alphonsomango.in/blogs/recipe/aamras-recipe,http://library.eshikshya.org/kiwix/content/wikipedia_en_all_maxi_2023-05/A/Maharashtrian_cuisine,Maharashtrian cuisine,False,False
baixuetv.com,10.0,buy cashew nuts online,https://alphonsomango.in/products/salted-cashew-nuts,https://baixuetv.com/dish-up-nuts-seeds-and-legumes-for-good-health/,"Dish Up Nuts, Seeds and Legumes for Good Health – Baixue Tv",False,False
jaipurbytes.com,10.0,Ratnagiri Alphonso Mango,https://alphonsomango.in/products/ratnagiri-alphonso-mango,https://www.jaipurbytes.com/malawi-mangoes-a-taste-of-sunshine-from-the-warm-heart-of-africa-now-in-india-2279,"Malawi Mangoes: A Taste of Sunshine from the Warm Heart of Africa Now in India - Jaipur Bytes | Latest News India, Punjab, World | Crime News | Political News | Entertainment News",False,False
dailytopic.co,10.0,Order Your Alphonso Mango Online Direct to your Home,https://alphonsomango.in/,https://dailytopic.co/summer-delights-delivered-experience-ratnagiri-and-devgad-alphonso-mangoes-at-your-doorstep/,Summer Delights Delivered: Experience Ratnagiri and Devgad Alphonso Mangoes at Your Doorstep | Dailytopics,False,False
contentpedia.co,10.0,Order Your Alphonso Mango Online Direct to your Home,https://alphonsomango.in/,https://contentpedia.co/agency-news/summer-delights-delivered-experience-ratnagiri-and-devgad-alphonso-mangoes-at-your-doorstep/,Summer Delights Delivered: Experience Ratnagiri and Devgad Alphonso Mangoes at Your Doorstep - ContentPedia,False,False
garagedooropenersriverside.com,9.0,buy cashew nuts online,https://alphonsomango.in/products/salted-cashew-nuts,https://garagedooropenersriverside.com/author/localdomains/page/20/,Mark – Page 20 – Garage Door Openers River Side,False,False
kaweah.freedombox.rocks,9.0,Aamras recipe,https://alphonsomango.in/blogs/recipe/aamras-recipe,https://kaweah.freedombox.rocks/kiwix/content/wikipedia_en_all_maxi_2023-10/A/Maharashtrian_cuisine,Maharashtrian cuisine,False,False
laurelstreetsmiles.com,9.0,"TELEGRAM @SEO_LINKK_ORDER – SEO BACKLINKS, HOMEPAGE LINKS, CROSSLINKS",https://alphonsomango.in/blogs/raisins/kismis?srsltid=AfmBOoojU2T0I1u_dtRDWTiF1bgumXxhITmuk7WK9vlZVF91j8SK_Bqu,https://laurelstreetsmiles.com/telegram-seo-linkk-order-seo-backlinks-homepage-4-15/,"TELEGRAM @SEO_LINKK_ORDER – SEO BACKLINKS, HOMEPAGE LINKS, CROSSLINKS – yenbasingdmd",True,False
theroyalbohemian.com,9.0,Pingback,https://alphonsomango.in/blogs/mango-benefits/mango,https://theroyalbohemian.com/ringing-in-year-of-the-monkey/,Ringing In ‘Year of The Monkey’! – The Royal Bohemian,False,False
new.cheshirehomessocietyzambia.org,9.0,Mango,https://alphonsomango.in/blogs/health/mango,https://www.new.cheshirehomessocietyzambia.org/cheshire-homes-comes-to-aid-of-girl/,Cheshire Homes comes to aid of Girl - Cheshire Homes Society of Zambia,True,True
commontopics.co,9.0,Order Your Alphonso Mango Online Direct to your Home,https://alphonsomango.in/,https://commontopics.co/agency-news/summer-delights-delivered-experience-ratnagiri-and-devgad-alphonso-mangoes-at-your-doorstep/,Summer Delights Delivered: Experience Ratnagiri and Devgad Alphonso Mangoes at Your Doorstep - Common Topics,False,False
iiab.live,9.0,Aamras recipe,https://alphonsomango.in/blogs/mango-recipe/aamras-recipe,https://iiab.live/kiwix/content/wikipedia_en_all_maxi_2023-05/A/Maharashtrian_cuisine,Maharashtrian cuisine,False,False
prizedpcs.com.au,8.0,"TELEGRAM @SEO_LINKK_ORDER – SEO BACKLINKS, HOMEPAGE LINKS, CROSSLINKS",https://alphonsomango.in/blogs/raisins/kismis?srsltid=AfmBOoojU2T0I1u_dtRDWTiF1bgumXxhITmuk7WK9vlZVF91j8SK_Bqu,https://www.prizedpcs.com.au/telegram-seo-linkk-order-seo-backlinks-homepage-4-15/,"TELEGRAM @SEO_LINKK_ORDER – SEO BACKLINKS, HOMEPAGE LINKS, CROSSLINKS – prizedpcs",True,False
edfella-yestoday.com,8.0,Mangoes,https://alphonsomango.in/blogs/health-benefits/mango,https://edfella-yestoday.com/november-7th-todays-posts/,edfella-yestoday,True,True
eclipsetrackandfieldclub.ca,8.0,Ajwa Dates,https://alphonsomango.in/products/ajwa-dates-ajwa-khajoor,https://www.eclipsetrackandfieldclub.ca/post/obesity-and-today-s-society~-an-epidemic,OBESITY AND TODAY’S SOCIETY~ AN EPIDEMIC,False,False
revan-me.com,8.0,JOIN OUR TELEGRAM https://t.me/s/darksidelinks,https://alphonsomango.in/,https://revan-me.com/bez-rubriki/dark-side-links-dark-white-hat-link-building-945/,🛸 Dark Side Links – Dark/White Hat Link Building Services – Revan,True,False
lojakip.com,8.0,Godambi price store,https://alphonsomango.in/cdn/shop/files/godambi-marking-nut-alphonsomango-in-4.jpg,https://lojakip.com/?l=80288117,Godambi price store,False,False
classicmovies.in,8.0,Dates Badam Lehyam,https://alphonsomango.in/blogs/almonds/tagged/badam-lehyam-benefits-malayalam?srsltid=AfmBOooMtPHaaX_wqSf54_GMrg7mDUVI9fPrZLRP2cG-DPLQYlER6pGy,https://classicmovies.in/health-benefits-dates-badam-lehyam/,"Health Benefits Dates Badam Lehyam വീട്ടിൽ തന്നെ തയ്യാറാക്കി എടുക്കാവുന്ന ഒരു കിടിലൻ ലേഹ്യം!! ശരീരം പുഷ്ടിപ്പെടുത്താനും, രക്ത ക്കുറവ് പരിഹരിക്കാനും ഇത് ദിവസേന കഴിച്ചാൽ മാത്രം മതിയാകും…. | Super New No 1",False,False
enagegate.co.jp,8.0,Mangos,https://alphonsomango.in/,http://enagegate.co.jp/about/,当社ができること – 株式会社ENAGEGATE（エナジーゲイト）,True,False
scoutallen.com,8.0,Kesar,https://alphonsomango.in/products/saffron-kesar,https://scoutallen.com/health-benefits-of-saffron-extract-supplements/,Health Benefits of Saffron Extract Supplements – Scout Allen,False,False
zambiafiles.com,8.0,Aamras recipe,https://alphonsomango.in/blogs/recipe/aamras-recipe,https://www.zambiafiles.com/wiki/Maharashtrian_cuisine,Maharashtrian cuisine | ZambiaFiles,True,False
kiwix.gnuisnotunix.com,8.0,Aamras recipe,https://alphonsomango.in/blogs/recipe/aamras-recipe,https://kiwix.gnuisnotunix.com/wikipedia_en_all_maxi_2021-12/A/Maharashtrian_cuisine,Maharashtrian cuisine,False,False
9570b.com,8.0,buy kashmir saffron online,https://alphonsomango.in/products/saffron-kesar,https://9570b.com/author/localdomains/page/12/,Judy – Page 12 – 9570b,False,False
topreads.co,7.0,Order Your Alphonso Mango Online Direct to your Home,https://alphonsomango.in/,https://topreads.co/summer-delights-delivered-experience-ratnagiri-and-devgad-alphonso-mangoes-at-your-doorstep/,Summer Delights Delivered: Experience Ratnagiri and Devgad Alphonso Mangoes at Your Doorstep - TopReads,False,False
easyimagetools.com,7.0,Cashew outlet nuts purchase,https://alphonsomango.in/cdn/shop/files/buy-salted-cashew-nuts-online-or-khara-kaju-alphonsomango-in-1_960x540.jpg,https://easyimagetools.com/?e=43355417,Cashew outlet nuts purchase,False,False
readerspool.com,7.0,Order Your Alphonso Mango Online Direct to your Home,https://alphonsomango.in/,https://readerspool.com/summer-delights-delivered-experience-ratnagiri-and-devgad-alphonso-mangoes-at-your-doorstep/,Summer Delights Delivered: Experience Ratnagiri and Devgad Alphonso Mangoes at Your Doorstep,False,False
perlitemahan.ir,7.0,"TELEGRAM @LINKS_BUILD – SEO BACKLINKS, MASS BACKLINKING, HOMEPAGE LINKS",https://alphonsomango.in/,https://perlitemahan.ir/blog/links-build/telegram-links-build-seo-backlinks-mass-3-2/,"TELEGRAM @LINKS_BUILD – SEO BACKLINKS, MASS BACKLINKING, HOMEPAGE LINKS – پرلیت ماهان اصفهان",True,False
nulookhairbraiding.com,7.0,buy saffron online,https://alphonsomango.in/products/saffron-kesar,https://nulookhairbraiding.com/mood-foods-foods-that-affect-your-mood/,Mood Foods: Foods That Affect Your Mood – Nu look hair braiding,False,False
suadienlanhhaiduong.com,7.0,JOIN OUR TELEGRAM https://t.me/s/darksidelinks,https://alphonsomango.in/,https://suadienlanhhaiduong.com/dark-side-links-dark-white-hat-link-building-945/,🛸 Dark Side Links – Dark/White Hat Link Building Services – TRUNG TÂM ĐIỆN TỬ ĐIỆN LẠNH HẢI DƯƠNG (TIẾN TỚI),True,False
sblmerchant.com,7.0,JOIN OUR TELEGRAM https://t.me/s/darksidelinks,https://alphonsomango.in/,https://sblmerchant.com/dark-side-links-dark-white-hat-link-building-945/,🛸 Dark Side Links - Dark/White Hat Link Building Services - SBL Merchant,True,False
newsblogsports.site,7.0,Best Pinterest Tool SiteToSocial.com to Grow Your Website Traffic Fully Automated,https://alphonsomango.in/,https://newsblogsports.site/all/35/11,Best Tool for Pinterest SiteToSocial Fully Automated AI Generated Pins Grow Your Website Traffic,False,False
topicsreader.com,7.0,Order Your Alphonso Mango Online Direct to your Home,https://alphonsomango.in/,https://topicsreader.com/summer-delights-delivered-experience-ratnagiri-and-devgad-alphonso-mangoes-at-your-doorstep/,Summer Delights Delivered: Experience Ratnagiri and Devgad Alphonso Mangoes at Your Doorstep - Topics Reader,False,False
www-y186.com,6.0,buy kashmir saffron online,https://alphonsomango.in/products/saffron-kesar,https://www-y186.com/why-is-improving-and-selecting-more-nutrient-dense-foods-to-eat-important/,Why Is Improving and Selecting More Nutrient Dense Foods to Eat – Important? – Www-y186,False,False
everydaynewz.co,6.0,Order Your Alphonso Mango Online Direct to your Home,https://alphonsomango.in/,https://everydaynewz.co/summer-delights-delivered-experience-ratnagiri-and-devgad-alphonso-mangoes-at-your-doorstep/,Summer Delights Delivered: Experience Ratnagiri and Devgad Alphonso Mangoes at Your Doorstep,False,False
indiabusinessguide.in,6.0,https://alphonsomango.in/products/alphonso-mango-pulp,https://alphonsomango.in/products/alphonso-mango-pulp,https://www.indiabusinessguide.in/business-details/powle-home-foods-087c6e691b2ea814d05931cde43228a4.html,Powle Home Foods - Mumbai - Cashews in Mumbai - India Business Directory,False,False
itsh.edu.mk,6.0,Mangoes,https://alphonsomango.in/,https://itsh.edu.mk/mk/konkurse/,Konkurse – ITSH,True,True
leeshiservic.top,6.0,Cashew Nuts,https://alphonsomango.in/products/salted-cashew-nuts,https://leeshiservic.top/give-the-gift-of-nuts-and-dried-fruits-which-are-sure-to-please/,Give the Gift of Nuts and Dried Fruits Which Are Sure to Please – Leeshi Servic,False,False
wikipedia.nlaha.com,6.0,Aamras recipe,https://alphonsomango.in/blogs/mango-recipe/aamras-recipe,https://wikipedia.nlaha.com/content/wikipedia_en_all_maxi_2024-01/A/Maharashtrian_cuisine,Maharashtrian cuisine,False,False
uuu787.com,6.0,Cashew Nuts,https://alphonsomango.in/products/salted-cashew-nuts,https://www.uuu787.com/2022/05/,May 2022 – Uuu787,False,False
cttbeats.capetownthing.co.za,6.0,JOIN OUR TELEGRAM https://t.me/s/darksidelinks,https://alphonsomango.in/,https://cttbeats.capetownthing.co.za/2026/02/21/dark-side-links-dark-white-hat-link-building-945/,🛸 Dark Side Links – Dark/White Hat Link Building Services – CTT Beats,True,False
mplhair.com,6.0,Ratnagiri Alphonso Mango,https://alphonsomango.in/,https://www.mplhair.com/post/afro-hair-habits-to-adopt,Afro hair habits to adopt,False,False
btaskee.work,6.0,hệ xương,https://alphonsomango.in/blogs/health/mango-good-for-bones-help-strengthen-bones,https://www.btaskee.work/vi-VN/blog/xoai-bao-nhieu-calo/,1 Quả Xoài Bao Nhiêu Calo? Ăn Xoài Có Bị Béo Và Nóng?,True,False
849gan.com,6.0,cashew salted,https://alphonsomango.in/products/salted-cashew-nuts,https://www.849gan.com/2022/05/,May 2022 – 849Gan,False,False
captionace.com,6.0,Healthy mango,https://alphonsomango.in/blogs/healthy-mango,https://captionace.com/mango-captions-for-instagram/,"401+ Mango Captions for Instagram | Juicy, Sweet & Tropical Vibes",True,False
ritmostudio.sg,5.0,Khajoor,https://alphonsomango.in/products/medjool-dates-medjoul-khajoor,https://www.ritmostudio.sg/post/basic-guitar-songs-to-learn-for-12-year-olds,Basic Guitar Songs to Learn for 12-Year-Olds,False,False
wilearn.ch,5.0,Aamras recipe,https://alphonsomango.in/blogs/mango-recipe/aamras-recipe,http://wilearn.ch/kiwix/wikipedia_en_all_maxi_2021-12/A/Maharashtrian_cuisine,Maharashtrian cuisine,False,False
olps.co.za,5.0,Aamras recipe,https://alphonsomango.in/blogs/recipe/aamras-recipe,https://olps.co.za/kiwix/content/wikipedia_en_all_maxi_2024-01/A/Maharashtrian_cuisine,Maharashtrian cuisine,False,False
ezzycann.com,5.0,TELEGRAM @MASSLINKER | SOFTWARE TO PUBLISH BACKLINKS YOURSELF | MASSLINKER.COM,https://alphonsomango.in/blogs/raisins/kismis?srsltid=AfmBOoojU2T0I1u_dtRDWTiF1bgumXxhITmuk7WK9vlZVF91j8SK_Bqu,https://www.ezzycann.com/telegram-masslinker-software-to-publish-backlinks-4-5/,TELEGRAM @MASSLINKER | SOFTWARE TO PUBLISH BACKLINKS YOURSELF | MASSLINKER.COM – EzzyCann | YouTuber | Tech Videos,True,False
farmovationpakistan.com,5.0,Godambi price new arrivals,https://alphonsomango.in/cdn/shop/files/godambi-marking-nut-alphonsomango-in-3.jpg,https://www.farmovationpakistan.com/?f=80288117,Godambi price new arrivals,False,False
howellglasslol.com,4.8,TELEGRAM @MASSLINKER | SOFTWARE TO PUBLISH BACKLINKS YOURSELF | MASSLINKER.COM,https://alphonsomango.in/blogs/raisins/kismis?srsltid=AfmBOoojU2T0I1u_dtRDWTiF1bgumXxhITmuk7WK9vlZVF91j8SK_Bqu,https://www.howellglasslol.com/?p=200093,TELEGRAM @MASSLINKER | SOFTWARE TO PUBLISH BACKLINKS YOURSELF | MASSLINKER.COM | Howell Glass & Mirror,True,False
ailments.in,4.6,Alphonso Mango,https://alphonsomango.in/products/saffron-kesar,http://ailments.in/fever.html,"Fever, cause, treatment, remedies and prevention",False,False
condopropertylaunch.com,4.6,"TELEGRAM @SEO_LINKK_ORDER – SEO BACKLINKS, HOMEPAGE LINKS, CROSSLINKS",https://alphonsomango.in/blogs/raisins/kismis?srsltid=AfmBOoojU2T0I1u_dtRDWTiF1bgumXxhITmuk7WK9vlZVF91j8SK_Bqu,https://condopropertylaunch.com/telegram-seo-linkk-order-seo-backlinks-homepage-4-2/,"TELEGRAM @SEO_LINKK_ORDER – SEO BACKLINKS, HOMEPAGE LINKS, CROSSLINKS – CondoPropertyLaunch",True,False
call.theoptimalplumber.com,4.5,TELEGRAM @MASSLINKER | SOFTWARE TO PUBLISH BACKLINKS YOURSELF | MASSLINKER.COM,https://alphonsomango.in/blogs/raisins/kismis?srsltid=AfmBOoojU2T0I1u_dtRDWTiF1bgumXxhITmuk7WK9vlZVF91j8SK_Bqu,https://call.theoptimalplumber.com/2026/01/26/telegram-masslinker-software-to-publish-backlinks-4-6/,TELEGRAM @MASSLINKER | SOFTWARE TO PUBLISH BACKLINKS YOURSELF | MASSLINKER.COM – Optimal Plumbing Solutions,True,False
thereadersarena.com,4.2,Order Your Alphonso Mango Online Direct to your Home,https://alphonsomango.in/,https://thereadersarena.com/summer-delights-delivered-experience-ratnagiri-and-devgad-alphonso-mangoes-at-your-doorstep/,Summer Delights Delivered: Experience Ratnagiri and Devgad Alphonso Mangoes at Your Doorstep - The Readers Arena,False,False
onesupport.dk,4.1,"TELEGRAM @SEO_LINKK_ORDER – SEO BACKLINKS, HOMEPAGE LINKS, CROSSLINKS",https://alphonsomango.in/blogs/raisins/kismis?srsltid=AfmBOoojU2T0I1u_dtRDWTiF1bgumXxhITmuk7WK9vlZVF91j8SK_Bqu,https://onesupport.dk/telegram-seo-linkk-order-seo-backlinks-homepage-4-22/,"TELEGRAM @SEO_LINKK_ORDER – SEO BACKLINKS, HOMEPAGE LINKS, CROSSLINKS | One Support DK - Private PC & Mac Support",True,False
fred-riolon.com,4.1,buy saffron online,https://alphonsomango.in/products/saffron-kesar,https://fred-riolon.com/category/business/,Business – Fred-Riolon,False,False
igbwire.com,3.9,Devgad Alphonso Mango,https://alphonsomango.in/products/devgad-alphonso-mango,https://igbwire.com/malawi-mangoes-a-taste-of-sunshine-from-the-warm-heart-of-africa-now-in-india,"Malawi Mangoes: A Taste of Sunshine from the Warm Heart of Africa Now in India - IGBWire.com | Latest News India, Punjab, World | Crime News | Political News | Entertainment News",False,False
stackumbrella.in,3.9,Alphanso Mangoes,https://alphonsomango.in/,https://stackumbrella.in/1500-varieties-of-mangoes-are-available-in-india,हिमसागर हैं आमों में सबसे छोटे आकार का आम जिसे खाने के बाद आप मिठाई खाना भूल जाएंगे!!,False,False
ghost-sightings.com,3.6,"TELEGRAM @SEO_LINKK_ORDER – SEO BACKLINKS, HOMEPAGE LINKS, CROSSLINKS",https://alphonsomango.in/blogs/raisins/kismis?srsltid=AfmBOoojU2T0I1u_dtRDWTiF1bgumXxhITmuk7WK9vlZVF91j8SK_Bqu,http://www.ghost-sightings.com/telegram-seo-linkk-order-seo-backlinks-homepage-4-10/,"TELEGRAM @SEO_LINKK_ORDER – SEO BACKLINKS, HOMEPAGE LINKS, CROSSLINKS",True,False
soreyniceproperties.com,3.6,"TELEGRAM @LINKS_BUILD – SEO BACKLINKS, MASS BACKLINKING, HOMEPAGE LINKS",https://alphonsomango.in/,https://soreyniceproperties.com/telegram-links-build-seo-backlinks-mass-3-3/,"TELEGRAM @LINKS_BUILD – SEO BACKLINKS, MASS BACKLINKING, HOMEPAGE LINKS – Soreynice Properties",True,False
misstamilnadu.org,3.4,Ratnagiri Alphonso Mango Buy Online Ratnagiri Hapus,https://alphonsomango.in/products/ratnagiri-alphonso-mango,https://misstamilnadu.org/okbwqb/what-are-purple-mangoes-called,what are purple mangoes called,False,False
clotilde.biz,3.3,almond buy online,https://alphonsomango.in/products/california-almonds-badam,https://www.clotilde.biz/post/c-o-n-t-n-u-i-t-%C3%A0,c o n t i n u i t à,False,False
kiwix.hajekad.com,3.3,Aamras recipe,https://alphonsomango.in/blogs/mango-recipe/aamras-recipe,https://kiwix.hajekad.com/content/wikipedia_en_all_maxi_2025-08/Maharashtrian_cuisine,Maharashtrian cuisine,True,False
walkersforbaby.com,3.2,"TELEGRAM @SEO_LINKK_ORDER – SEO BACKLINKS, HOMEPAGE LINKS, CROSSLINKS",https://alphonsomango.in/blogs/raisins/kismis?srsltid=AfmBOoojU2T0I1u_dtRDWTiF1bgumXxhITmuk7WK9vlZVF91j8SK_Bqu,https://www.walkersforbaby.com/telegram-seo-linkk-order-seo-backlinks-homepage-4-2.html,"TELEGRAM @SEO_LINKK_ORDER - SEO BACKLINKS, HOMEPAGE LINKS, CROSSLINKS | Baby Walkers",True,False
konkansamrat.com,3.2,,https://alphonsomango.in/blogs/mango-exports/how-to-export-mango-from-india,https://konkansamrat.com/the-global-demand-for-indian-mangoes-market-trends-reshaping-a-billion-dollar-fruit-industry/,The Global Demand for Indian Mangoes: Market Trends Reshaping a Billion-Dollar Fruit Industry – Authentic Alphonso Mangoes,False,False
wiki.brodin.rocks,3.1,Aamras recipe,https://alphonsomango.in/blogs/recipe/aamras-recipe,https://wiki.brodin.rocks/content/wikipedia_en_all_maxi_2024-01/A/Maharashtrian_cuisine,Maharashtrian cuisine,False,False
wikipedia.blackbriarcomputing.com,3.1,Aamras recipe,https://alphonsomango.in/blogs/mango-recipe/aamras-recipe,https://wikipedia.blackbriarcomputing.com/content/wikipedia_en_all_maxi_2024-01/A/Maharashtrian_cuisine,Maharashtrian cuisine,False,False
bluecantera.com,3.1,JOIN OUR TELEGRAM https://t.me/s/darksidelinks,https://alphonsomango.in/,http://bluecantera.com/dark-side-links-dark-white-hat-link-building-945/,🛸 Dark Side Links – Dark/White Hat Link Building Services – Blue Cantera,True,False
cliffipedia.org,3.1,Aamras recipe,https://alphonsomango.in/blogs/recipe/aamras-recipe,http://cliffipedia.org/content/wikipedia_en_all_maxi_2025-08/Maharashtrian_cuisine,Maharashtrian cuisine,True,False
nexugsolar.com,3.1,Buy Ratnagiri Mangoes,https://alphonsomango.in/blogs/buy/ratnagiri-mangoes,https://nexugsolar.com/product/ratnagiri-alphonso-mango-devgad-mango/,Ratnagiri alphonso mango & Devgad alphonso mango – NEXUG,False,False
kiwix.tristanhavelick.com,3.1,Aamras recipe,https://alphonsomango.in/blogs/recipe/aamras-recipe,https://kiwix.tristanhavelick.com/content/wikipedia_en_all/A/Maharashtrian_cuisine,Maharashtrian cuisine,False,False
silva.adv.br,3.0,TELEGRAM @MASSLINKER | SOFTWARE TO PUBLISH BACKLINKS YOURSELF | MASSLINKER.COM,https://alphonsomango.in/blogs/raisins/kismis?srsltid=AfmBOoojU2T0I1u_dtRDWTiF1bgumXxhITmuk7WK9vlZVF91j8SK_Bqu,https://silva.adv.br/telegram-masslinker-software-to-publish-backlinks-4-6/,TELEGRAM @MASSLINKER | SOFTWARE TO PUBLISH BACKLINKS YOURSELF | MASSLINKER.COM « Silva Advogados – Curitiba – Paraná – (41) 3311-2476,True,False
natacionsanfernando.es,2.9,Mangoes,https://alphonsomango.in/,http://www.natacionsanfernando.es/event/trofeo-ciudad-de-jerez/,Club Natación San Fernando » Trofeo Ciudad de Jerez,True,False
amazingtopics.co,2.9,Order Your Alphonso Mango Online Direct to your Home,https://alphonsomango.in/,https://amazingtopics.co/summer-delights-delivered-experience-ratnagiri-and-devgad-alphonso-mangoes-at-your-doorstep/,Summer Delights Delivered: Experience Ratnagiri and Devgad Alphonso Mangoes at Your Doorstep,False,False
digitalstereo.com.co,2.8,buy ajwa dates online,https://alphonsomango.in/products/ajwa-dates-ajwa-khajoor,https://www.digitalstereo.com.co/post/cu%C3%A1l-es-la-funci%C3%B3n-del-podcast-todo-lo-que-debes-saber,Cuál es la función del podcast: todo lo que debes saber,False,False
bimotaforum.co.uk,2.8,Visit poster's website,https://alphonsomango.in/collections/dry-fruits/products/black-raisin,http://bimotaforum.co.uk/viewtopic.php?p=55308,Bimota Forum :: View topic - Nice Folk at Marvic,False,False
karwaanheritage.com,2.7,buy ajwa dates online,https://alphonsomango.in/products/ajwa-dates-ajwa-khajoor,https://www.karwaanheritage.com/post/nationalism-and-patriotism-a-dialogue-ofideologies-in-rabindranath-tagore-s-writings,Nationalism and Patriotism: A Dialogue of Ideologies in Rabindranath Tagore’s Writings,False,False
upcincorp.com,2.6,TELEGRAM @MASSLINKER | SOFTWARE TO PUBLISH BACKLINKS YOURSELF | MASSLINKER.COM,https://alphonsomango.in/blogs/raisins/kismis?srsltid=AfmBOoojU2T0I1u_dtRDWTiF1bgumXxhITmuk7WK9vlZVF91j8SK_Bqu,https://upcincorp.com/telegram-masslinker-software-to-publish-backlinks-4-8/,TELEGRAM @MASSLINKER | SOFTWARE TO PUBLISH BACKLINKS YOURSELF | MASSLINKER.COM – United Perfonmance,True,False
sprachschule-unna.de,2.3,Mango,https://alphonsomango.in/,http://sprachschule-unna.de/aside-post/,Aside post,True,True
shoplogist.com,2.3,JOIN OUR TELEGRAM https://t.me/s/darksidelinks,https://alphonsomango.in/,https://shoplogist.com/dark-side-links-dark-white-hat-link-building-945/,🛸 Dark Side Links - Dark/White Hat Link Building Services | SBL Commerce,True,False
bimocompany.com.br,2.3,TELEGRAM @MASSLINKER | SOFTWARE TO PUBLISH BACKLINKS YOURSELF | MASSLINKER.COM,https://alphonsomango.in/blogs/raisins/kismis?srsltid=AfmBOoojU2T0I1u_dtRDWTiF1bgumXxhITmuk7WK9vlZVF91j8SK_Bqu,https://bimocompany.com.br/telegram-masslinker-software-to-publish-backlinks-4-6/,TELEGRAM @MASSLINKER | SOFTWARE TO PUBLISH BACKLINKS YOURSELF | MASSLINKER.COM – bimocompany.com.br,True,False
bloomonline.store,2.2,"TELEGRAM @LINKS_BUILD – SEO BACKLINKS, MASS BACKLINKING, HOMEPAGE LINKS",https://alphonsomango.in/,https://bloomonline.store/telegram-links-build-seo-backlinks-mass-3-2/,"TELEGRAM @LINKS_BUILD – SEO BACKLINKS, MASS BACKLINKING, HOMEPAGE LINKS – Bloom Online",True,False
bestfuzhi.com,2.2,,https://alphonsomango.in/products/black-raisins-seed-less,http://www.bestfuzhi.com/blog/LoadMod.asp?plugins=GuestBookForPJBlog&page=43499,'=假如你的名字叫傅智=-大智若鱼,False,False
hoppaarl.co.za,2.1,TELEGRAM @MASSLINKER | SOFTWARE TO PUBLISH BACKLINKS YOURSELF | MASSLINKER.COM,https://alphonsomango.in/blogs/raisins/kismis?srsltid=AfmBOoojU2T0I1u_dtRDWTiF1bgumXxhITmuk7WK9vlZVF91j8SK_Bqu,https://hoppaarl.co.za/telegram-masslinker-software-to-publish-backlinks-4-5/,TELEGRAM @MASSLINKER | SOFTWARE TO PUBLISH BACKLINKS YOURSELF | MASSLINKER.COM – House of Prayer Paarl,True,False
alphonsomango.shop,2.1,Contact,https://alphonsomango.in/pages/contact-us,https://alphonsomango.shop/blog/,Blog - Buy premium mangoes,False,False
duhud.com,2.1,Alphonsomango,https://alphonsomango.in/products/mazafati-date?variant=42468880941313,https://duhud.com/mazafati-dates-guide/,"Mazafati Dates: Origin, Appearance, Benefits & Culinary Uses | DuHuD",False,False
ozthegreatandpowerfulmovie.com,2.0,Ratnagiri Hapus Mango,https://alphonsomango.in/products/ratnagiri-alphonso-mango,https://ozthegreatandpowerfulmovie.com/ratnagiri-hapus-mango-a-tropical-fruit-you-must-try/,Ratnagiri Hapus Mango - A Tropical Fruit You Must Try - Oz The Great And Powerful Movie,False,False
fits.in,2.0,Alphonso Mango,https://alphonsomango.in/products/saffron-kesar,https://fits.in/author/fpl/,fpl | Fits,False,False
allindianwebsites.com,2.0,alphonsomango.in,http://alphonsomango.in/,https://www.allindianwebsites.com/domain-list-5,allindianwebsites.com | few of top websites | page no. 5,True,False
idtodance.com,1.9,,https://alphonsomango.in/,https://www.idtodance.com/audio-post/,Audio Post – ID to Dance,False,False
marathiwikipedia.com,1.9,आंबापोळी,https://alphonsomango.in/blogs/recipe/aam-papad-recipe,http://marathiwikipedia.com/%E0%A4%B9%E0%A4%BE%E0%A4%AA%E0%A5%82%E0%A4%B8_%E0%A4%86%E0%A4%82%E0%A4%AC%E0%A4%BE,हापूस आंबा - मराठी विकिपीडिया,True,False
jlvisuals.no,1.9,Mango,https://alphonsomango.in/,http://jlvisuals.no/single-post-gallery/,Single post gallery – JL Visuals,False,False
dolcefrutti.com,1.9,iron absorption,https://alphonsomango.in/blogs/hapus-benefits/iron-in-mango-uncovering-the-best-source-of-iron?srsltid=AfmBOorzkupQ28KVCK0rgssw_EF7IZb-86b4sJUDtl4mSU12KLLWaH7m,https://dolcefrutti.com/blogs/mangos/mango-for-iron-deficiency,Mango for Iron Deficiency – Dolce Frutti,False,False
kiwix.haohe.fun,1.8,Aamras recipe,https://alphonsomango.in/blogs/recipe/aamras-recipe,https://kiwix.haohe.fun/content/wikipedia_en_all_maxi_2024-01/A/Maharashtrian_cuisine,Maharashtrian cuisine,False,False
wiredstate.com,1.8,Website,https://alphonsomango.in/blogs/health/how-to-gain-weight,http://www.wiredstate.com/forum/viewtopic.php?p=497986,WiredState Audio Community • View topic - who is your favorite Female Vocalist?,False,False
afscme191.org,1.8,Mangos,https://alphonsomango.in/,http://afscme191.org/afscme-local-191-2014-management-agenda/,AFSCME Local 191 2014 Management Agenda – AFSCME Local 191,True,False
artbrgr.com,1.8,kesar,https://alphonsomango.in/products/saffron-kesar,https://artbrgr.com/how-to-buy-pure-kashmiri-kesar/,How to Buy Pure Kashmiri Kesar? - ART BRGR,True,False
blog.ask4healthcare.com,1.7,Prashant Powle,https://alphonsomango.in/products/saffron-kesar,https://blog.ask4healthcare.com/carrot-gaajar-nutrition-facts-and-health-benefits/,CARROT (Gaajar): NUTRITION FACTS AND HEALTH BENEFITS - Hope blog,True,True
powerzone.net,1.7,Mango,https://alphonsomango.in/blogs/health-benefits/mango,http://www.powerzone.net/2010/04/all-about-being-a-good-manager/,All About Being a Good Manager | Attorney Search,True,False
tradeapps.id,1.6,Cashew nut suppliers in konkan deals,https://alphonsomango.in/cdn/shop/files/cashew-nut-with-skin-or-goa-cashew-alphonsomango-in-3.jpg,http://tradeapps.id/?t=43354517,Cashew nut suppliers in konkan deals,False,False
bvkdvk.xyz,1.5,cashew salted,https://alphonsomango.in/products/salted-cashew-nuts,https://bvkdvk.xyz/you-must-be-nuts/,You Must Be Nuts! – Dvk Dvk,False,False
kiwix.hampton.id.au,1.5,Aamras recipe,https://alphonsomango.in/blogs/recipe/aamras-recipe,https://kiwix.hampton.id.au/content/wikipedia_en_all_maxi_2025-08/Maharashtrian_cuisine,Maharashtrian cuisine,True,False
hld.in,1.4,Alphonso Mango,https://alphonsomango.in/products/saffron-kesar,https://www.hld.in/,"Hotel listings,discounts in India, off season hotel rates",False,False
selfgrowth.app,1.4,"Websitehttps://alphonsomango.in/products/cashew-nut-broken-kaju-tukdaalphonsomango.in · Oct 21, 2020",https://alphonsomango.in/products/cashew-nut-broken-kaju-tukda,https://selfgrowth.app/topics/healthy-eating/browse,Browse Healthy Eating · SelfGrowth,False,False
wikipedia.thedupacs.net,1.4,Aamras recipe,https://alphonsomango.in/blogs/mango-recipe/aamras-recipe,https://wikipedia.thedupacs.net/content/wikipedia_en_all_maxi_2024-01/A/Maharashtrian_cuisine,Maharashtrian cuisine,False,False
lapulguia.mx,1.3,TELEGRAM @MASSLINKER | SOFTWARE TO PUBLISH BACKLINKS YOURSELF | MASSLINKER.COM,https://alphonsomango.in/blogs/raisins/kismis?srsltid=AfmBOoojU2T0I1u_dtRDWTiF1bgumXxhITmuk7WK9vlZVF91j8SK_Bqu,http://lapulguia.mx/wp/?paged=84&author=3,Ivan Valdes | La pulguia | Página 84,True,False
dynamic-template.com,1.2,alphonsomango.in,https://alphonsomango.in/,https://dynamic-template.com/how-much-does-it-cost-to-seal-pavers-in-florida/,How Much Does it Cost to Seal Pavers in Florida - DynamicTemplate,False,False
merakhersey.com,1.2,Ratnagiri Alphonso Mango,https://alphonsomango.in/products/ratnagiri-alphonso-mango,https://merakhersey.com/amazing-ratnagiri-alphonso-mango-benefits-you-need-to-know/,Amazing Ratnagiri Alphonso Mango Benefits You Need To Know - MERAKHERSEY,False,False
kraigmccreary.com,1.2,Mango,https://alphonsomango.in/,https://www.kraigmccreary.com/butchyoutubemonday-night-football,Butch/Youtube/Monday Night Football | Kraig McCreary,True,False
limonetworkonline.com,1.1,"TELEGRAM @SEO_LINKK_ORDER – SEO BACKLINKS, HOMEPAGE LINKS, CROSSLINKS",https://alphonsomango.in/blogs/raisins/kismis?srsltid=AfmBOoojU2T0I1u_dtRDWTiF1bgumXxhITmuk7WK9vlZVF91j8SK_Bqu,https://limonetworkonline.com/?p=61477,"TELEGRAM @SEO_LINKK_ORDER – SEO BACKLINKS, HOMEPAGE LINKS, CROSSLINKS – My blog",True,False
gorentals.com.pa,1.1,Premium Dry Fruits Tagged dried fruits in pregnancy AlphonsoMango.in,https://alphonsomango.in/cdn/shop/articles/alphonsomangoesin@gmail.com,http://www.gorentals.com.pa/?g=60865023,Are dried apricots bad for dogs best sale,False,False
angkasainovasi.com,1.0,Buy cashew nuts online hot sale,https://alphonsomango.in/cdn/shop/files/buy-kaju-online.jpg,https://www.angkasainovasi.com/?a=37927217,Buy cashew nuts online hot sale,False,False
healthcarebiodiversity.com,1.0,kesar transforms your skin,https://alphonsomango.in/blogs/why/uses-of-kesar-for-skin?srsltid=AfmBOoq7ijYDwJLs7XALKVGiwWC1WDcppUwEk18vKm8xQRdl0j8WrId1,https://healthcarebiodiversity.com/5-proven-kesar-benefits-for-skin-saffron-for-glowing-skin-what-science-says/,5 Proven kesar benefits for skin (Saffron) for Glowing Skin — What Science Says - HealthcareBiodiversity,False,False
rassollaundry.co.za,0.9,"TELEGRAM @LINKS_BUILD – SEO BACKLINKS, MASS BACKLINKING, HOMEPAGE LINKS",https://alphonsomango.in/,http://rassollaundry.co.za/index.php/2026/04/19/telegram-links-build-seo-backlinks-mass-3-2/,"TELEGRAM @LINKS_BUILD – SEO BACKLINKS, MASS BACKLINKING, HOMEPAGE LINKS – Rassol Laundry & Salon",True,False
vilonia.org,0.8,kesar,https://alphonsomango.in/products/saffron-kesar,https://vilonia.org/the-top-benefits-of-kashmiri-kesar/,The Top Benefits Of Kashmiri Kesar • Vilonia,False,False
gratography.com,0.8,kesar,https://alphonsomango.in/products/saffron-kesar,https://gratography.com/kashmiri-kesar-what-you-should-know-before-you-buy/,Kashmiri Kesar - What You Should Know Before You Buy - Gratography,False,False
lakshmicanteen.com,0.8,Kokum Oil,https://alphonsomango.in/products/kokum-butter,http://www.lakshmicanteen.com/2011/11/karathe-sasam-bitter-gourd-curry.html,Lakshmi Canteen: Karathe Sasam (Bitter gourd Curry),True,False
parkex.no,0.7,TELEGRAM @MASSLINKER | SOFTWARE TO PUBLISH BACKLINKS YOURSELF | MASSLINKER.COM,https://alphonsomango.in/blogs/raisins/kismis?srsltid=AfmBOoojU2T0I1u_dtRDWTiF1bgumXxhITmuk7WK9vlZVF91j8SK_Bqu,https://parkex.no/telegram-masslinker-software-to-publish-backlinks-4-4/,TELEGRAM @MASSLINKER | SOFTWARE TO PUBLISH BACKLINKS YOURSELF | MASSLINKER.COM – Parkex,True,False
yh283652.com,0.7,buy saffron online,https://alphonsomango.in/products/saffron-kesar,https://yh283652.com/page/13/,YH 283652 – Page 13,False,False
probsee.com,0.7,https://alphonsomango.in/blogs/mango-exports/mango-export-from-india,https://alphonsomango.in/blogs/mango-exports/mango-export-from-india,https://probsee.com/p/ratnagiri_taluka,Ratnagiri taluka | ProbWiki | ProbSee,True,True
affiliscore.com,0.7,"TELEGRAM @LINKS_BUILD – SEO BACKLINKS, MASS BACKLINKING, HOMEPAGE LINKS",https://alphonsomango.in/,https://affiliscore.com/telegram-links-build-seo-backlinks-mass-3-2/,"TELEGRAM @LINKS_BUILD – SEO BACKLINKS, MASS BACKLINKING, HOMEPAGE LINKS – AffiliScore",True,False
hairremoval.in,0.7,Alphonso Mango,https://alphonsomango.in/products/saffron-kesar,https://hairremoval.in/facercareafterlaser.html,"Face care after Laser Hair removal tips, guidelines",False,False
wiki.lexgopc.com,0.7,Aamras recipe,https://alphonsomango.in/blogs/recipe/aamras-recipe,https://wiki.lexgopc.com/index.php?title=Maharashtrian_cuisine,Maharashtrian cuisine - lexgopc_wiki,True,False
sliveroflight.xyz,0.7,Kashmiri Kesar,https://alphonsomango.in/products/saffron-kesar,https://sliveroflight.xyz/spices-the-sweet-and-sour-of-indian-food/,Spices – The Sweet and Sour of Indian Food – Slivero Flight,False,False
bwsr62jy.top,0.6,Saffron,https://alphonsomango.in/products/saffron-kesar,https://bwsr62jy.top/2022/05/,May 2022 – Bwsr62jy,False,False
hub3cantos.es,0.6,Buy imported food online outlet,http://alphonsomango.in/cdn/shop/files/buy-avocado-fruit-or-online-or-imported-alphonsomango-in-1.jpg,https://hub3cantos.es/?h=38206217,Buy imported food online outlet,False,False
jiaoheng.top,0.6,Kashmiri Kesar,https://alphonsomango.in/products/saffron-kesar,https://jiaoheng.top/category/business/,Business – Jiao Heng,False,False
vov.to,0.6,,https://alphonsomango.in/,https://vov.to/categories/education-learning/online-courses,Explore a wide range of online courses | Anonymous reviews India -VOVto,False,False
decoupage-paper.com,0.6,Source,https://alphonsomango.in/blogs/buy/how-to-ripen-mangoes-at-home,https://decoupage-paper.com/printable-ripening-chart,"Printable Ripening Chart - Images, Ideas & Printable References",True,False
gaongatha.com,0.6,"रत्नागिरी आंबा, रत्नागिरी मँगो, रत्नागिरी अल्फोन्सो मँगो, हापूस आंबा रत्नागिरी, रत्नागिरी अल्फोन्सो आंबा",https://alphonsomango.in/products/ratnagiri-alphonso-mango,https://gaongatha.com/?p=6583,हापूस आंबा - फळांचा राजा - गावगाथा,False,False
chandigarhlive.xyz,0.5,Book Your Malawi Mango Now,https://alphonsomango.in/products/malawi-mango,http://chandigarhlive.xyz/malawi-mangoes-a-taste-of-sunshine-from-the-warm-heart-of-africa-now-in-india,"Malawi Mangoes: A Taste of Sunshine from the Warm Heart of Africa Now in India - Chandigarh LIVE | Latest News India, Punjab, World | Crime News | Political News | Entertainment News",False,False
restaurant-hum.com,0.5,Kesar,https://alphonsomango.in/products/saffron-kesar,https://restaurant-hum.com/kashmiri-saffron-better-living-through-better-food/,Kashmiri Saffron: Better Living Through Better Food - RESTAURANT-HUM,True,False
bmeio.store,0.5,Saffron,https://alphonsomango.in/products/saffron-kesar,https://bmeio.store/page/12/,Bmeio – Page 12,False,False
puravida.co.in,0.5,"TELEGRAM @LINKS_BUILD – SEO BACKLINKS, MASS BACKLINKING, HOMEPAGE LINKS",https://alphonsomango.in/,http://puravida.co.in/links-build/telegram-links-build-seo-backlinks-mass-3-2/,"TELEGRAM @LINKS_BUILD – SEO BACKLINKS, MASS BACKLINKING, HOMEPAGE LINKS | Pura Vida - Pure Comfort",True,False
vedicpaths.com,0.4,Prashant Powle,https://alphonsomango.in/products/saffron-kesar,https://vedicpaths.com/homemade-tips-for-dry-skin/,Homemade tips for dry skin - Vedic Paths,True,True
crazyraw.com,0.4,Mangoes,https://alphonsomango.in/blogs/health/mango,https://crazyraw.com/clean-meat,Clean Meat: Will you Join the Groundswell? - CrazyRaw Vegan,True,True
wiki.sizzltek.com,0.4,Aamras recipe,https://alphonsomango.in/blogs/recipe/aamras-recipe,https://wiki.sizzltek.com/content/wikipedia_en_all_maxi_2025-08/Maharashtrian_cuisine,Maharashtrian cuisine,True,False
3alamalafkar.online,0.4,AlphonsoMango.in,https://alphonsomango.in/blogs/dry-fruits/fig-during-pregnancy?srsltid=AfmBOoqS8eDYx_5b965azbvCZ4wAP7rZZtaN-_HjPHQHezjlHrXjRu24,https://www.3alamalafkar.online/2025/12/blog-post_840.html,فوائد التين للجسم: دعم الهضم والمناعة وصحة القلب,False,False
learnsth.icu,0.4,Aamras recipe,https://alphonsomango.in/blogs/mango-recipe/aamras-recipe,https://learnsth.icu/wiki/Maharashtrian_cuisine,Maharashtrian cuisine - Wikipedia,True,False
nitisagar.com,0.4,India has 40% of global mango output,https://alphonsomango.in/blogs/mango-exports/mango-export-india-to-usa,https://nitisagar.com/resources/reports/assam-premium-agri-food-export-opportunity-2026/,Assam Horticulture Exports: The MSME Opportunity,False,False
supergirosguajiranorte.com.co,0.4,"TELEGRAM @SEO_LINKK_ORDER – SEO BACKLINKS, HOMEPAGE LINKS, CROSSLINKS",https://alphonsomango.in/blogs/raisins/kismis?srsltid=AfmBOoojU2T0I1u_dtRDWTiF1bgumXxhITmuk7WK9vlZVF91j8SK_Bqu,https://supergirosguajiranorte.com.co/telegram-seo-linkk-order-seo-backlinks-homepage-4-2/,"TELEGRAM @SEO_LINKK_ORDER - SEO BACKLINKS, HOMEPAGE LINKS, CROSSLINKS - SuperGIROS Guajira Norte",True,False
33355375.com,0.3,Saffron,https://alphonsomango.in/products/saffron-kesar,https://33355375.com/category/business/,Business – 33355375,False,False
huytonfencing.com,0.3,TELEGRAM @MASSLINKER | SOFTWARE TO PUBLISH BACKLINKS YOURSELF | MASSLINKER.COM,https://alphonsomango.in/blogs/raisins/kismis?srsltid=AfmBOoojU2T0I1u_dtRDWTiF1bgumXxhITmuk7WK9vlZVF91j8SK_Bqu,https://www.huytonfencing.com/telegram-masslinker-software-to-publish-backlinks-4-6/,TELEGRAM @MASSLINKER | SOFTWARE TO PUBLISH BACKLINKS YOURSELF | MASSLINKER.COM | Huyton Fencing,True,False
wildrootsbhimtal.in,0.3,ajwa dates online,https://alphonsomango.in/products/ajwa-dates-ajwa-khajoor,https://www.wildrootsbhimtal.in/post/pari-taal-a-hidden-lake-which-is-still-untouched-in-chafi,"""Pari Taal"" - A hidden lake which is still untouched in Chafi",False,False
kentwoodcapital.com,0.3,Mango,https://alphonsomango.in/,http://kentwoodcapital.com/oreilly_portertx/,"O'Reilly - Porter, TX - Kentwood Capital",True,True
atelierpineto.it,0.3,"TELEGRAM @LINKS_BUILD – SEO BACKLINKS, MASS BACKLINKING, HOMEPAGE LINKS",https://alphonsomango.in/,https://www.atelierpineto.it/2026/04/19/telegram-links-build-seo-backlinks-mass-3-3/,"TELEGRAM @LINKS_BUILD – SEO BACKLINKS, MASS BACKLINKING, HOMEPAGE LINKS – Atelier Pineto",True,False
devgadmangoes.com,0.2,LEARN MORE,https://alphonsomango.in/,https://devgadmangoes.com/,Home - devgadmangoes,False,False
fgsk52jk.top,0.2,buy kashmir saffron online,https://alphonsomango.in/products/saffron-kesar,https://fgsk52jk.top/category/business/,Business – Fgsk52JK,False,False
us.seo-anomaly-s4.xyz,0.1,"TELEGRAM @SEO_ANOMALY - SEO BACKLINKS, PBN, TRAFFIC BOOST, LINK INDEXING",https://alphonsomango.in/blogs/mango-benefits/dried-prunes-and-diabetes-benefits?srsltid=AfmBOoowT646BbnaNW_XlDFGwAre6y9NUczUKed4qnZMgRO9G4nJfLbW,https://us.seo-anomaly-s4.xyz/usa_farm_2-13-04-2026/seo-anomaly-usa_farm_2-35/,"TELEGRAM @SEO_ANOMALY | SEO BACKLINKS, PBN, TRAFFIC BOOST, LINK INDEXING | USA_farm_2 | 13-04-2026 | us.seo-anomaly-s4.xyz",True,False
seo-anomaly-s9.xyz,0.1,"TELEGRAM @SEO_ANOMALY - SEO BACKLINKS, PBN, TRAFFIC BOOST, LINK INDEXING",https://alphonsomango.in/blogs/mango-benefits/dried-prunes-and-diabetes-benefits?srsltid=AfmBOoowT646BbnaNW_XlDFGwAre6y9NUczUKed4qnZMgRO9G4nJfLbW,https://seo-anomaly-s9.xyz/usa_farm_2-13-04-2026/seo-anomaly-usa_farm_2-35/,"TELEGRAM @SEO_ANOMALY | SEO BACKLINKS, PBN, TRAFFIC BOOST, LINK INDEXING | USA_farm_2 | 13-04-2026 | seo-anomaly-s9.xyz",True,False
br.seo-anomaly-s7.xyz,0.1,"TELEGRAM @SEO_ANOMALY - SEO BACKLINKS, PBN, TRAFFIC BOOST, LINK INDEXING",https://alphonsomango.in/blogs/mango-benefits/dried-prunes-and-diabetes-benefits?srsltid=AfmBOoowT646BbnaNW_XlDFGwAre6y9NUczUKed4qnZMgRO9G4nJfLbW,https://br.seo-anomaly-s7.xyz/usa_farm_2-13-04-2026/seo-anomaly-usa_farm_2-35/,"TELEGRAM @SEO_ANOMALY | SEO BACKLINKS, PBN, TRAFFIC BOOST, LINK INDEXING | USA_farm_2 | 13-04-2026 | br.seo-anomaly-s7.xyz",True,False
nl.seo-anomaly-s6.xyz,0.1,"TELEGRAM @SEO_ANOMALY - SEO BACKLINKS, PBN, TRAFFIC BOOST, LINK INDEXING",https://alphonsomango.in/blogs/mango-benefits/dried-prunes-and-diabetes-benefits?srsltid=AfmBOoowT646BbnaNW_XlDFGwAre6y9NUczUKed4qnZMgRO9G4nJfLbW,https://nl.seo-anomaly-s6.xyz/usa_farm_2-13-04-2026/seo-anomaly-usa_farm_2-35/,"TELEGRAM @SEO_ANOMALY | SEO BACKLINKS, PBN, TRAFFIC BOOST, LINK INDEXING | USA_farm_2 | 13-04-2026 | nl.seo-anomaly-s6.xyz",True,False
fr.seo-anomaly-s5.xyz,0.1,"TELEGRAM @SEO_ANOMALY - SEO BACKLINKS, PBN, TRAFFIC BOOST, LINK INDEXING",https://alphonsomango.in/blogs/mango-benefits/dried-prunes-and-diabetes-benefits?srsltid=AfmBOoowT646BbnaNW_XlDFGwAre6y9NUczUKed4qnZMgRO9G4nJfLbW,https://fr.seo-anomaly-s5.xyz/usa_farm_2-13-04-2026/seo-anomaly-usa_farm_2-35/,"TELEGRAM @SEO_ANOMALY | SEO BACKLINKS, PBN, TRAFFIC BOOST, LINK INDEXING | USA_farm_2 | 13-04-2026 | fr.seo-anomaly-s5.xyz",True,False
fr.seo-anomaly-s1.xyz,0.1,"TELEGRAM @SEO_ANOMALY - SEO BACKLINKS, PBN, TRAFFIC BOOST, LINK INDEXING",https://alphonsomango.in/blogs/mango-benefits/dried-prunes-and-diabetes-benefits?srsltid=AfmBOoowT646BbnaNW_XlDFGwAre6y9NUczUKed4qnZMgRO9G4nJfLbW,https://fr.seo-anomaly-s1.xyz/usa_farm_2-13-04-2026/seo-anomaly-usa_farm_2-35/,"TELEGRAM @SEO_ANOMALY | SEO BACKLINKS, PBN, TRAFFIC BOOST, LINK INDEXING | USA_farm_2 | 13-04-2026 | fr.seo-anomaly-s1.xyz",True,False
jobsindubaie.com,0.1,Dates Badam Lehyam,https://alphonsomango.in/blogs/almonds/tagged/badam-lehyam-benefits-malayalam?srsltid=AfmBOooMtPHaaX_wqSf54_GMrg7mDUVI9fPrZLRP2cG-DPLQYlER6pGy,https://jobsindubaie.com/health-benefits-dates-badam-lehyam/,"ശരീരം പുഷ്ടിപ്പെടുത്താനും, രക്ത ക്കുറവ് പരിഹരിക്കാനും ഇതുമതി; വീട്ടിൽ തന്നെ തയ്യാറാക്കി എടുക്കാവുന്ന കിടിലൻ ലേഹ്യം; ഇത് ദിവസേന കഴിച്ചാൽ മാത്രം മതിയാകും…!! | Health Benefits Dates Badam Lehyam",False,False
thirdnuntawat.com,0.1,Mangos,https://alphonsomango.in/blogs/health/mango,https://thirdnuntawat.com/2015/dont-afraid-of-rain/,อยู่ใต้ฟ้าอย่ากลัวฝน - Third Nuntawat,True,True
wlc222.com,0.1,Khara Kaju,https://alphonsomango.in/products/salted-cashew-nuts,https://wlc222.com/category/business/,Business – Wlc222,False,False
fr.seo-anomaly-s10.xyz,0.1,"TELEGRAM @SEO_ANOMALY - SEO BACKLINKS, PBN, TRAFFIC BOOST, LINK INDEXING",https://alphonsomango.in/blogs/mango-benefits/dried-prunes-and-diabetes-benefits?srsltid=AfmBOoowT646BbnaNW_XlDFGwAre6y9NUczUKed4qnZMgRO9G4nJfLbW,https://fr.seo-anomaly-s10.xyz/usa_farm_2-13-04-2026/seo-anomaly-usa_farm_2-35/,"TELEGRAM @SEO_ANOMALY | SEO BACKLINKS, PBN, TRAFFIC BOOST, LINK INDEXING | USA_farm_2 | 13-04-2026 | fr.seo-anomaly-s10.xyz",True,False
nl.seo-anomaly-s2.xyz,0.1,"TELEGRAM @SEO_ANOMALY - SEO BACKLINKS, PBN, TRAFFIC BOOST, LINK INDEXING",https://alphonsomango.in/blogs/mango-benefits/dried-prunes-and-diabetes-benefits?srsltid=AfmBOoowT646BbnaNW_XlDFGwAre6y9NUczUKed4qnZMgRO9G4nJfLbW,https://nl.seo-anomaly-s2.xyz/usa_farm_2-13-04-2026/seo-anomaly-usa_farm_2-35/,"TELEGRAM @SEO_ANOMALY | SEO BACKLINKS, PBN, TRAFFIC BOOST, LINK INDEXING | USA_farm_2 | 13-04-2026 | nl.seo-anomaly-s2.xyz",True,False
my-herb.org,0.1,https://alphonsomango.in/blogs/how/alphonso-mango-origin-story,https://alphonsomango.in/blogs/how/alphonso-mango-origin-story,https://my-herb.org/2024/07/25/2972/,Mango fruit and plant are highly beneficial for health.,False,False
192-168-1-1.online,0.1,Kashmiri Kesar,https://alphonsomango.in/products/saffron-kesar,https://192-168-1-1.online/2022/05/,May 2022 – 192-168-1-1,False,False
hatunlar.xyz,0.1,Kashmiri Kesar,https://alphonsomango.in/products/saffron-kesar,https://hatunlar.xyz/category/business/,Business – Hatunlar,False,False
nl.seo-anomaly-s8.xyz,0.1,"TELEGRAM @SEO_ANOMALY - SEO BACKLINKS, PBN, TRAFFIC BOOST, LINK INDEXING",https://alphonsomango.in/blogs/mango-benefits/dried-prunes-and-diabetes-benefits?srsltid=AfmBOoowT646BbnaNW_XlDFGwAre6y9NUczUKed4qnZMgRO9G4nJfLbW,https://nl.seo-anomaly-s8.xyz/usa_farm_2-13-04-2026/seo-anomaly-usa_farm_2-35/,"TELEGRAM @SEO_ANOMALY | SEO BACKLINKS, PBN, TRAFFIC BOOST, LINK INDEXING | USA_farm_2 | 13-04-2026 | nl.seo-anomaly-s8.xyz",True,False
securemarc.com,0.0,Mangos,https://alphonsomango.in/,https://www.securemarc.com/2018/02/20/how-to-create-a-person-module-with-bio-on-click/,How to Create a Person Module with Bio on Click - Secure MARC,True,False
bhs-links-r2.xyz,0.0,TG @BHS_LINKS - BEST SEO LINKS - https://telegram.me/bhs_links,https://alphonsomango.in/blogs/healthy-mango/mango-nutrition-fact?srsltid=AfmBOooqq6umgr9pA-Pr_IjB0K8f82M-EQ4yhpvbgyLTG9SKlP9vBXeP,https://bhs-links-r2.xyz/namibia_taro-16-06-2026/bhs-links-namibia_taro-1873-7/,🔥 BHS Links – Hardcore Black Hat SEO – TG @bhs_links - bhs-links-r2.xyz,True,False
youzishi.top,0.0,Kesar,https://alphonsomango.in/products/saffron-kesar,https://youzishi.top/page/2/,Youzishi – Page 2,False,False
stayhealthlifetime.com,0.0,Payari,https://alphonsomango.in/products/pairi-mango,https://www.stayhealthlifetime.com/2023/02/why-mango-is-available-in-summer-season.html,Why mango is available in summer season,False,False
cssmonitor.top,0.0,buy saffron online,https://alphonsomango.in/products/saffron-kesar,https://cssmonitor.top/category/business/,Business – CSS Monitor,False,False
devgadhapoosamba.com,0.0,Alphonso Mango,https://alphonsomango.in/blogs/alphonso-mango/mango-sellers-online,https://devgadhapoosamba.com/devgad-hapus-mango-price/,Devgad Hapus Mango Price: Know the Value of Maharashtra’s Premium Alphonso - Devgad Hapoos Amba,False,False
return-gift.com,0.0,View Menu,https://alphonsomango.in/,https://return-gift.com/,Home - Premium Hapus Mangoes Online,False,False
marcelaferrao.com.br,0.0,Dry fruits on sale,https://alphonsomango.in/cdn/shop/files/mix-dry-fruits-or-nut-mix-alphonsomango-in-4.jpg,https://www.marcelaferrao.com.br/?m=63900817,Dry fruits on sale,False,False
bhs-links-r9.xyz,0.0,TG @BHS_LINKS - BEST SEO LINKS - https://telegram.me/bhs_links,https://alphonsomango.in/blogs/healthy-mango/mango-nutrition-fact?srsltid=AfmBOooqq6umgr9pA-Pr_IjB0K8f82M-EQ4yhpvbgyLTG9SKlP9vBXeP,https://bhs-links-r9.xyz/namibia_taro-16-06-2026/bhs-links-namibia_taro-1873-7/,🔥 BHS Links – Hardcore Black Hat SEO – TG @bhs_links - bhs-links-r9.xyz,True,False
theboldindia.com,0.0,Ratnagiri Alphonso Mango,https://alphonsomango.in/products/ratnagiri-alphonso-mango,http://theboldindia.com/malawi-mangoes-a-taste-of-sunshine-from-the-warm-heart-of-africa-now-in-india-2279,"Malawi Mangoes: A Taste of Sunshine from the Warm Heart of Africa Now in India - The Bold India | Latest News India, Punjab, World | Crime News | Political News | Entertainment News",False,False
blueservices.pe,0.0,Buy almonds online,https://alphonsomango.in/cdn/shop/files/buy-almonds-online-convenient-and-nutritious-snacks-alphonsomango-in-4.jpg,https://blueservices.pe/?b=183478315,Buy almonds online,False,False
realinfoworld.in,0.0,हापूस आंबा हा केवळ एक फळ नसून कोकणातील लाखो शेतकऱ्यांच्या अर्थव्यवस्थेचा आधार आहे.,https://alphonsomango.in/blogs/why-mango/hapus,https://realinfoworld.in/7-famous-indian-export-products-worldwide/,7 Famous Indian Export Product भारताची जागतिक शान!,False,False
wiki.autismit.com,0.0,Aamras recipe,https://alphonsomango.in/blogs/mango-recipe/aamras-recipe,https://wiki.autismit.com/content/wikipedia_en_all_maxi_2025-08/Maharashtrian_cuisine,Maharashtrian cuisine,True,False
bhs-links-r7.xyz,0.0,TG @BHS_LINKS - BEST SEO LINKS - https://telegram.me/bhs_links,https://alphonsomango.in/blogs/healthy-mango/mango-nutrition-fact?srsltid=AfmBOooqq6umgr9pA-Pr_IjB0K8f82M-EQ4yhpvbgyLTG9SKlP9vBXeP,https://bhs-links-r7.xyz/namibia_taro-16-06-2026/bhs-links-namibia_taro-1873-7/,🔥 BHS Links – Hardcore Black Hat SEO – TG @bhs_links - bhs-links-r7.xyz,True,False
bhs-links-r1.xyz,0.0,TG @BHS_LINKS - BEST SEO LINKS - https://telegram.me/bhs_links,https://alphonsomango.in/blogs/healthy-mango/mango-nutrition-fact?srsltid=AfmBOorclHvgGx-h5i-0j2dReqKELNCwKuNa3tt4W_wLhhtu8StiQJRo,https://bhs-links-r1.xyz/namibia_taro-16-06-2026/bhs-links-namibia_taro-1873-3/,🔥 BHS Links – Hardcore Black Hat SEO – TG @bhs_links - bhs-links-r1.xyz,True,False
bhs-links-r10.xyz,0.0,TG @BHS_LINKS - BEST SEO LINKS - https://telegram.me/bhs_links,https://alphonsomango.in/blogs/healthy-mango/mango-nutrition-fact?srsltid=AfmBOortuloE59ZrWeJmDJzODEywX3cb6JIe9ikGC5LYrnPK_fuq9A9L,https://bhs-links-r10.xyz/namibia_taro-16-06-2026/bhs-links-namibia_taro-1873-3/,🔥 BHS Links – Hardcore Black Hat SEO – TG @bhs_links - bhs-links-r10.xyz,True,False
indianpedia.org,0.0,Aamras recipe,https://alphonsomango.in/blogs/mango-recipe/aamras-recipe,https://indianpedia.org/wiki/Maharashtrian_cuisine,Maharashtrian cuisine - IndianPedia,True,False
sitanggal.desa.id,0.0,"TELEGRAM @LINKS_BUILD – SEO BACKLINKS, MASS BACKLINKING, HOMEPAGE LINKS",https://alphonsomango.in/,http://sitanggal.desa.id/telegram-links-build-seo-backlinks-mass-3-2/,"TELEGRAM @LINKS_BUILD – SEO BACKLINKS, MASS BACKLINKING, HOMEPAGE LINKS – Pemerintah Desa Sitanggal",True,False
bhs-links-r5.xyz,0.0,TG @BHS_LINKS - BEST SEO LINKS - https://telegram.me/bhs_links,https://alphonsomango.in/blogs/healthy-mango/mango-nutrition-fact?srsltid=AfmBOorclHvgGx-h5i-0j2dReqKELNCwKuNa3tt4W_wLhhtu8StiQJRo,https://bhs-links-r5.xyz/namibia_taro-16-06-2026/bhs-links-namibia_taro-1873-3/,🔥 BHS Links – Hardcore Black Hat SEO – TG @bhs_links - bhs-links-r5.xyz,True,False
kurticulltur.store,0.0,BUY RAISINS ONLINE,https://alphonsomango.in/collections/raisins,https://kurticulltur.store/products/crimson-jewels-natures-candy-in-every-bite,CRIMSON JEWELS: NATURE'S CANDY IN EVERY BITE – Aayari fab,False,False
layogfashion.com,0.0,Godambi new arrivals,https://alphonsomango.in/cdn/shop/files/godambi-marking-nut-alphonsomango-in-3.jpg,https://layogfashion.com/?l=221419115,Godambi new arrivals,False,False
nanjingwen.icu,0.0,Aamras recipe,https://alphonsomango.in/blogs/recipe/aamras-recipe,https://nanjingwen.icu/wiki/Maharashtrian_cuisine,Maharashtrian cuisine - Wikipedia,True,False
luisinho55.com.br,0.0,Mango mujer store online 2019,https://alphonsomango.in/cdn/shop/files/gir-kesar-mangoes-online-alphonsomango-in-2.jpg,https://luisinho55.com.br/?l=172775812,Mango mujer store online 2019,False,False
bhs-links-r20.xyz,0.0,TG @BHS_LINKS - BEST SEO LINKS - https://telegram.me/bhs_links,https://alphonsomango.in/blogs/healthy-mango/mango-nutrition-fact?srsltid=AfmBOooqq6umgr9pA-Pr_IjB0K8f82M-EQ4yhpvbgyLTG9SKlP9vBXeP,https://bhs-links-r20.xyz/namibia_taro-16-06-2026/bhs-links-namibia_taro-1873-7/,🔥 BHS Links – Hardcore Black Hat SEO – TG @bhs_links - bhs-links-r20.xyz,True,False
rachelxeverafter.com,0.0,"TELEGRAM @LINKS_BUILD – SEO BACKLINKS, MASS BACKLINKING, HOMEPAGE LINKS",https://alphonsomango.in/,https://rachelxeverafter.com/telegram-links-build-seo-backlinks-mass-3-2/,"TELEGRAM @LINKS_BUILD - SEO BACKLINKS, MASS BACKLINKING, HOMEPAGE LINKS - Rachel X Ever After",True,False
laxmieducation.com,0.0,Online mango mujer shop,https://alphonsomango.in/cdn/shop/files/gir-kesar-mangoes-online-alphonsomango-in-2.jpg,https://laxmieducation.com/?l=172774212,Online mango mujer shop,False,False
kiwix.fazzi.me,0.0,Aamras recipe,https://alphonsomango.in/blogs/mango-recipe/aamras-recipe,https://kiwix.fazzi.me/content/wikipedia_en_all_maxi_2024-01/A/Maharashtrian_cuisine,Maharashtrian cuisine,False,False
dogandponycommunications.com,0.0,,https://alphonsomango.in/blogs/baby/mango-cause-gas-in-babies,https://dogandponycommunications.com/3n9z9/does-mango-cause-gas-in-breastfed-babies,does mango cause gas in breastfed babies,False,False
spador24kprestige.com,0.0,Cashew nut hot sale w320 price,https://alphonsomango.in/cdn/shop/files/regular-cashew-nut-w320-the-ideal-snack-for-any-occasion-alphonsomango-in-4.jpg,https://spador24kprestige.com/?s=9189415,Cashew nut hot sale w320 price,False,False
nurse2therapistcounselling.com,0.0,Cashew nuts for sale top,http://alphonsomango.in/cdn/shop/files/buy-salted-cashew-nuts-online-or-khara-kaju-alphonsomango-in-1.jpg,https://nurse2therapistcounselling.com/?n=43355217,Cashew nuts for sale top,False,False
giftamango.com,0.0,AlphonsoMango.in,https://alphonsomango.in/,https://giftamango.com/blog/gift-mangoes-to-parents-in-india-from-abroad.html,How to Gift Alphonso Mangoes to Your Parents in India from Abroad | GiftAMango Blog,False,False
fruit-zukan.com,0.0,https://alphonsomango.in/blogs/alphonso-mango/mango-tree-lifespan,https://alphonsomango.in/blogs/alphonso-mango/mango-tree-lifespan,https://www.fruit-zukan.com/mango-zukan/,マンゴー図鑑｜品種・栄養・旬とベトナムでの楽しみ方,False,False
bhs-links-r8.xyz,0.0,TG @BHS_LINKS - BEST SEO LINKS - https://telegram.me/bhs_links,https://alphonsomango.in/blogs/healthy-mango/mango-nutrition-fact?srsltid=AfmBOortuloE59ZrWeJmDJzODEywX3cb6JIe9ikGC5LYrnPK_fuq9A9L,https://bhs-links-r8.xyz/namibia_taro-16-06-2026/bhs-links-namibia_taro-1873-3/,🔥 BHS Links – Hardcore Black Hat SEO – TG @bhs_links - bhs-links-r8.xyz,True,False
justwithin30minutesltd.com,0.0,"TELEGRAM @LINKS_BUILD – SEO BACKLINKS, MASS BACKLINKING, HOMEPAGE LINKS",https://alphonsomango.in/,https://justwithin30minutesltd.com/2026/04/19/telegram-links-build-seo-backlinks-mass-3/,"TELEGRAM @LINKS_BUILD – SEO BACKLINKS, MASS BACKLINKING, HOMEPAGE LINKS - Just Within 30Minutes Ltd",True,False
shuli.org.il,0.0,Cheap cashew hotsell nuts to buy,http://alphonsomango.in/cdn/shop/files/buy-salted-cashew-nuts-online-or-khara-kaju-alphonsomango-in-1.jpg,https://shuli.org.il/?s=45736817,Cheap cashew hotsell nuts to buy,False,False
jashnwale.com,0.0,Cashew nut discount suppliers in konkan,https://alphonsomango.in/cdn/shop/files/cashew-nut-with-skin-or-goa-cashew-alphonsomango-in-3.jpg,https://jashnwale.com/?j=43354517,Cashew nut discount suppliers in konkan,False,False
bhs-links-r14.xyz,0.0,TG @BHS_LINKS - BEST SEO LINKS - https://telegram.me/bhs_links,https://alphonsomango.in/blogs/healthy-mango/mango-nutrition-fact?srsltid=AfmBOorclHvgGx-h5i-0j2dReqKELNCwKuNa3tt4W_wLhhtu8StiQJRo,https://bhs-links-r14.xyz/namibia_taro-16-06-2026/bhs-links-namibia_taro-1873-3/,🔥 BHS Links – Hardcore Black Hat SEO – TG @bhs_links - bhs-links-r14.xyz,True,False
freefromfinder.com,0.0,"[8] Verified blog Authentic Gir Kesar Mango | Buy Talala Kesar Keri Online, alphonsomango.inThe mango e-commerce page is unrelated to the restaurant.fetched Jun 20, 2026",https://alphonsomango.in/products/kesar-mango,https://freefromfinder.com/in/ujjain/kesar-veg-restaurant-and-cafe,KESAR Veg Restaurant And Cafe: Vegetarian in Ujjain,True,False
bhs-links-r4.xyz,0.0,TG @BHS_LINKS - BEST SEO LINKS - https://telegram.me/bhs_links,https://alphonsomango.in/blogs/healthy-mango/mango-nutrition-fact?srsltid=AfmBOooqq6umgr9pA-Pr_IjB0K8f82M-EQ4yhpvbgyLTG9SKlP9vBXeP,https://bhs-links-r4.xyz/namibia_taro-16-06-2026/bhs-links-namibia_taro-1873-7/,🔥 BHS Links – Hardcore Black Hat SEO – TG @bhs_links - bhs-links-r4.xyz,True,False
bhs-links-r13.xyz,0.0,TG @BHS_LINKS - BEST SEO LINKS - https://telegram.me/bhs_links,https://alphonsomango.in/blogs/healthy-mango/mango-nutrition-fact?srsltid=AfmBOortuloE59ZrWeJmDJzODEywX3cb6JIe9ikGC5LYrnPK_fuq9A9L,https://bhs-links-r13.xyz/namibia_taro-16-06-2026/bhs-links-namibia_taro-1873-3/,🔥 BHS Links – Hardcore Black Hat SEO – TG @bhs_links - bhs-links-r13.xyz,True,False
wiki.toxik.org,0.0,Aamras recipe,https://alphonsomango.in/blogs/mango-recipe/aamras-recipe,https://wiki.toxik.org/content/wikipedia_en_all_nopic_current/Maharashtrian_cuisine,Maharashtrian cuisine,True,False
bhs-links-r11.xyz,0.0,TG @BHS_LINKS - BEST SEO LINKS - https://telegram.me/bhs_links,https://alphonsomango.in/blogs/healthy-mango/mango-nutrition-fact?srsltid=AfmBOooqq6umgr9pA-Pr_IjB0K8f82M-EQ4yhpvbgyLTG9SKlP9vBXeP,https://bhs-links-r11.xyz/namibia_taro-16-06-2026/bhs-links-namibia_taro-1873-7/,🔥 BHS Links – Hardcore Black Hat SEO – TG @bhs_links - bhs-links-r11.xyz,True,False
kunshanelyson.com,0.0,Hapus Mango,https://alphonsomango.in/products/alphonso-mango-order-online,https://www.kunshanelyson.com/forum/interior-design-forum/joseph-kessel-les-cavaliers-epub-file-1,Joseph Kessel Les Cavaliers Epub File | Elyson,False,False
chefedit.com,0.0,alphonsomango.in,https://alphonsomango.in/,https://chefedit.com/recipes/mango-pudding/,Mango Pudding (芒果布甸) — ChefEdit,True,False
barclaynz.com,0.0,"TELEGRAM @LINKS_BUILD – SEO BACKLINKS, MASS BACKLINKING, HOMEPAGE LINKS",https://alphonsomango.in/,https://www.barclaynz.com/telegram-links-build-seo-backlinks-mass-3-2/,"TELEGRAM @LINKS_BUILD – SEO BACKLINKS, MASS BACKLINKING, HOMEPAGE LINKS - Barclay & Co",True,False
janjagran.org,0.0,AlphonsoMango.in,https://alphonsomango.in/pages/alphonso-mango-season-2026,https://janjagran.org/hi/lifestyle/the-king-of-fruits-in-crisis-alphonso-yield-crashes-up-to-75-in-2026-prices-soar-xohnb,"मैंगो सीज़न 2026: अल्फांसो की पैदावार 75% गिरी, दाम बढ़े; जीआई किस्में और असली हापुस की पहचान | JanJagran",False,False
bhs-links-r16.xyz,0.0,TG @BHS_LINKS - BEST SEO LINKS - https://telegram.me/bhs_links,https://alphonsomango.in/blogs/healthy-mango/mango-nutrition-fact?srsltid=AfmBOortuloE59ZrWeJmDJzODEywX3cb6JIe9ikGC5LYrnPK_fuq9A9L,https://bhs-links-r16.xyz/namibia_taro-16-06-2026/bhs-links-namibia_taro-1873-3/,🔥 BHS Links – Hardcore Black Hat SEO – TG @bhs_links - bhs-links-r16.xyz,True,False
1300cheapgas.com.au,0.0,"TELEGRAM @LINKS_BUILD – SEO BACKLINKS, MASS BACKLINKING, HOMEPAGE LINKS",https://alphonsomango.in/,https://www.1300cheapgas.com.au/telegram-links-build-seo-backlinks-mass-3-4/,"TELEGRAM @LINKS_BUILD – SEO BACKLINKS, MASS BACKLINKING, HOMEPAGE LINKS – 1300CHEAPGAS",True,False
704631.com,0.0,Kesar,https://alphonsomango.in/products/saffron-kesar,https://704631.com/2022/05/,May 2022 – 704631,False,False
iemauxiliadora.edu.co,0.0,Godambi price on sale,http://alphonsomango.in/cdn/shop/files/godambi-marking-nut-alphonsomango-in-1.jpg,https://iemauxiliadora.edu.co/?i=80288117,Godambi price on sale,False,False
letsplaytoys.in,0.0,Cheap cashew online nuts to buy,http://alphonsomango.in/cdn/shop/files/buy-salted-cashew-nuts-online-or-khara-kaju-alphonsomango-in-1.jpg,https://letsplaytoys.in/?l=45736817,Cheap cashew online nuts to buy,False,False
farmvelly.shop,0.0,Macadamia Nuts Price,https://alphonsomango.in/blogs/dry-fruits/macadamia-nuts-price,https://farmvelly.shop/product/ed3d2c21991e3bef5e069713af9fa6ca,"Online Shopping Site for Mango, Achar, Seeds & NUTS & More. Best Offers!",False,False
wiki.alienplayer.com,0.0,Aamras recipe,https://alphonsomango.in/blogs/mango-recipe/aamras-recipe,https://wiki.alienplayer.com/content/wikipedia_en_all_maxi_2024-01/A/Maharashtrian_cuisine,Maharashtrian cuisine,False,False
bhs-links-r6.xyz,0.0,TG @BHS_LINKS - BEST SEO LINKS - https://telegram.me/bhs_links,https://alphonsomango.in/blogs/healthy-mango/mango-nutrition-fact?srsltid=AfmBOorclHvgGx-h5i-0j2dReqKELNCwKuNa3tt4W_wLhhtu8StiQJRo,https://bhs-links-r6.xyz/namibia_taro-16-06-2026/bhs-links-namibia_taro-1873-3/,🔥 BHS Links – Hardcore Black Hat SEO – TG @bhs_links - bhs-links-r6.xyz,True,False
kidharmilega.in,0.0,AlphonsomangoOrder Gir Kesar Mangoes Online For Fresh Delight→,https://alphonsomango.in/blogs/kesar-mango/order-gir-kesar-mangoes-online-for-fresh-delight,https://kidharmilega.in/products/kesar-mango-gir-somnath/,"Kesar Mango Business in Gir Somnath — Real Costs, Steps & Govt Data | KidharMilega",False,False
bhs-links-r17.xyz,0.0,TG @BHS_LINKS - BEST SEO LINKS - https://telegram.me/bhs_links,https://alphonsomango.in/blogs/healthy-mango/mango-nutrition-fact?srsltid=AfmBOortuloE59ZrWeJmDJzODEywX3cb6JIe9ikGC5LYrnPK_fuq9A9L,https://bhs-links-r17.xyz/namibia_taro-16-06-2026/bhs-links-namibia_taro-1873-3/,🔥 BHS Links – Hardcore Black Hat SEO – TG @bhs_links - bhs-links-r17.xyz,True,False
bhs-links-r12.xyz,0.0,TG @BHS_LINKS - BEST SEO LINKS - https://telegram.me/bhs_links,https://alphonsomango.in/blogs/healthy-mango/mango-nutrition-fact?srsltid=AfmBOortuloE59ZrWeJmDJzODEywX3cb6JIe9ikGC5LYrnPK_fuq9A9L,https://bhs-links-r12.xyz/namibia_taro-16-06-2026/bhs-links-namibia_taro-1873-3/,🔥 BHS Links – Hardcore Black Hat SEO – TG @bhs_links - bhs-links-r12.xyz,True,False
locz.in,0.0,Visit website,https://alphonsomango.in/,https://locz.in/b/alphonso-mango-0004-x70v,"Alphonso Mango — Smoothie juice bars in Kurla, Mumbai | LocZ",True,False
bhs-links-r3.xyz,0.0,TG @BHS_LINKS - BEST SEO LINKS - https://telegram.me/bhs_links,https://alphonsomango.in/blogs/healthy-mango/mango-nutrition-fact?srsltid=AfmBOooqq6umgr9pA-Pr_IjB0K8f82M-EQ4yhpvbgyLTG9SKlP9vBXeP,https://bhs-links-r3.xyz/namibia_taro-16-06-2026/bhs-links-namibia_taro-1873-7/,🔥 BHS Links – Hardcore Black Hat SEO – TG @bhs_links - bhs-links-r3.xyz,True,False
wissenora.com,0.0,Das Rezept für Aamras,https://alphonsomango.in/blogs/mango-recipe/aamras-recipe,https://www.wissenora.com/wiki/Marathi_cuisine,Marathi cuisine — Wissenora,True,False
bhs-links-r19.xyz,0.0,TG @BHS_LINKS - BEST SEO LINKS - https://telegram.me/bhs_links,https://alphonsomango.in/blogs/healthy-mango/mango-nutrition-fact?srsltid=AfmBOortuloE59ZrWeJmDJzODEywX3cb6JIe9ikGC5LYrnPK_fuq9A9L,https://bhs-links-r19.xyz/namibia_taro-16-06-2026/bhs-links-namibia_taro-1873-3/,🔥 BHS Links – Hardcore Black Hat SEO – TG @bhs_links - bhs-links-r19.xyz,True,False
bhs-links-r15.xyz,0.0,TG @BHS_LINKS - BEST SEO LINKS - https://telegram.me/bhs_links,https://alphonsomango.in/blogs/healthy-mango/mango-nutrition-fact?srsltid=AfmBOortuloE59ZrWeJmDJzODEywX3cb6JIe9ikGC5LYrnPK_fuq9A9L,https://bhs-links-r15.xyz/namibia_taro-16-06-2026/bhs-links-namibia_taro-1873-3/,🔥 BHS Links – Hardcore Black Hat SEO – TG @bhs_links - bhs-links-r15.xyz,True,False
bhs-links-r18.xyz,0.0,TG @BHS_LINKS - BEST SEO LINKS - https://telegram.me/bhs_links,https://alphonsomango.in/blogs/healthy-mango/mango-nutrition-fact?srsltid=AfmBOorclHvgGx-h5i-0j2dReqKELNCwKuNa3tt4W_wLhhtu8StiQJRo,https://bhs-links-r18.xyz/namibia_taro-16-06-2026/bhs-links-namibia_taro-1873-3/,🔥 BHS Links – Hardcore Black Hat SEO – TG @bhs_links - bhs-links-r18.xyz,True,False
upcharpro.com,0.0,आम के पत्तों की चाय,https://alphonsomango.in/hi/blogs/hapus-benefits/benefits-of-mango-leaves?srsltid=AfmBOorYnlxEBB64NZiD9xXekSz-Yp98Ux0tcf14pmtfgw3qHxM_dhlE,https://upcharpro.com/benefits-of-mango-leaf-tea/,आम के पत्तों की चाय के फायदे: एक साधारण पत्ती में छिपा है सेहत का अनमोल खजाना- Benefits of Mango Leaf Tea - Upchar Pro,False,False
