handle,vid,feed label,title,price,availability,brand,google product category,condition,mpn,identifier exists,item group id,ghost_variant
mamra-badam,42255702163713,IN,Mamra Badam | Gurbandi Almonds 250g,850.00 INR,in stock,AlphonsoMango.in,"food, beverages & tobacco > food items > dairy products",new,,no,shopify_IN_7514307100929,False
ratnagiri-alphonso-mango,44400996516097,IN,Ratnagiri Alphonso Mango Buy Online Ratnagiri Hapus 1 Dozen / 200 to 225 grams Each Mango,1849.00 INR,in stock,AlphonsoMango.in,"food, beverages & tobacco > food items > fruits & vegetables > fresh & frozen fruits > stone fruits > mangoes",new,,no,shopify_IN_1875614531630,True
devgad-alphonso-mango,48770703524097,INR_1239712001,Devgad Hapus Mango – Buy Devgad Alphonso Online 2 Dozen / Large Size 225 to 250 Grams Each mango,4749.00 INR,out of stock,AlphonsoMango.in,"food, beverages & tobacco > food items > fruits & vegetables > fresh & frozen fruits > stone fruits > mangoes",new,,no,shopify_ZZ_1875621675054,False
macadamia-nuts,43175579975937,INR_1239712001,Buy Macadamia Nuts for Keto Diet | Fast Delivery India 500 g,2400.00 INR,in stock,AlphonsoMango.in,"food, beverages & tobacco > food items > nuts & seeds",new,,no,shopify_ZZ_7783563231489,False
kalmi-dates-safawi-dates,42286626078977,INR_1239712001,Buy Premium Black Kalmi Dates - Best Safawi Khajoor 500 g,590.00 INR,in stock,AlphonsoMango.in,"food, beverages & tobacco > food items > fruits & vegetables > fresh & frozen fruits > dates",new,,no,shopify_ZZ_7514264174849,False
pista,43056628793601,INR_1239712001,Premium Quality Pista Kernel (Pista Nuts) Buy Now 1 kg,2280.00 INR,in stock,AlphonsoMango.in,"food, beverages & tobacco > food items > nuts & seeds",,,,shopify_ZZ_7755501863169,False
godambi-marking-nut,42290096537857,IN,Godambi | Bhilawa | Marking Nut | buy Online 1 kG,1880.00 INR,in stock,AlphonsoMango.in,"food, beverages & tobacco > food items > nuts & seeds",new,,no,shopify_IN_1995745886254,False
california-almonds-badam,40991301402797,INR_1239712001,Buy California Almonds Online Healthy Crunchy Snack 1 kg,1360.00 INR,in stock,AlphonsoMango.in,"food, beverages & tobacco > food items > nuts & seeds",new,,no,shopify_ZZ_7033033687213,False
w240-cashew-online,42249035940097,IN,Premium Quality Cashew Nuts: Kaju Medium Size W 240 250g,340.00 INR,in stock,AlphonsoMango.in,"food, beverages & tobacco > food items > nuts & seeds",new,,no,shopify_IN_7514669711617,False
salted-cashew-nuts,31820975472686,IN,Buy Salted Cashew Nuts Online | Khara Kaju 250 gms,380.00 INR,in stock,AlphonsoMango.in,"food, beverages & tobacco > food items > nuts & seeds",new,,no,shopify_IN_1995742183470,False
saffron-kesar,45616146546945,IN,Buy Pure Kashmiri Mongra Kesar Saffron Online 2 gm Kesar / Nuts / Non-GMO,430.00 INR,in stock,AlphonsoMango.in,"food, beverages & tobacco > food items > seasonings & spices",new,,no,shopify_IN_4637369925678,True
nectarine,43094024552705,INR_1239712001,Buy Premium Imported Nectarine Online,500.00 INR,out of stock,AlphonsoMango.in,"food, beverages & tobacco > food items > fruits & vegetables > fresh & frozen fruits > stone fruits > peaches & nectarines",new,Necatrine,yes,,False
kalmi-dates-safawi-dates,42286626111745,INR_1239712001,Buy Premium Black Kalmi Dates - Best Safawi Khajoor 1 kg,1060.00 INR,in stock,AlphonsoMango.in,"food, beverages & tobacco > food items > fruits & vegetables > fresh & frozen fruits > dates",new,,no,shopify_ZZ_7514264174849,False
mix-dry-fruits,42249064579329,INR_1239712001,Mix Dry Fruits | Nut Mix | Panch Mewa 1 kg,950.00 INR,in stock,AlphonsoMango.in,"food, beverages & tobacco > food items > snack foods > trail & snack mixes",new,,no,shopify_ZZ_7514744226049,False
sandgi-mirchi,43094402269441,INR_1239712001,Sandgi Mirchi | Kondattam Molagu | Dahi Mirchi,250.00 INR,in stock,AlphonsoMango.in,"food, beverages & tobacco > food items > seasonings & spices",,,no,,False
dried-cranberry-cranberries,42340120822017,IN,Dried Cranberry | Cranberries 1 Kg,950.00 INR,in stock,AlphonsoMango.in,"food, beverages & tobacco > food items > fruits & vegetables > fresh & frozen fruits > berries",new,,no,shopify_IN_7514289996033,False
nutmeg-powder-jaiphal-powder-jathikai-powder,43291708621057,IN,Nutmeg Powder | Jaiphal Powder | Jathikai Powder 250 GM,730.00 INR,in stock,AlphonsoMango.in,"food, beverages & tobacco > food items > seasonings & spices > herbs & spices",new,,no,shopify_IN_7825050108161,False
golden-kiwi,42496277545217,INR_1239712001,Buy Premium Golden Kiwi Online 5 pcs,900.00 INR,out of stock,AlphonsoMango.in,"food, beverages & tobacco > food items > fruits & vegetables > fresh & frozen fruits > kiwis",new,,no,shopify_ZZ_7484893692161,False
cranberry-blueberry-mix,43112670757121,INR_1239712001,Buy Cranberry Blueberry Mix Online from Alphonso Mango 1 kg,1800.00 INR,in stock,AlphonsoMango.in,"food, beverages & tobacco > food items > fruits & vegetables > fresh & frozen fruits > berries",new,,no,shopify_ZZ_7771499626753,False
dried-cranberry-cranberries,42340120789249,IN,Dried Cranberry | Cranberries 500 Gms,520.00 INR,in stock,AlphonsoMango.in,"food, beverages & tobacco > food items > fruits & vegetables > fresh & frozen fruits > berries",new,,no,shopify_IN_7514289996033,False
nutmeg-powder-jaiphal-powder-jathikai-powder,43291708621057,INR_1239712001,Nutmeg Powder | Jaiphal Powder | Jathikai Powder 250 g,730.00 INR,in stock,AlphonsoMango.in,"food, beverages & tobacco > food items > seasonings & spices > herbs & spices",new,,no,shopify_ZZ_7825050108161,False
hazelnuts,,IN,HazelNuts,460.00 INR,in stock,,,,,,,True
alphonso-mango-order-online,48770715779329,INR_1239712001,"Hapus Mango Online – GI Certified, Carbide-Free | 1 Dozen 2 Dozen / Large size 225 to 250 Grams Each mango",4749.00 INR,out of stock,AlphonsoMango.in,"food, beverages & tobacco > food items > fruits & vegetables > fresh & frozen fruits > stone fruits > mangoes",new,,no,shopify_ZZ_1995751653422,False
chop-almonds-cut-badam,42255767961857,INR_1239712001,Buy Sliced Almonds Online Crunchy Almond Flakes Fresh 250 g,355.00 INR,in stock,AlphonsoMango.in,"food, beverages & tobacco > food items > nuts & seeds",new,,no,shopify_ZZ_7514731184385,False
alphonso-mango-order-online,39261770088621,INR_1239712001,"Hapus Mango Online – GI Certified, Carbide-Free | 1 Dozen 1 Dozen / Extra Large size 250 to 275 Grams Each mango",3799.00 INR,out of stock,AlphonsoMango.in,"food, beverages & tobacco > food items > fruits & vegetables > fresh & frozen fruits > stone fruits > mangoes",new,PROV-ALPH-STD-1DZ-250G,yes,shopify_ZZ_1995751653422,False
saffron-kesar,45616148316417,IN,Buy Pure Kashmiri Mongra Kesar Saffron Online Hotel Pack of Kashmiri Kesar 5 x 10 gm pack 50 Gm / Nuts / Vegan,430.00 INR,in stock,AlphonsoMango.in,"food, beverages & tobacco > food items > seasonings & spices",new,,no,shopify_IN_4637369925678,True
devgad-alphonso-mango,46084338909441,INR_1239712001,Devgad Hapus Mango – Buy Devgad Alphonso Online 1 Dozen / Small Size 150 to 180 Grams Each mango,2899.00 INR,out of stock,AlphonsoMango.in,"food, beverages & tobacco > food items > fruits & vegetables > fresh & frozen fruits > stone fruits > mangoes",new,PROV-ALPH-DEV-1DZ-150G,yes,shopify_ZZ_1875621675054,False
black-pepper-black-peppercorn,43078319177985,IN,Buy Black Pepper Online 500 Gms,840.00 INR,in stock,AlphonsoMango.in,"food, beverages & tobacco > food items > seasonings & spices > pepper",new,,no,shopify_IN_7758578417921,False
kalmi-dates-safawi-dates,42286778941697,IN,Buy Kalmi Dates Online | Safawi Dates Online from Madinah 5 Kg,4050.00 INR,in stock,AlphonsoMango.in,"food, beverages & tobacco > food items > fruits & vegetables > fresh & frozen fruits > dates",new,,no,shopify_IN_7514264174849,False
buy-anjeer-dried-fig,40992291356845,IN,Buy Dried Anjeer | Dried Fig | Fig Dry Fruit 250 gm,580.00 INR,in stock,AlphonsoMango.in,"food, beverages & tobacco > food items > fruits & vegetables > fresh & frozen fruits > figs",new,,no,shopify_IN_7033230655661,False
ajwa-dates-ajwa-khajoor,40991683379373,IN,Buy Ajwa Dates Online: Ajwa Khajoor Medina's Treasure 500 Gm,1150.00 INR,in stock,AlphonsoMango.in,"food, beverages & tobacco > food items > fruits & vegetables > fresh & frozen fruits > dates",new,,no,shopify_IN_7033087983789,False
gond-katira-badam-pisin,43304314831105,INR_1239712001,Gond Katira Badam Pisin | Almond Gum Kathila Gond 500 g,395.00 INR,in stock,AlphonsoMango.in,health & beauty > health care > fitness & nutrition > vitamins & supplements,new,,no,shopify_ZZ_7768069701889,False
packham-pear,43094055452929,INR_1239712001,Buy Packham Pear Online,450.00 INR,out of stock,AlphonsoMango.in,"food, beverages & tobacco > food items > fruits & vegetables > fresh & frozen fruits > pears",,,,,False
saffron-kesar,45616146415873,IN,Buy Pure Kashmiri Mongra Kesar Saffron Online 2 gm Kesar / Nuts / No artificial colors,430.00 INR,in stock,AlphonsoMango.in,"food, beverages & tobacco > food items > seasonings & spices",new,,no,shopify_IN_4637369925678,True
amba-poli,,IN,Amba Poli - Aam Papad- Mango Papad,,out of stock,,,,,,,True
ole-kaju-fresh-tender-cashew-non-dried,42293051523329,IN,Ole Kaju | Fresh Cashew Sun Dried | Bibbe Upkari,400.00 INR,out of stock,AlphonsoMango.in,"food, beverages & tobacco > food items > nuts & seeds",new,Ole Kaju,yes,,False
saffron-kesar,45616148676865,IN,Buy Pure Kashmiri Mongra Kesar Saffron Online Wholesale Pack Kashmiri Kesar 10 x 10 Gm pack 100 Gm / Nuts / Non-GMO,430.00 INR,in stock,AlphonsoMango.in,"food, beverages & tobacco > food items > seasonings & spices",new,,no,shopify_IN_4637369925678,True
green-cardamom-elaichi,40992519651501,IN,Green Cardamom | Elaichi | Elakkai | ilaayachee 250Gm,1030.00 INR,in stock,AlphonsoMango.in,"food, beverages & tobacco > food items > seasonings & spices > herbs & spices",new,,no,shopify_IN_7033343508653,False
persimmon-amarphal-online,38015659868333,IN,"Buy Persimmon Fruit (Amarphal, Sharon) Online 4 Pcs",380.00 INR,out of stock,AlphonsoMango.in,430,new,,no,shopify_IN_6211994615981,False
green-cardamom-elaichi,40992519684269,IN,Green Cardamom | Elaichi | Elakkai | ilaayachee 500Gm,2000.00 INR,in stock,AlphonsoMango.in,"food, beverages & tobacco > food items > seasonings & spices > herbs & spices",new,,no,shopify_IN_7033343508653,False
chilgoza-pine-nuts,43159718592769,INR_1239712001,Buy Premium Chilgoza Pine Nuts Online | 100% Fresh Kernels 1 kg,9940.00 INR,in stock,AlphonsoMango.in,"food, beverages & tobacco > food items > nuts & seeds",new,,no,shopify_ZZ_7787298980097,False
dried-blackberries,42328492507393,INR_1239712001,Order Dried Blackberries – Your Healthy & Tasty Snack 500 g,1370.00 INR,out of stock,AlphonsoMango.in,"food, beverages & tobacco > food items > fruits & vegetables > fresh & frozen fruits > berries",new,,no,shopify_ZZ_7514269810945,False
w240-cashew-online,42249036005633,INR_1239712001,Buy W240 Cashew Nuts Online - Large Premium Kaju | Konkan Farms | AlphonsoMango.in 1 kg,1155.00 INR,in stock,AlphonsoMango.in,"food, beverages & tobacco > food items > nuts & seeds",new,PROV-CASH-W240-1KG,yes,shopify_ZZ_7514669711617,False
saffron-kesar,45616147333377,IN,Buy Premium Kashmiri Saffron Online - 100% Pure & Authentic Pregnancy Pack 10 Gm Kesar / Nuts,3100.00 INR,in stock,AlphonsoMango.in,"food, beverages & tobacco > food items > seasonings & spices > herbs & spices",new,,no,shopify_IN_4637369925678,False
cranberry-blueberry-mix,43112670724353,INR_1239712001,Buy Cranberry Blueberry Mix Online from Alphonso Mango 500 g,910.00 INR,in stock,AlphonsoMango.in,"food, beverages & tobacco > food items > fruits & vegetables > fresh & frozen fruits > berries",new,,no,shopify_ZZ_7771499626753,False
cranberry-blueberry-mix,43112670724353,IN,Buy Cranberry & Blueberry Mix Online 500 Gm,910.00 INR,in stock,AlphonsoMango.in,"food, beverages & tobacco > food items > fruits & vegetables > fresh & frozen fruits > berries",new,,no,shopify_IN_7771499626753,False
himalayan-pink-salt,43127997366529,INR_1239712001,Buy Natural Himalayan Pink Salt Online,320.00 INR,in stock,AlphonsoMango.in,"food, beverages & tobacco > food items > seasonings & spices > salt",new,Himalayan Pink Rock Salt,yes,,False
alphonso-mango-order-online,48770715746561,INR_1239712001,"Hapus Mango Online – GI Certified, Carbide-Free | 1 Dozen 2 Dozen / Medium Size 180 to 225 Grams Each Mango",3999.00 INR,out of stock,AlphonsoMango.in,"food, beverages & tobacco > food items > fruits & vegetables > fresh & frozen fruits > stone fruits > mangoes",new,,no,shopify_ZZ_1995751653422,False
broken-cashew-kaju-tukda,43102697685249,IN,Kaju tukda buy Online | Cashew Nut Broken 500 Gm,500.00 INR,in stock,AlphonsoMango.in,"food, beverages & tobacco > food items > nuts & seeds",new,,no,shopify_IN_1995740413998,False
saffron-kesar,45616147693825,IN,Buy Pure Kashmiri Mongra Kesar Saffron Online Pregnancy Pack 10 Gm Kesar / Nuts / Sugar-free,430.00 INR,in stock,AlphonsoMango.in,"food, beverages & tobacco > food items > seasonings & spices",new,,no,shopify_IN_4637369925678,True
saffron-kesar,45616148873473,IN,Buy Pure Kashmiri Mongra Kesar Saffron Online Wholesale Pack Kashmiri Kesar 10 x 10 Gm pack 100 Gm / Nuts / Sugar-free,430.00 INR,in stock,AlphonsoMango.in,"food, beverages & tobacco > food items > seasonings & spices",new,,no,shopify_IN_4637369925678,True
chop-almonds-cut-badam,42255767961857,IN,Almonds sliced | Almond Flakes | Sliced Almonds 250g,355.00 INR,in stock,AlphonsoMango.in,"food, beverages & tobacco > food items > nuts & seeds",new,,no,shopify_IN_7514731184385,False
saffron-kesar,45616146841857,IN,Buy Premium Kashmiri Saffron Online - 100% Pure & Authentic 5 gm Kesar / Nuts,1660.00 INR,in stock,AlphonsoMango.in,"food, beverages & tobacco > food items > seasonings & spices > herbs & spices",new,,no,shopify_IN_4637369925678,False
pumpkin-seeds,42496735871233,IN,Buy Roasted Pumpkin Seed Online 500 Gms,380.00 INR,in stock,AlphonsoMango.in,"food, beverages & tobacco > food items > nuts & seeds",new,,no,shopify_IN_1995746934830,False
roasted-cashew-nut,42267750203649,IN,Roasted Cashew Nuts Online Buy 1Kg,1450.00 INR,in stock,AlphonsoMango.in,"food, beverages & tobacco > food items > nuts & seeds",new,,no,shopify_IN_1995741921326,False
masala-cashew,31820719292462,INR_1239712001,Buy Masala Cashew Nuts Online - Spicy Roasted Kaju | Konkan Farms | AlphonsoMango.in 250 g,350.00 INR,in stock,AlphonsoMango.in,"food, beverages & tobacco > food items > nuts & seeds",new,,no,shopify_ZZ_1995741364270,False
alphonso-mango-pulp,31659595005998,IN,Alphonso Mango Pulp Tin GI Tag Certified Buy Online 3.1 Kg,2100.00 INR,in stock,AlphonsoMango.in,"food, beverages & tobacco > food items > fruits & vegetables > canned & jarred fruits",new,,no,shopify_IN_1995750998062,False
buy-salted-pista-online,42319240036609,IN,Delicious Roasted Salted Pista: Buy Online Now 500 GM,775.00 INR,in stock,AlphonsoMango.in,"food, beverages & tobacco > food items > nuts & seeds",new,,no,shopify_IN_7514720796929,False
kokum,40992385925293,IN,Buy Kokum Aamsul Online Kokum Rind Garcinia Indica 250 GM,200.00 INR,in stock,AlphonsoMango.in,"food, beverages & tobacco > food items > seasonings & spices",new,,no,shopify_IN_6832066920621,False
kesar-mango,48680658567425,INR_1239712001,Authentic Gir Kesar Mango | Buy Talala Kesar Keri Online Gir Kesar Mangoes / Small Box 1.4 kg to 1.6 Kg 4 to 6 pcs,3499.00 INR,out of stock,AlphonsoMango.in,"food, beverages & tobacco > food items > fruits & vegetables > fresh & frozen fruits > stone fruits > mangoes",new,PROV-KESR-GUJ-HAL-225G,yes,shopify_ZZ_1875623411758,False
alphonso-mango-order-online,48770715812097,INR_1239712001,"Hapus Mango Online – GI Certified, Carbide-Free | 1 Dozen 2 Dozen / Extra Large size 250 to 275 Grams Each mango",4999.00 INR,out of stock,AlphonsoMango.in,"food, beverages & tobacco > food items > fruits & vegetables > fresh & frozen fruits > stone fruits > mangoes",new,,no,shopify_ZZ_1995751653422,False
alphonso-mango-order-online,44401057497345,INR_1239712001,"Hapus Mango Online – GI Certified, Carbide-Free | 1 Dozen 1 Dozen / Jumbo size 275 to 300 Grams Each mango",4099.00 INR,out of stock,AlphonsoMango.in,"food, beverages & tobacco > food items > fruits & vegetables > fresh & frozen fruits > stone fruits > mangoes",new,PROV-ALPH-STD-1DZ-275G,yes,shopify_ZZ_1995751653422,False
dried-blueberries,41953501708545,IN,Buy Dried Blueberries Online | Dry Blueberry 500Gm,1030.00 INR,in stock,AlphonsoMango.in,"food, beverages & tobacco > food items > fruits & vegetables > fresh & frozen fruits > berries",new,,no,shopify_IN_7349425209601,False
dried-prunes-dried-plums-sun-dried,42436607049985,IN,Dried Prunes | Dried Plums | Sun-Dried Prunes 250 Gm,280.00 INR,in stock,AlphonsoMango.in,"food, beverages & tobacco > food items > fruits & vegetables > dried fruits",new,,no,shopify_IN_7514304512257,False
green-cardamom-elaichi,40992519717037,IN,Green Cardamom | Elaichi | Elakkai | ilaayachee 1KG,3900.00 INR,in stock,AlphonsoMango.in,"food, beverages & tobacco > food items > seasonings & spices > herbs & spices",new,,no,shopify_IN_7033343508653,False
raisins,41957620744449,INR_1239712001,Indian Raisin | Munakka | Kishmish | Manukka 500 g,300.00 INR,in stock,AlphonsoMango.in,"food, beverages & tobacco > food items > fruits & vegetables > dried fruits",new,,no,shopify_ZZ_4626933350446,False
raisins,41957620711681,IN,Indian Raisin | Munakka | Kishmish | Manukka 250Gm,165.00 INR,in stock,AlphonsoMango.in,"food, beverages & tobacco > food items > fruits & vegetables > dried fruits",new,,no,shopify_IN_4626933350446,False
kalmi-dates-safawi-dates,42286778941697,INR_1239712001,Buy Premium Black Kalmi Dates - Best Safawi Khajoor 5 kg,4050.00 INR,in stock,AlphonsoMango.in,"food, beverages & tobacco > food items > fruits & vegetables > fresh & frozen fruits > dates",new,,no,shopify_ZZ_7514264174849,False
kokum,,IN,Kokum Aamsul,200.00 INR,in stock,,,,,,,True
walnut-akhrot-kernel-half-akhrot-giri,42248986394881,IN,Walnut (Akhrot) Kernel half Akhrot Giri 1Kg,1770.00 INR,in stock,AlphonsoMango.in,"food, beverages & tobacco > food items > nuts & seeds",new,,no,shopify_IN_7514713751809,False
nutmeg-jayphal,43069650370817,INR_1239712001,Buy Nutmeg - Jathikai - Jayphal - Jaiphal 250 g,720.00 INR,in stock,AlphonsoMango.in,"food, beverages & tobacco > food items > seasonings & spices",new,,no,shopify_ZZ_4639410847790,False
dried-chikoo-chips,42705627644161,IN,Dried Chikoo Chips | Sapota chips 250 Gms,300.00 INR,out of stock,AlphonsoMango.in,"food, beverages & tobacco > food items > fruits & vegetables > dried fruits",new,,no,shopify_IN_7650124202241,False
cashew-with-skin,31820471664686,IN,Cashew Nut With Skin | Goa Cashew Nuts Goa Cashew 250 gms,345.00 INR,in stock,AlphonsoMango.in,"food, beverages & tobacco > food items > nuts & seeds",new,,no,shopify_IN_1995741003822,False
saffron-kesar,45616146284801,IN,Buy Pure Kashmiri Mongra Kesar Saffron Online 1 gm Kesar / Nuts / Sugar-free,430.00 INR,in stock,AlphonsoMango.in,"food, beverages & tobacco > food items > seasonings & spices",new,,no,shopify_IN_4637369925678,True
watermelon-seeds,31820992938030,INR_1239712001,Watermelon Seeds Buy Online India,250.00 INR,in stock,AlphonsoMango.in,"food, beverages & tobacco > food items > nuts & seeds",new,Watermelon seeds,yes,,False
broken-cashew-kaju-tukda,,IN,Broken Cashew Nuts | cashew for Gravvy,500.00 INR,in stock,,,,,,,True
masala-cashew,,IN,Masala Cashew,350.00 INR,in stock,,,,,,,True
jardalu,42301365682433,INR_1239712001,Dried Apricot | Jardalu | Non-Pitted | Khumani 250 g,285.00 INR,in stock,AlphonsoMango.in,"food, beverages & tobacco > food items > fruits & vegetables > dried fruits",new,,no,shopify_ZZ_7514267582721,False
buy-avocado-fruit-online,42115247079681,IN,Buy Avocado Online 1 Pcs,315.00 INR,out of stock,AlphonsoMango.in,"food, beverages & tobacco > food items > fruits & vegetables > fresh & frozen fruits > avocados",new,,no,shopify_IN_7480748114177,False
kashmiri-kahwa-kashmiri-tea,43093657223425,INR_1239712001,Buy Kashmiri Kahwa | Kashmiri tea | Kehwa Tea,650.00 INR,in stock,AlphonsoMango.in,"food, beverages & tobacco > beverages > tea & infusions",new,Kashmiri Kahwa,yes,,False
nutmeg-jayphal,,IN,Nutmeg - Jayphal,260.00 INR,in stock,,,,,,,True
buy-avocado-fruit-online,42115247112449,IN,Buy Avocado Online 3 Pcs,930.00 INR,out of stock,AlphonsoMango.in,"food, beverages & tobacco > food items > fruits & vegetables > fresh & frozen fruits > avocados",new,,no,shopify_IN_7480748114177,False
hazelnuts-nuts-seeds,41976977096961,IN,Buy Premium Hazelnut Online 500Gm,1430.00 INR,in stock,AlphonsoMango.in,"food, beverages & tobacco > food items > nuts & seeds",new,,no,shopify_IN_7427414720769,False
pecan-nuts,43094108209409,INR_1239712001,Buy Fresh Pecan Nuts Online | Premium Quality Pecans 1 kg,2600.00 INR,in stock,AlphonsoMango.in,"food, beverages & tobacco > food items > nuts & seeds",new,,no,shopify_ZZ_7758876705025,False
green-cardamom-elaichi,,IN,Green Cardamom | Ilaychee | Elaichi,415.00 INR,in stock,,,,,,,True
ole-kaju-fresh-tender-cashew-non-dried,42293051523329,INR_1239712001,Ole Kaju – Fresh Tender Cashew (Non-Dried) Online,400.00 INR,out of stock,AlphonsoMango.in,"food, beverages & tobacco > food items > nuts & seeds",new,Ole Kaju,yes,,False
cashew-with-skin,31820471697454,IN,Cashew Nut With Skin | Goa Cashew Nuts Goa Cashew 500 Gms,689.00 INR,in stock,AlphonsoMango.in,"food, beverages & tobacco > food items > nuts & seeds",new,,no,shopify_IN_1995741003822,False
green-cardamom-elaichi,40992519717037,INR_1239712001,Elaichi | Green Cardamom Pods – Bold Kerala Aroma 1 kg,3900.00 INR,in stock,AlphonsoMango.in,"food, beverages & tobacco > food items > seasonings & spices > herbs & spices",new,,no,shopify_ZZ_7033343508653,False
wheat-grass-powder-gavhankur-powder,43092229161217,INR_1239712001,Wheat Grass Powder | Gavhankur Powder 100 g,360.00 INR,in stock,AlphonsoMango.in,"food, beverages & tobacco > food items > fruits & vegetables > fresh & frozen vegetables > wheatgrass",new,,no,shopify_ZZ_7758586052865,False
godambi-marking-nut,43085331628289,INR_1239712001,Godambi in English: Marking Nut | Ker Beeja 5 kg,8250.00 INR,in stock,AlphonsoMango.in,"food, beverages & tobacco > food items > nuts & seeds",new,,no,shopify_ZZ_1995745886254,False
ratnagiri-alphonso-mango,46084329308417,IN,Ratnagiri Alphonso Mango Buy Online Ratnagiri Hapus 1 Dozen / 135 to 180 Grams each Hapus Mango,1849.00 INR,in stock,AlphonsoMango.in,"food, beverages & tobacco > food items > fruits & vegetables > fresh & frozen fruits > stone fruits > mangoes",new,,no,shopify_IN_1875614531630,True
cashew-with-skin,40336121364653,IN,Cashew Nut With Skin | Goa Cashew Nuts Goa Cashew 1 KG,1285.00 INR,in stock,AlphonsoMango.in,"food, beverages & tobacco > food items > nuts & seeds",new,,no,shopify_IN_1995741003822,False
quinoa-seeds,31820802981934,IN,Quinoa seeds Buy Online India 1 Kg,350.00 INR,in stock,AlphonsoMango.in,"food, beverages & tobacco > food items > nuts & seeds",new,,no,shopify_IN_1995747590190,False
dried-blueberries,41953501675777,IN,Buy Dried Blueberries Online | Dry Blueberry 100Gm,280.00 INR,in stock,AlphonsoMango.in,"food, beverages & tobacco > food items > fruits & vegetables > fresh & frozen fruits > berries",new,,no,shopify_IN_7349425209601,False
ratnagiri-alphonso-mango,48770729738497,INR_1239712001,Ratnagiri Alphonso Mango – Buy GI Hapus Online 2 Dozen / Extra Large 250 to 275 Grams,4999.00 INR,out of stock,AlphonsoMango.in,"food, beverages & tobacco > food items > fruits & vegetables > fresh & frozen fruits > stone fruits > mangoes",new,,no,shopify_ZZ_1875614531630,False
hazelnuts-nuts-seeds,41976977096961,INR_1239712001,Buy Premium Hazelnut Online 500 g,1430.00 INR,in stock,AlphonsoMango.in,"food, beverages & tobacco > food items > nuts & seeds",new,,no,shopify_ZZ_7427414720769,False
w240-cashew-online,42249035940097,INR_1239712001,Buy W240 Cashew Nuts Online - Large Premium Kaju | Konkan Farms | AlphonsoMango.in 250 g,340.00 INR,in stock,AlphonsoMango.in,"food, beverages & tobacco > food items > nuts & seeds",new,PROV-CASH-W240-250G,yes,shopify_ZZ_7514669711617,False
cranberry-blueberry-mix,43112670757121,IN,Buy Cranberry & Blueberry Mix Online 1 Kg,1800.00 INR,in stock,AlphonsoMango.in,"food, beverages & tobacco > food items > fruits & vegetables > fresh & frozen fruits > berries",new,,no,shopify_IN_7771499626753,False
salted-cashew-nuts,,IN,Salted Kaju,,in stock,,,,,,,True
chia-seeds,43019774329089,IN,Chia Seeds Buy Online | Chia seeds 5 Kg,2250.00 INR,in stock,AlphonsoMango.in,"food, beverages & tobacco > food items > nuts & seeds",new,,no,shopify_IN_1995746181166,False
devgad-alphonso-mango,32195366060078,INR_1239712001,Devgad Hapus Mango – Buy Devgad Alphonso Online 1 Dozen / Large Size 225 to 250 Grams Each mango,3299.00 INR,out of stock,AlphonsoMango.in,"food, beverages & tobacco > food items > fruits & vegetables > fresh & frozen fruits > stone fruits > mangoes",new,PROV-ALPH-DEV-1DZ-225G,yes,shopify_ZZ_1875621675054,False
nutmeg-powder-jaiphal-powder-jathikai-powder,43291708588289,IN,Nutmeg Powder | Jaiphal Powder | Jathikai Powder 100 GM,298.00 INR,in stock,AlphonsoMango.in,"food, beverages & tobacco > food items > seasonings & spices > herbs & spices",new,,no,shopify_IN_7825050108161,False
black-raisins-seed-less,32576602406958,IN,Black Raisins - Black Kishmish - Kala Manuka - Kali Kishmish 200 gm,150.00 INR,in stock,AlphonsoMango.in,"food, beverages & tobacco > food items > fruits & vegetables > dried fruits",new,,no,shopify_IN_4626937774126,False
imported-cherry-fruit,42255354921217,INR_1239712001,Imported Fresh Cherries online - Cherry Fruit 1 Kg,2000.00 INR,out of stock,AlphonsoMango.in,"food, beverages & tobacco > food items > fruits & vegetables > fresh & frozen fruits > stone fruits > cherries",new,,no,shopify_ZZ_7484905455873,False
fresh-red-globe-grapes,42115118792961,INR_1239712001,Buy Fresh Red Globe Grapes Online at Alphonso Mango 1 kg,650.00 INR,out of stock,AlphonsoMango.in,"food, beverages & tobacco > food items > fruits & vegetables > fresh & frozen fruits > grapes",new,,no,shopify_ZZ_7480719704321,False
godambi-marking-nut,43085331628289,IN,Godambi | Bhilawa | Marking Nut | buy Online 5 Kg,8250.00 INR,in stock,AlphonsoMango.in,"food, beverages & tobacco > food items > nuts & seeds",new,,no,shopify_IN_1995745886254,False
cashew-with-skin,40336121364653,INR_1239712001,Buy Cashew With Skin Online - Chilka Kaju | Goa & Konkan Farms | AlphonsoMango.in 1 kg,1285.00 INR,in stock,AlphonsoMango.in,"food, beverages & tobacco > food items > nuts & seeds",new,,no,shopify_ZZ_1995741003822,False
dried-chikoo-chips,42705643471105,INR_1239712001,Dried Chikoo Chips – Witness Crunchy Sweetness in Every Bite 500 g,550.00 INR,out of stock,AlphonsoMango.in,"food, beverages & tobacco > food items > fruits & vegetables > dried fruits",new,,no,shopify_ZZ_7650124202241,False
black-pepper-black-peppercorn,43078319145217,IN,Buy Black Pepper Online 250 Gms,425.00 INR,in stock,AlphonsoMango.in,"food, beverages & tobacco > food items > seasonings & spices > pepper",new,,no,shopify_IN_7758578417921,False
kashmiri-lahsun-kashmiri-garlic,42471441957121,INR_1239712001,Kashmiri Lahsun | Kashmiri Garlic | Ek Pothi Lahsun 1 kg,2340.00 INR,in stock,AlphonsoMango.in,"food, beverages & tobacco > food items > fruits & vegetables > fresh & frozen vegetables > garlic",new,,no,shopify_ZZ_7535197159681,False
dried-strawberry,43113951330561,IN,Buy Dried Strawberries Online: Delicious treat 500 Gm,710.00 INR,in stock,AlphonsoMango.in,"food, beverages & tobacco > food items > fruits & vegetables > fresh & frozen fruits > berries",new,,no,shopify_IN_7771501527297,False
cashew-nut-split,31820979994670,INR_1239712001,Buy Cashew Nut Split Online - Kaju Tukda | Budget Cooking Cashews | AlphonsoMango.in 250 g,250.00 INR,in stock,AlphonsoMango.in,"food, beverages & tobacco > food items > nuts & seeds",new,,no,shopify_ZZ_1995742642222,False
raisins,41957620777217,INR_1239712001,Indian Raisin | Munakka | Kishmish | Manukka 1 kg,590.00 INR,in stock,AlphonsoMango.in,"food, beverages & tobacco > food items > fruits & vegetables > dried fruits",new,,no,shopify_ZZ_4626933350446,False
sweet-tamarind,42336219103489,INR_1239712001,Sweet Tamarind: Meethi Imli A Delicious Treat at AlphonsoMango.in,282.00 INR,in stock,AlphonsoMango.in,"food, beverages & tobacco > food items > fruits & vegetables > fresh & frozen fruits > tamarindo",new,Sweet Tamarind,yes,,False
buy-salted-pista-online,42319240036609,INR_1239712001,Buy Salted Pista Online Roasted Crunchy Delight 500 g,775.00 INR,in stock,AlphonsoMango.in,"food, beverages & tobacco > food items > nuts & seeds",new,,no,shopify_ZZ_7514720796929,False
w320-cashew-nuts,42249014673665,IN,Regular Cashew Nut W320: The Ideal Snack for Any Occasion 1Kg,1055.00 INR,in stock,AlphonsoMango.in,"food, beverages & tobacco > food items > nuts & seeds",new,,no,shopify_IN_7514680033537,False
sunflower-seeds,31820985663534,INR_1239712001,Enjoy Roasted Sunflower Seeds: Buy Now! 200 g,150.00 INR,in stock,AlphonsoMango.in,"food, beverages & tobacco > food items > nuts & seeds",new,,no,shopify_ZZ_1995748474926,False
alphonso-mango-cubes,45929745318145,INR_1239712001,Freeze Dried Alphonso Mango Cubes | 100% Natural Hapus 15 g,349.00 INR,out of stock,AlphonsoMango.in,,new,PROV-CUBE-FRZ-15G,yes,shopify_ZZ_8673951318273,False
malawi-mango,37603463102637,IN,Malawi Mango - Buy Malawi mangoes online. 6 Pcs Small size,2100.00 INR,out of stock,AlphonsoMango.in,"food, beverages & tobacco > food items > fruits & vegetables > fresh & frozen fruits > stone fruits > mangoes",new,,no,shopify_IN_6091047993517,False
black-pepper-black-peppercorn,43078319210753,INR_1239712001,Buy Black Pepper Online Fresh Bold and Pure Flavor 1 kg,1650.00 INR,in stock,AlphonsoMango.in,"food, beverages & tobacco > food items > seasonings & spices > pepper",new,,no,shopify_ZZ_7758578417921,False
dried-blueberries,,IN,Dried Blueberry,280.00 INR,in stock,,,,,,,True
buy-anjeer-dried-fig,,IN,Dried Figs Anjeer,580.00 INR,in stock,,,,,,,True
wheat-grass-powder-gavhankur-powder,43092229193985,INR_1239712001,Wheat Grass Powder | Gavhankur Powder 250 g,830.00 INR,in stock,AlphonsoMango.in,"food, beverages & tobacco > food items > fruits & vegetables > fresh & frozen vegetables > wheatgrass",new,,no,shopify_ZZ_7758586052865,False
amba-wadi-mango-barfi,17517800390702,IN,Buy Amba Wadi | Mango Burfi,200.00 INR,out of stock,AlphonsoMango.in,,new,Amba Wadi Barfi Granola bar,yes,,False
cranberry-blueberry-mix,43112670691585,INR_1239712001,Buy Cranberry Blueberry Mix Online from Alphonso Mango 200 g,390.00 INR,in stock,AlphonsoMango.in,"food, beverages & tobacco > food items > fruits & vegetables > fresh & frozen fruits > berries",new,,no,shopify_ZZ_7771499626753,False
brazil-nuts,40990955536557,INR_1239712001,Shop Fresh Premium Brazil Nuts Online from Alphonso Mango 200 g,815.00 INR,in stock,AlphonsoMango.in,"food, beverages & tobacco > food items > nuts & seeds",new,,no,shopify_ZZ_7032975556781,False
roasted-cashew-nut,31820889882670,IN,Roasted Cashew Nuts Online Buy 250 gm,380.00 INR,in stock,AlphonsoMango.in,"food, beverages & tobacco > food items > nuts & seeds",new,,no,shopify_IN_1995741921326,False
persimmon-amarphal-online,,IN,Persimmon Amarphal,240.00 INR,in stock,,,,,,,True
raisins,43008780534017,INR_1239712001,Indian Raisin | Munakka | Kishmish | Manukka 5 kg,2400.00 INR,in stock,AlphonsoMango.in,"food, beverages & tobacco > food items > fruits & vegetables > dried fruits",new,,no,shopify_ZZ_4626933350446,False
chop-almonds-cut-badam,42255768027393,IN,Almonds sliced | Almond Flakes | Sliced Almonds 1Kg,1210.00 INR,in stock,AlphonsoMango.in,"food, beverages & tobacco > food items > nuts & seeds",new,,no,shopify_IN_7514731184385,False
salted-cashew-nuts,40346383974573,INR_1239712001,Buy Salted Cashew Nuts Online - Khara Kaju | Himalayan Salt | AlphonsoMango.in 10 × 25 g,400.00 INR,in stock,AlphonsoMango.in,"food, beverages & tobacco > food items > nuts & seeds",new,,no,shopify_ZZ_1995742183470,False
masala-cashew,40345213436077,INR_1239712001,Buy Masala Cashew Nuts Online - Spicy Roasted Kaju | Konkan Farms | AlphonsoMango.in 1 kg,1350.00 INR,in stock,AlphonsoMango.in,"food, beverages & tobacco > food items > nuts & seeds",new,,no,shopify_ZZ_1995741364270,False
chilgoza-pine-nuts,43159718527233,INR_1239712001,Buy Premium Chilgoza Pine Nuts Online | 100% Fresh Kernels 250 g,2699.00 INR,in stock,AlphonsoMango.in,"food, beverages & tobacco > food items > nuts & seeds",new,,no,shopify_ZZ_7787298980097,False
dried-cranberry-cranberries,,IN,Dried Cranberry,280.00 INR,in stock,,,,,,,True
dried-blackberries,42328492474625,INR_1239712001,Order Dried Blackberries – Your Healthy & Tasty Snack 250 g,740.00 INR,out of stock,AlphonsoMango.in,"food, beverages & tobacco > food items > fruits & vegetables > fresh & frozen fruits > berries",new,,no,shopify_ZZ_7514269810945,False
bhimseni-kapoor-camphor,,IN,Bhimseni Kapoor,280.00 INR,in stock,,,,,,,True
kashmiri-kahwa-kashmiri-tea,43093657223425,IN,Buy Kashmiri Kahwa | Kashmiri tea | Kehwa Tea,650.00 INR,in stock,AlphonsoMango.in,"food, beverages & tobacco > beverages > tea & infusions",new,Kashmiri Kahwa,yes,,False
buy-avocado-fruit-online,42115247145217,INR_1239712001,Buy Fresh Avocado Online Imported from Alphonso Mango 5 pcs,1500.00 INR,out of stock,AlphonsoMango.in,"food, beverages & tobacco > food items > fruits & vegetables > fresh & frozen fruits > avocados",new,,no,shopify_ZZ_7480748114177,False
alphonso-mango-order-online,48770757755137,INR_1239712001,"Hapus Mango Online – GI Certified, Carbide-Free | 1 Dozen 5 dozen / Medium Size 180 to 225 Grams Each Mango",7399.00 INR,out of stock,AlphonsoMango.in,"food, beverages & tobacco > food items > fruits & vegetables > fresh & frozen fruits > stone fruits > mangoes",new,,no,shopify_ZZ_1995751653422,False
amba-poli,31650249572398,INR_1239712001,"Buy Aam Papad – Soft, Tangy Amba Poli Online",175.00 INR,out of stock,AlphonsoMango.in,"food, beverages & tobacco > food items > snack foods > fruit snacks",new,Aam papad - Amba Poli,yes,,False
saffron-kesar,45616147661057,IN,Buy Pure Kashmiri Mongra Kesar Saffron Online Pregnancy Pack 10 Gm Kesar / Nuts / Vegetarian,430.00 INR,in stock,AlphonsoMango.in,"food, beverages & tobacco > food items > seasonings & spices",new,,no,shopify_IN_4637369925678,True
green-kiwi,43082209165569,INR_1239712001,Buy Premium quality Green Kiwi Online 1 pc,250.00 INR,out of stock,AlphonsoMango.in,"food, beverages & tobacco > food items > fruits & vegetables > fresh & frozen fruits > kiwis",new,,no,shopify_ZZ_7484899557633,False
imported-cherry-fruit,42255354953985,INR_1239712001,Imported Fresh Cherries online - Cherry Fruit 2 Kg,3900.00 INR,out of stock,AlphonsoMango.in,"food, beverages & tobacco > food items > fruits & vegetables > fresh & frozen fruits > stone fruits > cherries",new,,no,shopify_ZZ_7484905455873,False
brazil-nuts,,IN,Brazil Nuts (Amazon Nuts),815.00 INR,in stock,,,,,,,True
macadamia-nuts,45867806949633,IN,Buy Premium Jumbo Macadamia Nuts Online - 250 Grams 1 Kg,4600.00 INR,in stock,AlphonsoMango.in,"food, beverages & tobacco > food items > nuts & seeds",new,,no,shopify_IN_7783563231489,False
masala-cashew,40345213436077,IN,Masala Kaju – Roasted Masala Cashew Nut 1 Kg,1350.00 INR,in stock,AlphonsoMango.in,"food, beverages & tobacco > food items > nuts & seeds",new,,no,shopify_IN_1995741364270,False
alphonso-mango-pulp,,IN,Alphonso Mango Pulp - Mango Pulp,,in stock,,,,,,,True
nectarine,43094024552705,IN,Buy Premium Imported Nectarine Online,500.00 INR,out of stock,AlphonsoMango.in,"food, beverages & tobacco > food items > fruits & vegetables > fresh & frozen fruits > stone fruits > peaches & nectarines",new,Necatrine,yes,,False
california-almonds-badam,40991301370029,INR_1239712001,Buy California Almonds Online Healthy Crunchy Snack 500 g,690.00 INR,in stock,AlphonsoMango.in,"food, beverages & tobacco > food items > nuts & seeds",new,,no,shopify_ZZ_7033033687213,False
ratnagiri-alphonso-mango,,IN,Ratnagiri Alphonso Mango,1849.00 INR,in stock,,,,,,,True
dried-apricot,40995164913837,INR_1239712001,Buy Dried Apricot – Premium Pitted Khubani Online 1 kg,1240.00 INR,in stock,AlphonsoMango.in,"food, beverages & tobacco > food items > fruits & vegetables > fresh & frozen fruits > stone fruits > apricots",new,,no,shopify_ZZ_7033393741997,False
nutmeg-powder-jaiphal-powder-jathikai-powder,43291708555521,INR_1239712001,Nutmeg Powder | Jaiphal Powder | Jathikai Powder 50 g,158.00 INR,in stock,AlphonsoMango.in,"food, beverages & tobacco > food items > seasonings & spices > herbs & spices",new,,no,shopify_ZZ_7825050108161,False
brazil-nuts,40990955569325,INR_1239712001,Shop Fresh Premium Brazil Nuts Online from Alphonso Mango 500 g,1750.00 INR,in stock,AlphonsoMango.in,"food, beverages & tobacco > food items > nuts & seeds",new,,no,shopify_ZZ_7032975556781,False
star-anise-chakra-phool,43369446146305,IN,Star Anise | Chakra Phool buy Now Online with us 250 Gm,850.00 INR,in stock,AlphonsoMango.in,"food, beverages & tobacco > food items > seasonings & spices",,,,shopify_IN_7758579695873,False
dates-sugar-kharik-powder,43181117899009,INR_1239712001,Dates Sugar – Natural Sweetener from Kharik Powder 500 g,550.00 INR,in stock,AlphonsoMango.in,"food, beverages & tobacco > food items > fruits & vegetables > fresh & frozen fruits > dates",new,,no,shopify_ZZ_7758228226305,False
jardalu,42301365747969,IN,Dried Apricot | Jardalu | Non-Pitted | Khumani 1 KG,970.00 INR,in stock,AlphonsoMango.in,"food, beverages & tobacco > food items > fruits & vegetables > dried fruits",new,,no,shopify_IN_7514267582721,False
malawi-mango,,IN,Malawi Alphonso Mangoes,2100.00 INR,in stock,,,,,,,True
w320-cashew-nuts,42249014608129,INR_1239712001,Buy W320 Cashew Nuts Online - Best Value Regular Kaju | Konkan Farms | AlphonsoMango.in 250 g,310.00 INR,in stock,AlphonsoMango.in,"food, beverages & tobacco > food items > nuts & seeds",new,PROV-CASH-W320-250G,yes,shopify_ZZ_7514680033537,False
chilgoza-pine-nuts,43159718560001,INR_1239712001,Buy Premium Chilgoza Pine Nuts Online | 100% Fresh Kernels 500 g,5095.00 INR,in stock,AlphonsoMango.in,"food, beverages & tobacco > food items > nuts & seeds",new,,no,shopify_ZZ_7787298980097,False
sunflower-seeds,43067815493889,IN,Enjoy Roasted Sunflower Seeds: Buy Now! 500 gms,290.00 INR,in stock,AlphonsoMango.in,"food, beverages & tobacco > food items > nuts & seeds",new,,no,shopify_IN_1995748474926,False
ratnagiri-alphonso-mango,48770729705729,INR_1239712001,Ratnagiri Alphonso Mango – Buy GI Hapus Online 2 Dozen / Large Size 225 to 250 Grams,4699.00 INR,out of stock,AlphonsoMango.in,"food, beverages & tobacco > food items > fruits & vegetables > fresh & frozen fruits > stone fruits > mangoes",new,,no,shopify_ZZ_1875614531630,False
mamra-badam,42255702229249,INR_1239712001,Mamra Badam | Gurbandi Almonds 1 kg,2890.00 INR,in stock,AlphonsoMango.in,"food, beverages & tobacco > food items > nuts & seeds",new,,no,shopify_ZZ_7514307100929,False
gond-katira-badam-pisin,43304314798337,INR_1239712001,Gond Katira Badam Pisin | Almond Gum Kathila Gond 250 g,199.00 INR,in stock,AlphonsoMango.in,health & beauty > health care > fitness & nutrition > vitamins & supplements,new,,no,shopify_ZZ_7768069701889,False
dried-cranberry-cranberries,42340120822017,INR_1239712001,Tasty Dried Cranberries You Can Enjoy Anytime 1 kg,950.00 INR,in stock,AlphonsoMango.in,"food, beverages & tobacco > food items > fruits & vegetables > fresh & frozen fruits > berries",new,,no,shopify_ZZ_7514289996033,False
saffron-kesar,45616148381953,IN,Buy Pure Kashmiri Mongra Kesar Saffron Online Hotel Pack of Kashmiri Kesar 5 x 10 gm pack 50 Gm / Nuts / Vegetarian,430.00 INR,in stock,AlphonsoMango.in,"food, beverages & tobacco > food items > seasonings & spices",new,,no,shopify_IN_4637369925678,True
buy-salted-pista-online,,IN,Salted Pista Pistachio,420.00 INR,in stock,,,,,,,True
chop-almonds-cut-badam,,IN,Chop Almond | Cut badam,355.00 INR,in stock,,,,,,,True
malawi-mango,37603463168173,INR_1239712001,Buy Malawi Mango Online - Sweet & Juicy Mangoes 6 Pcs Standard big size,2500.00 INR,out of stock,AlphonsoMango.in,"food, beverages & tobacco > food items > fruits & vegetables > fresh & frozen fruits > stone fruits > mangoes",new,,no,shopify_ZZ_6091047993517,False
brazil-nuts,40990955602093,IN,Shop Fresh Premium Brazil Nuts - 200 Gm Free delivery 1 Kg,3450.00 INR,in stock,AlphonsoMango.in,"food, beverages & tobacco > food items > nuts & seeds",new,,no,shopify_IN_7032975556781,False
dried-apricot,40995164848301,IN,Buy Dried Apricot | Khubani | Pitted Apricot 200 Gm,300.00 INR,in stock,AlphonsoMango.in,"food, beverages & tobacco > food items > fruits & vegetables > fresh & frozen fruits > stone fruits > apricots",new,,no,shopify_IN_7033393741997,False
black-raisins-seed-less,42313945514241,IN,Black Raisins - Black Kishmish - Kala Manuka - Kali Kishmish 1 Kg,650.00 INR,in stock,AlphonsoMango.in,"food, beverages & tobacco > food items > fruits & vegetables > dried fruits",new,,no,shopify_IN_4626937774126,False
bhimseni-kapoor-camphor,32615858536494,IN,Buy Bhimseni Kapoor | Desi Kapoor | Bhimseni Camphor 100 Gms,280.00 INR,in stock,AlphonsoMango.in,"food, beverages & tobacco > food items > seasonings & spices > herbs & spices",new,,no,shopify_IN_4639461933102,False
devgad-alphonso-mango,44400932487425,INR_1239712001,Devgad Hapus Mango – Buy Devgad Alphonso Online 1 Dozen / Jumbo Size 275 Grams and above Each mango,3999.00 INR,out of stock,AlphonsoMango.in,"food, beverages & tobacco > food items > fruits & vegetables > fresh & frozen fruits > stone fruits > mangoes",new,PROV-ALPH-DEV-1DZ-275G,yes,shopify_ZZ_1875621675054,False
star-anise-chakra-phool,43369446113537,INR_1239712001,Chakra Phool | Star Anise (Star Phool) – AlphonsoMango.in 100 g,345.00 INR,in stock,AlphonsoMango.in,"food, beverages & tobacco > food items > seasonings & spices",,,,shopify_ZZ_7758579695873,False
saffron-kesar,45616146088193,IN,Buy Pure Kashmiri Mongra Kesar Saffron Online 1 gm Kesar / Nuts / Non-GMO,430.00 INR,in stock,AlphonsoMango.in,"food, beverages & tobacco > food items > seasonings & spices",new,,no,shopify_IN_4637369925678,True
cashew-nuts-w180-cashew,,IN,Cashew Nut W180 Jumbo,400.00 INR,in stock,,,,,,,True
alphonso-mango-order-online,48770757722369,INR_1239712001,"Hapus Mango Online – GI Certified, Carbide-Free | 1 Dozen 5 dozen / Small But tasty 150 to 180 Grams Each mango",6699.00 INR,out of stock,AlphonsoMango.in,"food, beverages & tobacco > food items > fruits & vegetables > fresh & frozen fruits > stone fruits > mangoes",new,,no,shopify_ZZ_1995751653422,False
aamras-ambyacha-ras,42367539773697,IN,Aamras - Ambyacha ras - Keri No Ras 500 Gm,290.00 INR,out of stock,AlphonsoMango.in,"food, beverages & tobacco > food items > fruits & vegetables > fruit sauces",,,no,shopify_IN_6128976298157,False
kokum-butter,37688158716077,INR_1239712001,"Buy Kokum Butter (Kokum Tel, Kokum Oil) for Skin 90 g",240.00 INR,in stock,AlphonsoMango.in,"food, beverages & tobacco > food items > dips & spreads > nut butters",new,,no,shopify_ZZ_4626909790254,False
broken-cashew-kaju-tukda,43102697685249,INR_1239712001,Kaju Tukda Online – Premium Cashew Nut Broken 500 g,500.00 INR,in stock,AlphonsoMango.in,"food, beverages & tobacco > food items > nuts & seeds",new,,no,shopify_ZZ_1995740413998,False
kashmiri-lahsun-kashmiri-garlic,42471441891585,IN,Kashmiri Lahsun | Kashmiri Garlic | Ek Pothi Lahsun 250 Gms,640.00 INR,in stock,AlphonsoMango.in,"food, beverages & tobacco > food items > fruits & vegetables > fresh & frozen vegetables > garlic",new,,no,shopify_IN_7535197159681,False
raisins,41957620744449,IN,Indian Raisin | Munakka | Kishmish | Manukka 500Gm,300.00 INR,in stock,AlphonsoMango.in,"food, beverages & tobacco > food items > fruits & vegetables > dried fruits",new,,no,shopify_IN_4626933350446,False
godambi-marking-nut,42290089689345,INR_1239712001,Godambi in English: Marking Nut | Ker Beeja 500 g,1020.00 INR,in stock,AlphonsoMango.in,"food, beverages & tobacco > food items > nuts & seeds",new,,no,shopify_ZZ_1995745886254,False
dried-cranberry-cranberries,42340120756481,IN,Dried Cranberry | Cranberries 250 Gms,280.00 INR,in stock,AlphonsoMango.in,"food, beverages & tobacco > food items > fruits & vegetables > fresh & frozen fruits > berries",new,,no,shopify_IN_7514289996033,False
saffron-kesar,,IN,pure Kashmir Saffron - Kashmiri Kesar No 1 Quality,430.00 INR,in stock,,,,,,,True
kalmi-dates-safawi-dates,42286626111745,IN,Buy Kalmi Dates Online | Safawi Dates Online from Madinah 1 Kg,1060.00 INR,in stock,AlphonsoMango.in,"food, beverages & tobacco > food items > fruits & vegetables > fresh & frozen fruits > dates",new,,no,shopify_IN_7514264174849,False
sandgi-mirchi,43094402269441,IN,Sandgi Mirchi | Kondattam Molagu | Dahi Mirchi,250.00 INR,in stock,AlphonsoMango.in,"food, beverages & tobacco > food items > seasonings & spices",,,no,,False
chia-seeds,,IN,Chia Seeds,140.00 INR,in stock,,,,,,,True
w240-cashew-online,42249035972865,IN,Premium Quality Cashew Nuts: Kaju Medium Size W 240 500g,630.00 INR,in stock,AlphonsoMango.in,"food, beverages & tobacco > food items > nuts & seeds",new,,no,shopify_IN_7514669711617,False
black-raisins-seed-less,42313945514241,INR_1239712001,Buy Black Raisins Online Kala Manuka from Alphonso Mango 1 kg,650.00 INR,in stock,AlphonsoMango.in,"food, beverages & tobacco > food items > fruits & vegetables > dried fruits",new,,no,shopify_ZZ_4626937774126,False
dried-prunes-dried-plums-sun-dried,42436607049985,INR_1239712001,Buy Dried Plums - A Tasty and Healthy Fruit Snack 250 g,280.00 INR,in stock,AlphonsoMango.in,"food, beverages & tobacco > food items > fruits & vegetables > dried fruits",new,,no,shopify_ZZ_7514304512257,False
alphonso-mango-order-online,48770757787905,INR_1239712001,"Hapus Mango Online – GI Certified, Carbide-Free | 1 Dozen 5 dozen / Large size 225 to 250 Grams Each mango",8199.00 INR,out of stock,AlphonsoMango.in,"food, beverages & tobacco > food items > fruits & vegetables > fresh & frozen fruits > stone fruits > mangoes",new,,no,shopify_ZZ_1995751653422,False
kokum,40992385925293,INR_1239712001,Buy Kokum Aamsul Online Kokum Rind Garcinia Indica 250 g,200.00 INR,in stock,AlphonsoMango.in,"food, beverages & tobacco > food items > seasonings & spices",new,,no,shopify_ZZ_6832066920621,False
pista,43056628793601,IN,Premium Quality Pista Kernel (Pista Nuts) Buy Now 1 Kg,2280.00 INR,in stock,AlphonsoMango.in,"food, beverages & tobacco > food items > nuts & seeds",,,,shopify_IN_7755501863169,False
moringa-powder,43128909365505,INR_1239712001,Buy Moringa Powder Online | Shevga Powder 250 g,192.00 INR,in stock,AlphonsoMango.in,health & beauty > health care > fitness & nutrition > vitamins & supplements,new,,no,shopify_ZZ_7777160757505,False
buy-salted-pista-online,42319240003841,INR_1239712001,Buy Salted Pista Online Roasted Crunchy Delight 250 g,420.00 INR,in stock,AlphonsoMango.in,"food, beverages & tobacco > food items > nuts & seeds",new,,no,shopify_ZZ_7514720796929,False
bhimseni-kapoor-camphor,32615858536494,INR_1239712001,Buy Bhimseni Kapoor Pure Desi Camphor Online Today 100 g,280.00 INR,in stock,AlphonsoMango.in,"food, beverages & tobacco > food items > seasonings & spices > herbs & spices",new,,no,shopify_ZZ_4639461933102,False
dried-cranberry-cranberries,42340120789249,INR_1239712001,Tasty Dried Cranberries You Can Enjoy Anytime 500 g,520.00 INR,in stock,AlphonsoMango.in,"food, beverages & tobacco > food items > fruits & vegetables > fresh & frozen fruits > berries",new,,no,shopify_ZZ_7514289996033,False
cashew-nut-split,43102701093121,INR_1239712001,Buy Cashew Nut Split Online - Kaju Tukda | Budget Cooking Cashews | AlphonsoMango.in 500 g,490.00 INR,in stock,AlphonsoMango.in,"food, beverages & tobacco > food items > nuts & seeds",new,,no,shopify_ZZ_1995742642222,False
kokum-butter,37688158716077,IN,"Buy Kokum Butter (Kokum Tel, Kokum Oil) for Skin 90 Gm",240.00 INR,in stock,AlphonsoMango.in,"food, beverages & tobacco > food items > dips & spreads > nut butters",new,,no,shopify_IN_4626909790254,False
jackfruit-chips,31820625641518,IN,Jackfruit Chips Buy Healthy Snacks,200.00 INR,out of stock,AlphonsoMango.in,"food, beverages & tobacco > food items > fruits & vegetables > dried fruits",new,Jackfruit Chips,yes,,False
pista,43056628760833,IN,Premium Quality Pista Kernel (Pista Nuts) Buy Now 500 Gms,1160.00 INR,in stock,AlphonsoMango.in,"food, beverages & tobacco > food items > nuts & seeds",,,,shopify_IN_7755501863169,False
salted-cashew-nuts,40346383974573,IN,Buy Salted Cashew Nuts Online | Khara Kaju 10 Pack of 25 grams,400.00 INR,in stock,AlphonsoMango.in,"food, beverages & tobacco > food items > nuts & seeds",new,,no,shopify_IN_1995742183470,False
saffron-kesar,45616147169537,IN,Buy Pure Kashmiri Mongra Kesar Saffron Online 5 gm Kesar / Nuts / Single origin,430.00 INR,in stock,AlphonsoMango.in,"food, beverages & tobacco > food items > seasonings & spices",new,,no,shopify_IN_4637369925678,True
mazafati-date,37810483789997,IN,Mazafati Dates Online 500 Gm - Kimia Dates 500 GMS 500 GMS,238.00 INR,in stock,AlphonsoMango.in,"food, beverages & tobacco > food items > fruits & vegetables > fresh & frozen fruits > dates",new,,no,shopify_IN_6163652968621,False
alphonso-mango-order-online,48770757853441,INR_1239712001,"Hapus Mango Online – GI Certified, Carbide-Free | 1 Dozen 5 dozen / Jumbo size 275 to 300 Grams Each mango",10499.00 INR,out of stock,AlphonsoMango.in,"food, beverages & tobacco > food items > fruits & vegetables > fresh & frozen fruits > stone fruits > mangoes",new,,no,shopify_ZZ_1995751653422,False
salted-cashew-nuts,40346391511213,INR_1239712001,Buy Salted Cashew Nuts Online - Khara Kaju | Himalayan Salt | AlphonsoMango.in 1 kg,1390.00 INR,in stock,AlphonsoMango.in,"food, beverages & tobacco > food items > nuts & seeds",new,,no,shopify_ZZ_1995742183470,False
malawi-mango,37603463102637,INR_1239712001,Buy Malawi Mango Online - Sweet & Juicy Mangoes 6 Pcs Small size,2100.00 INR,out of stock,AlphonsoMango.in,"food, beverages & tobacco > food items > fruits & vegetables > fresh & frozen fruits > stone fruits > mangoes",new,,no,shopify_ZZ_6091047993517,False
malgova-mango,42306132214017,INR_1239712001,Malgova Mango | Malgoba | Malgoa,1800.00 INR,out of stock,AlphonsoMango.in,"food, beverages & tobacco > food items > fruits & vegetables > fresh & frozen fruits > stone fruits > mangoes",new,Malgova Mango,yes,,False
pista,43056628760833,INR_1239712001,Premium Quality Pista Kernel (Pista Nuts) Buy Now 500 g,1160.00 INR,in stock,AlphonsoMango.in,"food, beverages & tobacco > food items > nuts & seeds",,,,shopify_ZZ_7755501863169,False
kokum-butter,40370301763757,IN,"Buy Kokum Butter (Kokum Tel, Kokum Oil) for Skin 500 gms",900.00 INR,in stock,AlphonsoMango.in,"food, beverages & tobacco > food items > dips & spreads > nut butters",new,,no,shopify_IN_4626909790254,False
kashmiri-lahsun-kashmiri-garlic,42471441858817,IN,Kashmiri Lahsun | Kashmiri Garlic | Ek Pothi Lahsun 100 Gms,285.00 INR,in stock,AlphonsoMango.in,"food, beverages & tobacco > food items > fruits & vegetables > fresh & frozen vegetables > garlic",new,,no,shopify_IN_7535197159681,False
mango-cubes,45929745350913,IN,Freeze-Dried Alphonso Mango Cubes | 100% Natural 50 Gm,450.00 INR,in stock,AlphonsoMango.in,"food, beverages & tobacco > food items > snack foods",new,,,shopify_IN_8673951318273,False
macadamia-nuts,43175579975937,IN,Buy Premium Jumbo Macadamia Nuts Online - 250 Grams 500 Grams,2400.00 INR,in stock,AlphonsoMango.in,"food, beverages & tobacco > food items > nuts & seeds",new,,no,shopify_IN_7783563231489,False
roasted-sunflower-seeds,31820946276398,IN,Roasted Sunflower Seeds Health food 250 gms,230.00 INR,in stock,AlphonsoMango.in,"food, beverages & tobacco > food items > nuts & seeds",new,,no,shopify_IN_1995748802606,False
walnut-akhrot-kernel-half-akhrot-giri,42248986362113,IN,Walnut (Akhrot) Kernel half Akhrot Giri 500gm,962.00 INR,in stock,AlphonsoMango.in,"food, beverages & tobacco > food items > nuts & seeds",new,,no,shopify_IN_7514713751809,False
mazafati-date,,IN,Mazafati Dates - Kimia Dates,238.00 INR,in stock,,,,,,,True
black-pepper-black-peppercorn,43078319177985,INR_1239712001,Buy Black Pepper Online Fresh Bold and Pure Flavor 500 g,840.00 INR,in stock,AlphonsoMango.in,"food, beverages & tobacco > food items > seasonings & spices > pepper",new,,no,shopify_ZZ_7758578417921,False
aamras-ambyacha-ras,42367539806465,INR_1239712001,Buy Aamras Online - Pure Alphonso Mango Ras 1 kg,575.00 INR,out of stock,AlphonsoMango.in,"food, beverages & tobacco > food items > fruits & vegetables > fruit sauces",,,no,shopify_ZZ_6128976298157,False
alphonso-mango-order-online,31769646333998,INR_1239712001,"Hapus Mango Online – GI Certified, Carbide-Free | 1 Dozen 1 Dozen / Large size 225 to 250 Grams Each mango",3499.00 INR,out of stock,AlphonsoMango.in,"food, beverages & tobacco > food items > fruits & vegetables > fresh & frozen fruits > stone fruits > mangoes",new,PROV-ALPH-STD-1DZ-225G,yes,shopify_ZZ_1995751653422,False
nutmeg-jayphal,32615447035950,INR_1239712001,Buy Nutmeg - Jathikai - Jayphal - Jaiphal 100 g,260.00 INR,in stock,AlphonsoMango.in,"food, beverages & tobacco > food items > seasonings & spices",new,,no,shopify_ZZ_4639410847790,False
ajwa-dates-ajwa-khajoor,40991683412141,IN,Buy Ajwa Dates Online: Ajwa Khajoor Medina's Treasure 1 Kg,2050.00 INR,in stock,AlphonsoMango.in,"food, beverages & tobacco > food items > fruits & vegetables > fresh & frozen fruits > dates",new,,no,shopify_IN_7033087983789,False
saffron-kesar,45616148807937,IN,Buy Pure Kashmiri Mongra Kesar Saffron Online Wholesale Pack Kashmiri Kesar 10 x 10 Gm pack 100 Gm / Nuts / Single origin,430.00 INR,in stock,AlphonsoMango.in,"food, beverages & tobacco > food items > seasonings & spices",new,,no,shopify_IN_4637369925678,True
malawi-mango,,IN,Malawi Mango,2100.00 INR,out of stock,,,,,,,True
california-almonds-badam,40991301402797,IN,Buy California Almonds Online: Nutritious Snacks online 1 Kg,1360.00 INR,in stock,AlphonsoMango.in,"food, beverages & tobacco > food items > nuts & seeds",new,,no,shopify_IN_7033033687213,False
dried-apricot,40995164913837,IN,Buy Dried Apricot | Khubani | Pitted Apricot 1 Kg,1240.00 INR,in stock,AlphonsoMango.in,"food, beverages & tobacco > food items > fruits & vegetables > fresh & frozen fruits > stone fruits > apricots",new,,no,shopify_IN_7033393741997,False
masala-cashew,31820719292462,IN,Masala Kaju – Roasted Masala Cashew Nut 250 gms,350.00 INR,in stock,AlphonsoMango.in,"food, beverages & tobacco > food items > nuts & seeds",new,,no,shopify_IN_1995741364270,False
amba-wadi-mango-barfi,17517800390702,INR_1239712001,Buy Amba Wadi | Mango Burfi,200.00 INR,out of stock,AlphonsoMango.in,,new,Amba Wadi Barfi Granola bar,yes,,False
brazil-nuts,40990955569325,IN,Shop Fresh Premium Brazil Nuts - 200 Gm Free delivery 500 Gm,1750.00 INR,in stock,AlphonsoMango.in,"food, beverages & tobacco > food items > nuts & seeds",new,,no,shopify_IN_7032975556781,False
dried-blueberries,41953501741313,IN,Buy Dried Blueberries Online | Dry Blueberry 1Kg,1890.00 INR,in stock,AlphonsoMango.in,"food, beverages & tobacco > food items > fruits & vegetables > fresh & frozen fruits > berries",new,,no,shopify_IN_7349425209601,False
salted-cashew-nuts,40346391511213,IN,Buy Salted Cashew Nuts Online | Khara Kaju 1 Kg,1390.00 INR,in stock,AlphonsoMango.in,"food, beverages & tobacco > food items > nuts & seeds",new,,no,shopify_IN_1995742183470,False
green-cardamom-elaichi,40992519684269,INR_1239712001,Elaichi | Green Cardamom Pods – Bold Kerala Aroma 500 g,2000.00 INR,in stock,AlphonsoMango.in,"food, beverages & tobacco > food items > seasonings & spices > herbs & spices",new,,no,shopify_ZZ_7033343508653,False
saffron-kesar,45616148513025,IN,Buy Premium Kashmiri Saffron Online - 100% Pure & Authentic Wholesale Pack Kashmiri Kesar 10 x 10 Gm pack 100 Gm / Nuts,30500.00 INR,in stock,AlphonsoMango.in,"food, beverages & tobacco > food items > seasonings & spices > herbs & spices",new,,no,shopify_IN_4637369925678,False
cranberry-blueberry-mix,43112670691585,IN,Buy Cranberry & Blueberry Mix Online 200 Gm,390.00 INR,in stock,AlphonsoMango.in,"food, beverages & tobacco > food items > fruits & vegetables > fresh & frozen fruits > berries",new,,no,shopify_IN_7771499626753,False
medjool-dates-medjoul-khajoor,42249844949249,IN,Medjool Dates | Medjoul dates | Medjoul Khajoor 500g,1050.00 INR,in stock,AlphonsoMango.in,"food, beverages & tobacco > food items > fruits & vegetables > fresh & frozen fruits > dates",new,,no,shopify_IN_7514259095809,False
pecan-nuts,43094108143873,INR_1239712001,Buy Fresh Pecan Nuts Online | Premium Quality Pecans 250 g,680.00 INR,in stock,AlphonsoMango.in,"food, beverages & tobacco > food items > nuts & seeds",new,,no,shopify_ZZ_7758876705025,False
dried-blueberries,41953501741313,INR_1239712001,Buy Dried Blueberries Online At An Affordable Price 1 kg,1890.00 INR,in stock,AlphonsoMango.in,"food, beverages & tobacco > food items > fruits & vegetables > fresh & frozen fruits > berries",new,,no,shopify_ZZ_7349425209601,False
ratnagiri-alphonso-mango,16901283938350,INR_1239712001,Ratnagiri Alphonso Mango – Buy GI Hapus Online 1 Dozen / Extra Large 250 to 275 Grams,3799.00 INR,out of stock,AlphonsoMango.in,"food, beverages & tobacco > food items > fruits & vegetables > fresh & frozen fruits > stone fruits > mangoes",new,PROV-ALPH-RAT-1DZ-250G,yes,shopify_ZZ_1875614531630,False
walnut-akhrot-kernel-half-akhrot-giri,42248986329345,INR_1239712001,Walnut (Akhrot) Kernel half Akhrot Giri 250 g,520.00 INR,in stock,AlphonsoMango.in,"food, beverages & tobacco > food items > nuts & seeds",new,,no,shopify_ZZ_7514713751809,False
walnut-akhrot-kernel-half-akhrot-giri,42248986362113,INR_1239712001,Walnut (Akhrot) Kernel half Akhrot Giri 500 g,962.00 INR,in stock,AlphonsoMango.in,"food, beverages & tobacco > food items > nuts & seeds",new,,no,shopify_ZZ_7514713751809,False
flax-seeds,31820482805806,INR_1239712001,Buy Dry Flax Seeds Online for a Healthy Lifestyle 250 g,180.00 INR,in stock,AlphonsoMango.in,"food, beverages & tobacco > food items > nuts & seeds",new,,no,shopify_ZZ_1995746574382,False
mazafati-date,42468880941313,IN,Mazafati Dates Online 500 Gm - Kimia Dates 500 GMS 1 Kg,415.00 INR,in stock,AlphonsoMango.in,"food, beverages & tobacco > food items > fruits & vegetables > fresh & frozen fruits > dates",new,,no,shopify_IN_6163652968621,False
w320-cashew-nuts,42249014640897,IN,Regular Cashew Nut W320: The Ideal Snack for Any Occasion 500g,575.00 INR,in stock,AlphonsoMango.in,"food, beverages & tobacco > food items > nuts & seeds",new,,no,shopify_IN_7514680033537,False
broken-cashew-kaju-tukda,31820707364910,INR_1239712001,Kaju Tukda Online – Premium Cashew Nut Broken 1 kg,950.00 INR,in stock,AlphonsoMango.in,"food, beverages & tobacco > food items > nuts & seeds",new,,no,shopify_ZZ_1995740413998,False
saffron-kesar,45616146383105,INR_1239712001,Keshar | Pure Kashmiri Kesar & Kumkuma Puvvu Price 2 g,730.00 INR,in stock,AlphonsoMango.in,"food, beverages & tobacco > food items > seasonings & spices > herbs & spices",new,PROV-SAFF-KAS-2G,yes,shopify_ZZ_4637369925678,False
green-cardamom-elaichi,40992519651501,INR_1239712001,Elaichi | Green Cardamom Pods – Bold Kerala Aroma 250 g,1030.00 INR,in stock,AlphonsoMango.in,"food, beverages & tobacco > food items > seasonings & spices > herbs & spices",new,,no,shopify_ZZ_7033343508653,False
devgad-alphonso-mango,44400929079553,INR_1239712001,Devgad Hapus Mango – Buy Devgad Alphonso Online 1 Dozen / Medium Size 180 to 225 Grams Each mango,2999.00 INR,out of stock,AlphonsoMango.in,"food, beverages & tobacco > food items > fruits & vegetables > fresh & frozen fruits > stone fruits > mangoes",new,PROV-ALPH-DEV-1DZ-180G,yes,shopify_ZZ_1875621675054,False
dried-apricot,40995164881069,IN,Buy Dried Apricot | Khubani | Pitted Apricot 400 Gm,560.00 INR,in stock,AlphonsoMango.in,"food, beverages & tobacco > food items > fruits & vegetables > fresh & frozen fruits > stone fruits > apricots",new,,no,shopify_IN_7033393741997,False
amba-modak,31820442304558,INR_1239712001,Amba Modak a Mango Modak 500 g,490.00 INR,out of stock,AlphonsoMango.in,,,,no,shopify_ZZ_1995752603694,False
saffron-kesar,45616147792129,INR_1239712001,Keshar | Pure Kashmiri Kesar & Kumkuma Puvvu Price 50 g (5 × 10 g hotel pack),15000.00 INR,in stock,AlphonsoMango.in,"food, beverages & tobacco > food items > seasonings & spices > herbs & spices",new,PROV-SAFF-KAS-50G,yes,shopify_ZZ_4637369925678,False
w240-cashew-online,42249036005633,IN,Premium Quality Cashew Nuts: Kaju Medium Size W 240 1Kg,1155.00 INR,in stock,AlphonsoMango.in,"food, beverages & tobacco > food items > nuts & seeds",new,,no,shopify_IN_7514669711617,False
alphonso-mango-pulp,31659594973230,INR_1239712001,"Alphonso Mango Pulp – GI-Certified, No Preservatives 850 g",749.00 INR,in stock,AlphonsoMango.in,"food, beverages & tobacco > food items > fruits & vegetables > canned & jarred fruits",new,PROV-PULP-SWT-850G,yes,shopify_ZZ_1995750998062,False
green-cardamom-elaichi,40992519618733,INR_1239712001,Elaichi | Green Cardamom Pods – Bold Kerala Aroma 100 g,415.00 INR,in stock,AlphonsoMango.in,"food, beverages & tobacco > food items > seasonings & spices > herbs & spices",new,,no,shopify_ZZ_7033343508653,False
dates-sugar-kharik-powder,43181117866241,INR_1239712001,Dates Sugar – Natural Sweetener from Kharik Powder 250 g,280.00 INR,in stock,AlphonsoMango.in,"food, beverages & tobacco > food items > fruits & vegetables > fresh & frozen fruits > dates",new,,no,shopify_ZZ_7758228226305,False
chia-seeds,43019774329089,INR_1239712001,Buy Chia Seeds for Weight Loss | Fast Delivery in India 5 kg,2250.00 INR,in stock,AlphonsoMango.in,"food, beverages & tobacco > food items > nuts & seeds",new,,no,shopify_ZZ_1995746181166,False
saffron-kesar,45616148611329,IN,Buy Pure Kashmiri Mongra Kesar Saffron Online Wholesale Pack Kashmiri Kesar 10 x 10 Gm pack 100 Gm / Nuts / No preservatives,430.00 INR,in stock,AlphonsoMango.in,"food, beverages & tobacco > food items > seasonings & spices",new,,no,shopify_IN_4637369925678,True
ratnagiri-alphonso-mango,39258501185709,INR_1239712001,Ratnagiri Alphonso Mango – Buy GI Hapus Online 1 Dozen / Large Size 225 to 250 Grams,3299.00 INR,out of stock,AlphonsoMango.in,"food, beverages & tobacco > food items > fruits & vegetables > fresh & frozen fruits > stone fruits > mangoes",new,PROV-ALPH-RAT-1DZ-225G,yes,shopify_ZZ_1875614531630,False
cashew-nuts-w180,31820462489646,IN,Premium Konkan Cashew Nut Online | Cashew W180 Kaju,400.00 INR,in stock,AlphonsoMango.in,"food, beverages & tobacco > food items > nuts & seeds",new,Jumbo Cashew Nut,yes,,False
sunflower-seeds,43067815493889,INR_1239712001,Enjoy Roasted Sunflower Seeds: Buy Now! 500 g,290.00 INR,in stock,AlphonsoMango.in,"food, beverages & tobacco > food items > nuts & seeds",new,,no,shopify_ZZ_1995748474926,False
dried-chikoo-chips,42705627644161,INR_1239712001,Dried Chikoo Chips – Witness Crunchy Sweetness in Every Bite 250 g,300.00 INR,out of stock,AlphonsoMango.in,"food, beverages & tobacco > food items > fruits & vegetables > dried fruits",new,,no,shopify_ZZ_7650124202241,False
crimson-raisin,32604925722670,INR_1239712001,Buy Crimson Raisins Online To Enjoy Natural Sweetness 250 g,180.00 INR,in stock,AlphonsoMango.in,"food, beverages & tobacco > food items > fruits & vegetables > dried fruits",new,,no,shopify_ZZ_4637037166638,False
california-almonds-badam,40991301337261,INR_1239712001,Buy California Almonds Online Healthy Crunchy Snack 250 g,355.00 INR,in stock,AlphonsoMango.in,"food, beverages & tobacco > food items > nuts & seeds",new,,no,shopify_ZZ_7033033687213,False
ajwa-dates-ajwa-khajoor,40991683379373,INR_1239712001,Authentic Ajwa Dates Online | Premium Ajwa Khajoor from Medina 500 g,1150.00 INR,in stock,AlphonsoMango.in,"food, beverages & tobacco > food items > fruits & vegetables > fresh & frozen fruits > dates",new,,no,shopify_ZZ_7033087983789,False
alphonso-mango-order-online,44401000415489,INR_1239712001,"Hapus Mango Online – GI Certified, Carbide-Free | 1 Dozen 1 Dozen / Medium Size 180 to 225 Grams Each Mango",2999.00 INR,out of stock,AlphonsoMango.in,"food, beverages & tobacco > food items > fruits & vegetables > fresh & frozen fruits > stone fruits > mangoes",new,PROV-ALPH-STD-1DZ-180G,yes,shopify_ZZ_1995751653422,False
nutmeg-jayphal,43069650370817,IN,Buy Nutmeg - Jathikai - Jayphal - Jaiphal 250 Gm,720.00 INR,in stock,AlphonsoMango.in,"food, beverages & tobacco > food items > seasonings & spices",new,,no,shopify_IN_4639410847790,False
dasheri-mango-online,42378353017089,INR_1239712001,Buy Dasheri Mangoe Online - Fresh & Juicy Seasonal Mangoes,1499.00 INR,out of stock,AlphonsoMango.in,"food, beverages & tobacco > food items > fruits & vegetables > fresh & frozen fruits > stone fruits > mangoes",,,,,False
bhimseni-kapoor-camphor,42229151858945,INR_1239712001,Buy Bhimseni Kapoor Pure Desi Camphor Online Today 500 g,1380.00 INR,in stock,AlphonsoMango.in,"food, beverages & tobacco > food items > seasonings & spices > herbs & spices",new,,no,shopify_ZZ_4639461933102,False
mix-dry-fruits,42249064579329,IN,Mix Dry Fruits | Nut Mix | Panch Mewa 1Kg,950.00 INR,in stock,AlphonsoMango.in,"food, beverages & tobacco > food items > snack foods > trail & snack mixes",new,,no,shopify_IN_7514744226049,False
nutmeg-jayphal,32615447035950,IN,Buy Nutmeg - Jathikai - Jayphal - Jaiphal 100 gm,260.00 INR,in stock,AlphonsoMango.in,"food, beverages & tobacco > food items > seasonings & spices",new,,no,shopify_IN_4639410847790,False
malawi-mango,37603463135405,INR_1239712001,Buy Malawi Mango Online - Sweet & Juicy Mangoes 6 pcs Medium size,2300.00 INR,out of stock,AlphonsoMango.in,"food, beverages & tobacco > food items > fruits & vegetables > fresh & frozen fruits > stone fruits > mangoes",new,,no,shopify_ZZ_6091047993517,False
dried-apricot,40995164848301,INR_1239712001,Buy Dried Apricot – Premium Pitted Khubani Online 200 g,300.00 INR,in stock,AlphonsoMango.in,"food, beverages & tobacco > food items > fruits & vegetables > fresh & frozen fruits > stone fruits > apricots",new,,no,shopify_ZZ_7033393741997,False
persimmon-amarphal-online,38015659835565,INR_1239712001,"Buy Persimmon Fruit (Amarphal, Sharon) Online 2 Pcs",240.00 INR,out of stock,AlphonsoMango.in,"food, beverages & tobacco > food items > fruits & vegetables",new,,no,shopify_ZZ_6211994615981,False
cashew-with-skin,31820471664686,INR_1239712001,Buy Cashew With Skin Online - Chilka Kaju | Goa & Konkan Farms | AlphonsoMango.in 250 g,345.00 INR,in stock,AlphonsoMango.in,"food, beverages & tobacco > food items > nuts & seeds",new,,no,shopify_ZZ_1995741003822,False
buy-salted-pista-online,42319240003841,IN,Delicious Roasted Salted Pista: Buy Online Now 250 Gm,420.00 INR,in stock,AlphonsoMango.in,"food, beverages & tobacco > food items > nuts & seeds",new,,no,shopify_IN_7514720796929,False
jardalu,,IN,Jardalu,285.00 INR,in stock,,,,,,,True
alphonso-mango-order-online,48770715844865,INR_1239712001,"Hapus Mango Online – GI Certified, Carbide-Free | 1 Dozen 2 Dozen / Jumbo size 275 to 300 Grams Each mango",5499.00 INR,out of stock,AlphonsoMango.in,"food, beverages & tobacco > food items > fruits & vegetables > fresh & frozen fruits > stone fruits > mangoes",new,,no,shopify_ZZ_1995751653422,False
saffron-kesar,45616147792129,IN,Buy Premium Kashmiri Saffron Online - 100% Pure & Authentic Hotel Pack of Kashmiri Kesar 5 x 10 gm pack 50 Gm / Nuts,15000.00 INR,in stock,AlphonsoMango.in,"food, beverages & tobacco > food items > seasonings & spices > herbs & spices",new,,no,shopify_IN_4637369925678,False
mamra-badam,42255702196481,IN,Mamra Badam | Gurbandi Almonds 500g,1570.00 INR,in stock,AlphonsoMango.in,"food, beverages & tobacco > food items > dairy products",new,,no,shopify_IN_7514307100929,False
mazafati-date,37810483789997,INR_1239712001,Buy Kimia Dates Online 500 gms | Original Khajoor Price 500 g,238.00 INR,in stock,AlphonsoMango.in,"food, beverages & tobacco > food items > fruits & vegetables > fresh & frozen fruits > dates",new,,no,shopify_ZZ_6163652968621,False
black-pepper-black-peppercorn,43078319210753,IN,Buy Black Pepper Online 1 Kg,1650.00 INR,in stock,AlphonsoMango.in,"food, beverages & tobacco > food items > seasonings & spices > pepper",new,,no,shopify_IN_7758578417921,False
imported-cherry-fruit,42255354888449,INR_1239712001,Imported Fresh Cherries online - Cherry Fruit 200 Gm,500.00 INR,out of stock,AlphonsoMango.in,"food, beverages & tobacco > food items > fruits & vegetables > fresh & frozen fruits > stone fruits > cherries",new,,no,shopify_ZZ_7484905455873,False
alphonso-mango-pulp,31659594973230,IN,Alphonso Mango Pulp Tin GI Tag Certified Buy Online 850 grams,590.00 INR,in stock,AlphonsoMango.in,"food, beverages & tobacco > food items > fruits & vegetables > canned & jarred fruits",new,,no,shopify_IN_1995750998062,False
devgad-alphonso-mango,48770703556865,INR_1239712001,Devgad Hapus Mango – Buy Devgad Alphonso Online 2 Dozen / Extra Large Size 250 to 275 Grams Each mango,4999.00 INR,out of stock,AlphonsoMango.in,"food, beverages & tobacco > food items > fruits & vegetables > fresh & frozen fruits > stone fruits > mangoes",new,,no,shopify_ZZ_1875621675054,False
wheat-grass-powder-gavhankur-powder,43092229292289,INR_1239712001,Wheat Grass Powder | Gavhankur Powder 5 kg,14800.00 INR,in stock,AlphonsoMango.in,"food, beverages & tobacco > food items > fruits & vegetables > fresh & frozen vegetables > wheatgrass",new,,no,shopify_ZZ_7758586052865,False
salted-cashew-nuts,31820975472686,INR_1239712001,Buy Salted Cashew Nuts Online - Khara Kaju | Himalayan Salt | AlphonsoMango.in 250 g,380.00 INR,in stock,AlphonsoMango.in,"food, beverages & tobacco > food items > nuts & seeds",new,,no,shopify_ZZ_1995742183470,False
chia-seeds,31666576621614,IN,Chia Seeds Buy Online | Chia seeds 250 gram,140.00 INR,in stock,AlphonsoMango.in,"food, beverages & tobacco > food items > nuts & seeds",new,,no,shopify_IN_1995746181166,False
kalmi-dates-safawi-dates,,IN,Kalmi Khajoor | Safawi Dates,590.00 INR,in stock,,,,,,,True
saffron-kesar,45616147595521,IN,Buy Pure Kashmiri Mongra Kesar Saffron Online Pregnancy Pack 10 Gm Kesar / Nuts / Vegan,430.00 INR,in stock,AlphonsoMango.in,"food, beverages & tobacco > food items > seasonings & spices",new,,no,shopify_IN_4637369925678,True
blueberries,42314305896705,IN,Buy Fresh Blueberries Online,282.00 INR,out of stock,AlphonsoMango.in,"food, beverages & tobacco > food items > fruits & vegetables > fresh & frozen fruits > berries",new,BLUEBERRY,yes,,False
black-raisins-seed-less,32576602406958,INR_1239712001,Buy Black Raisins Online Kala Manuka from Alphonso Mango 200 g,150.00 INR,in stock,AlphonsoMango.in,"food, beverages & tobacco > food items > fruits & vegetables > dried fruits",new,,no,shopify_ZZ_4626937774126,False
cashew-nut-split,31820979994670,IN,Cashew Nut Split | Split Cashew | Cashew Split 250 gms,250.00 INR,in stock,AlphonsoMango.in,"food, beverages & tobacco > food items > nuts & seeds",new,,no,shopify_IN_1995742642222,False
ratnagiri-alphonso-mango,46084329341185,IN,Ratnagiri Alphonso Mango Buy Online Ratnagiri Hapus 1 Dozen / 180 to 200 Grams Each Hapus Mango,2099.00 INR,in stock,AlphonsoMango.in,6646,new,,no,shopify_IN_1875614531630,False
aamras-ambyacha-ras,42367539806465,IN,Aamras - Ambyacha ras - Keri No Ras 1 Kg,575.00 INR,out of stock,AlphonsoMango.in,"food, beverages & tobacco > food items > fruits & vegetables > fruit sauces",,,no,shopify_IN_6128976298157,False
salem-mango,42378369728769,INR_1239712001,Premium Quality Salem Mango Online,1299.00 INR,out of stock,AlphonsoMango.in,"food, beverages & tobacco > food items > fruits & vegetables > fresh & frozen fruits > stone fruits > mangoes",new,Salem Mango,yes,,False
saffron-kesar,45616146743553,IN,Buy Pure Kashmiri Mongra Kesar Saffron Online 2 gm Kesar / Nuts / Sugar-free,430.00 INR,in stock,AlphonsoMango.in,"food, beverages & tobacco > food items > seasonings & spices",new,,no,shopify_IN_4637369925678,True
saffron-kesar,45616148513025,INR_1239712001,Keshar | Pure Kashmiri Kesar & Kumkuma Puvvu Price 100 g (10 × 10 g wholesale pack),30500.00 INR,in stock,AlphonsoMango.in,"food, beverages & tobacco > food items > seasonings & spices > herbs & spices",new,PROV-SAFF-KAS-100G,yes,shopify_ZZ_4637369925678,False
california-almonds-badam,40991301370029,IN,Buy California Almonds Online: Nutritious Snacks online 500 Gms,690.00 INR,in stock,AlphonsoMango.in,"food, beverages & tobacco > food items > nuts & seeds",new,,no,shopify_IN_7033033687213,False
quinoa-seeds,42926503854337,IN,Quinoa seeds Buy Online India 5 Kg,1500.00 INR,in stock,AlphonsoMango.in,"food, beverages & tobacco > food items > nuts & seeds",new,,no,shopify_IN_1995747590190,False
dried-prunes-dried-plums-sun-dried,,IN,Dried Prunes Dried Plum,280.00 INR,in stock,,,,,,,True
beauty-pear,42228703658241,INR_1239712001,Buy Fresh Beauty Pears Online Juicy Sweet and Imported 2 pcs,140.00 INR,out of stock,AlphonsoMango.in,"food, beverages & tobacco > food items > fruits & vegetables",,,,shopify_ZZ_7484886712577,False
imported-cherry-fruit,,IN,Buy Cherries Online,500.00 INR,in stock,,,,,,,True
macadamia-nuts,43175579943169,INR_1239712001,Buy Macadamia Nuts for Keto Diet | Fast Delivery India 200 g,1210.00 INR,in stock,AlphonsoMango.in,"food, beverages & tobacco > food items > nuts & seeds",new,,no,shopify_ZZ_7783563231489,False
ajwa-dates-ajwa-khajoor,,IN,Ajwa Dates - Ajwa Khajoor,1150.00 INR,in stock,,,,,,,True
chia-seeds,31666576621614,INR_1239712001,Buy Chia Seeds for Weight Loss | Fast Delivery in India 250 g,140.00 INR,in stock,AlphonsoMango.in,"food, beverages & tobacco > food items > nuts & seeds",new,,no,shopify_ZZ_1995746181166,False
totapuri-mango,42378360652033,INR_1239712001,Totapuri Mangoes Online,650.00 INR,out of stock,AlphonsoMango.in,"food, beverages & tobacco > food items > fruits & vegetables > fresh & frozen fruits > stone fruits > mangoes",,,,,False
pumpkin-seeds,42496738099457,IN,Buy Roasted Pumpkin Seed Online 1 Kg,750.00 INR,in stock,AlphonsoMango.in,"food, beverages & tobacco > food items > nuts & seeds",new,,no,shopify_IN_1995746934830,False
saffron-kesar,45616148775169,IN,Buy Pure Kashmiri Mongra Kesar Saffron Online Wholesale Pack Kashmiri Kesar 10 x 10 Gm pack 100 Gm / Nuts / Vegan,430.00 INR,in stock,AlphonsoMango.in,4608,new,,no,shopify_IN_4637369925678,True
amba-poli,31650249572398,IN,Buy Aam papad - Amba Poli Online,175.00 INR,out of stock,AlphonsoMango.in,,new,Aam papad - Amba Poli,yes,,False
chia-seeds,42471615496449,IN,Chia Seeds Buy Online | Chia seeds 1 KG,540.00 INR,in stock,AlphonsoMango.in,"food, beverages & tobacco > food items > nuts & seeds",new,,no,shopify_IN_1995746181166,False
mamra-badam,42255702229249,IN,Mamra Badam | Gurbandi Almonds 1Kg,2890.00 INR,in stock,AlphonsoMango.in,"food, beverages & tobacco > food items > dairy products",new,,no,shopify_IN_7514307100929,False
saffron-kesar,45616146219265,IN,Buy Pure Kashmiri Mongra Kesar Saffron Online 1 gm Kesar / Nuts / Single origin,430.00 INR,in stock,AlphonsoMango.in,"food, beverages & tobacco > food items > seasonings & spices",new,,no,shopify_IN_4637369925678,True
jardalu,42301365715201,INR_1239712001,Dried Apricot | Jardalu | Non-Pitted | Khumani 500 g,530.00 INR,in stock,AlphonsoMango.in,"food, beverages & tobacco > food items > fruits & vegetables > dried fruits",new,,no,shopify_ZZ_7514267582721,False
alphonso-mango-pulp,31659595005998,INR_1239712001,"Alphonso Mango Pulp – GI-Certified, No Preservatives 3.1 kg",2499.00 INR,in stock,AlphonsoMango.in,"food, beverages & tobacco > food items > fruits & vegetables > canned & jarred fruits",new,PROV-PULP-SWT-3KG,yes,shopify_ZZ_1995750998062,False
persimmon-amarphal-online,38015659868333,INR_1239712001,"Buy Persimmon Fruit (Amarphal, Sharon) Online 4 Pcs",380.00 INR,out of stock,AlphonsoMango.in,"food, beverages & tobacco > food items > fruits & vegetables",new,,no,shopify_ZZ_6211994615981,False
imported-cherry-fruit,42267885732097,INR_1239712001,Imported Fresh Cherries online - Cherry Fruit 500 Gm,1100.00 INR,out of stock,AlphonsoMango.in,"food, beverages & tobacco > food items > fruits & vegetables > fresh & frozen fruits > stone fruits > cherries",new,,no,shopify_ZZ_7484905455873,False
mulberry-shahtoot,42328097685761,INR_1239712001,"Buy Mulberry Fruit (Mulberries, Shahtoot Fruit)",160.00 INR,out of stock,AlphonsoMango.in,"food, beverages & tobacco > food items > fruits & vegetables > fresh & frozen fruits > berries",,,,,False
saffron-kesar,45616146907393,IN,Buy Pure Kashmiri Mongra Kesar Saffron Online 5 gm Kesar / Nuts / No artificial colors,430.00 INR,in stock,AlphonsoMango.in,"food, beverages & tobacco > food items > seasonings & spices",new,,no,shopify_IN_4637369925678,True
bhimseni-kapoor-camphor,42229151858945,IN,Buy Bhimseni Kapoor | Desi Kapoor | Bhimseni Camphor 500 Gms,1380.00 INR,in stock,AlphonsoMango.in,"food, beverages & tobacco > food items > seasonings & spices > herbs & spices",new,,no,shopify_IN_4639461933102,False
medjool-dates-medjoul-khajoor,42249844949249,INR_1239712001,Buy Jumbo Medjoul Khajoor (1kg) | Order Fresh Medjoul Dates 500 g,1050.00 INR,in stock,AlphonsoMango.in,"food, beverages & tobacco > food items > fruits & vegetables > fresh & frozen fruits > dates",new,,no,shopify_ZZ_7514259095809,False
medjool-dates-medjoul-khajoor,,IN,Medjool Dates | Medjool Khajur | Medjoul Khajoor,1050.00 INR,in stock,,,,,,,True
kokum-butter,40370301763757,INR_1239712001,"Buy Kokum Butter (Kokum Tel, Kokum Oil) for Skin 500 g",900.00 INR,in stock,AlphonsoMango.in,"food, beverages & tobacco > food items > dips & spreads > nut butters",new,,no,shopify_ZZ_4626909790254,False
buy-salted-pista-online,42319240069377,INR_1239712001,Buy Salted Pista Online Roasted Crunchy Delight 1 kg,1430.00 INR,in stock,AlphonsoMango.in,"food, beverages & tobacco > food items > nuts & seeds",new,,no,shopify_ZZ_7514720796929,False
ratnagiri-alphonso-mango,46084329341185,INR_1239712001,Ratnagiri Alphonso Mango – Buy GI Hapus Online 1 Dozen / Medium Size 180 to 220 Grams,2999.00 INR,out of stock,AlphonsoMango.in,"food, beverages & tobacco > food items > fruits & vegetables > fresh & frozen fruits > stone fruits > mangoes",new,PROV-ALPH-RAT-1DZ-180G,yes,shopify_ZZ_1875614531630,False
pairi-mango,37727985139885,INR_1239712001,Authentic Pairi Mango | Buy Amrut Payari Online (Konkan),2999.00 INR,out of stock,AlphonsoMango.in,"food, beverages & tobacco > food items > fruits & vegetables > fresh & frozen fruits > stone fruits > mangoes",new,PROV-PAIR-STD-1DZ-225G,yes,,False
beauty-pear,42228703756545,INR_1239712001,Buy Fresh Beauty Pears Online Juicy Sweet and Imported 4 pcs,275.00 INR,out of stock,AlphonsoMango.in,"food, beverages & tobacco > food items > fruits & vegetables",,,,shopify_ZZ_7484886712577,False
godambi-marking-nut,31820595494958,INR_1239712001,Godambi in English: Marking Nut | Ker Beeja 250 g,545.00 INR,in stock,AlphonsoMango.in,"food, beverages & tobacco > food items > nuts & seeds",new,,no,shopify_ZZ_1995745886254,False
ratnagiri-alphonso-mango,47522234794241,INR_1239712001,Ratnagiri Alphonso Mango – Buy GI Hapus Online 1 Dozen / Small But tasty 150 to 180 Grams,2899.00 INR,out of stock,AlphonsoMango.in,"food, beverages & tobacco > food items > fruits & vegetables > fresh & frozen fruits > stone fruits > mangoes",new,PROV-ALPH-RAT-1DZ-150G,yes,shopify_ZZ_1875614531630,False
devgad-alphonso-mango,32195366060078,IN,Authentic Devgad Alphonso Mangoes Hapus | Buy Online- alphonsomango.in 1 Dozen / 225 to 250 Grams | Each mango,2499.00 INR,in stock,AlphonsoMango.in,"food, beverages & tobacco > food items > fruits & vegetables > fresh & frozen fruits > stone fruits > mangoes",new,,no,shopify_IN_1875621675054,False
dried-blackberries,42328492540161,INR_1239712001,Order Dried Blackberries – Your Healthy & Tasty Snack 1 kg,2516.00 INR,out of stock,AlphonsoMango.in,"food, beverages & tobacco > food items > fruits & vegetables > fresh & frozen fruits > berries",new,,no,shopify_ZZ_7514269810945,False
ratnagiri-alphonso-mango,48770729672961,INR_1239712001,Ratnagiri Alphonso Mango – Buy GI Hapus Online 2 Dozen / Medium Size 180 to 220 Grams,3999.00 INR,out of stock,AlphonsoMango.in,"food, beverages & tobacco > food items > fruits & vegetables > fresh & frozen fruits > stone fruits > mangoes",new,,no,shopify_ZZ_1875614531630,False
roasted-sunflower-seeds,31820946276398,INR_1239712001,Roasted Sunflower Seeds Health food 250 g,230.00 INR,in stock,AlphonsoMango.in,"food, beverages & tobacco > food items > nuts & seeds",new,,no,shopify_ZZ_1995748802606,False
hazelnuts-nuts-seeds,41976977129729,IN,Buy Premium Hazelnut Online 1Kg,3000.00 INR,in stock,AlphonsoMango.in,"food, beverages & tobacco > food items > nuts & seeds",new,,no,shopify_IN_7427414720769,False
bhimseni-kapoor-camphor,42716418736385,INR_1239712001,Buy Bhimseni Kapoor Pure Desi Camphor Online Today 250 g,690.00 INR,in stock,AlphonsoMango.in,"food, beverages & tobacco > food items > seasonings & spices > herbs & spices",new,,no,shopify_ZZ_4639461933102,False
devgad-alphonso-mango,48770703589633,INR_1239712001,Devgad Hapus Mango – Buy Devgad Alphonso Online 2 Dozen / Jumbo Size 275 Grams and above Each mango,5499.00 INR,out of stock,AlphonsoMango.in,"food, beverages & tobacco > food items > fruits & vegetables > fresh & frozen fruits > stone fruits > mangoes",new,,no,shopify_ZZ_1875621675054,False
pumpkin-seeds,42496735871233,INR_1239712001,Buy Roasted Pumpkin Seed Online 500 g,380.00 INR,in stock,AlphonsoMango.in,"food, beverages & tobacco > food items > nuts & seeds",new,,no,shopify_ZZ_1995746934830,False
fresh-blueberries,42314305896705,INR_1239712001,Buy Fresh Blueberries Online from Alphonso Mango,282.00 INR,out of stock,AlphonsoMango.in,"food, beverages & tobacco > food items > fruits & vegetables > fresh & frozen fruits > berries",new,BLUEBERRY,yes,,False
saffron-kesar,45616146972929,IN,Buy Pure Kashmiri Mongra Kesar Saffron Online 5 gm Kesar / Nuts / No preservatives,430.00 INR,in stock,AlphonsoMango.in,"food, beverages & tobacco > food items > seasonings & spices",new,,no,shopify_IN_4637369925678,True
moringa-powder,43128909365505,IN,Buy Moringa Powder Online | Shevga Powder 250 Grams,192.00 INR,in stock,AlphonsoMango.in,health & beauty > health care > fitness & nutrition > vitamins & supplements,new,,no,shopify_IN_7777160757505,False
pumpkin-seeds,31820790792238,IN,Buy Roasted Pumpkin Seed Online 250 gms,200.00 INR,in stock,AlphonsoMango.in,"food, beverages & tobacco > food items > nuts & seeds",new,,no,shopify_IN_1995746934830,False
dried-prunes-dried-plums-sun-dried,42436607082753,INR_1239712001,Buy Dried Plums - A Tasty and Healthy Fruit Snack 500 g,520.00 INR,in stock,AlphonsoMango.in,"food, beverages & tobacco > food items > fruits & vegetables > dried fruits",new,,no,shopify_ZZ_7514304512257,False
saffron-kesar,45616147890433,IN,Buy Pure Kashmiri Mongra Kesar Saffron Online Hotel Pack of Kashmiri Kesar 5 x 10 gm pack 50 Gm / Nuts / No preservatives,430.00 INR,in stock,AlphonsoMango.in,"food, beverages & tobacco > food items > seasonings & spices",new,,no,shopify_IN_4637369925678,True
crimson-raisin,32604925689902,INR_1239712001,Buy Crimson Raisins Online To Enjoy Natural Sweetness 100 g,80.00 INR,in stock,AlphonsoMango.in,"food, beverages & tobacco > food items > fruits & vegetables > dried fruits",new,,no,shopify_ZZ_4637037166638,False
alphonso-mango-order-online,46084342022401,INR_1239712001,"Hapus Mango Online – GI Certified, Carbide-Free | 1 Dozen 1 Dozen / Small But tasty 150 to 180 Grams Each mango",2699.00 INR,out of stock,AlphonsoMango.in,"food, beverages & tobacco > food items > fruits & vegetables > fresh & frozen fruits > stone fruits > mangoes",new,PROV-ALPH-STD-1DZ-150G,yes,shopify_ZZ_1995751653422,False
kashmiri-lahsun-kashmiri-garlic,42471441924353,INR_1239712001,Kashmiri Lahsun | Kashmiri Garlic | Ek Pothi Lahsun 500 g,1200.00 INR,in stock,AlphonsoMango.in,"food, beverages & tobacco > food items > fruits & vegetables > fresh & frozen vegetables > garlic",new,,no,shopify_ZZ_7535197159681,False
flax-seeds,,IN,Flax Seeds,180.00 INR,in stock,,,,,,,True
hazelnuts-nuts-seeds,41976977129729,INR_1239712001,Buy Premium Hazelnut Online 1 kg,3000.00 INR,in stock,AlphonsoMango.in,"food, beverages & tobacco > food items > nuts & seeds",new,,no,shopify_ZZ_7427414720769,False
cashew-with-skin,,IN,Goan Cashew Nut With Skin,,in stock,,,,,,,True
ratnagiri-alphonso-mango,44400997269761,INR_1239712001,Ratnagiri Alphonso Mango – Buy GI Hapus Online 1 Dozen / Jumbo Size 275 to 300 Grams,3999.00 INR,out of stock,AlphonsoMango.in,"food, beverages & tobacco > food items > fruits & vegetables > fresh & frozen fruits > stone fruits > mangoes",new,PROV-ALPH-RAT-1DZ-275G,yes,shopify_ZZ_1875614531630,False
pecan-nuts,43094108176641,INR_1239712001,Buy Fresh Pecan Nuts Online | Premium Quality Pecans 500 g,1320.00 INR,in stock,AlphonsoMango.in,"food, beverages & tobacco > food items > nuts & seeds",new,,no,shopify_ZZ_7758876705025,False
wheat-grass-powder-gavhankur-powder,43092229226753,INR_1239712001,Wheat Grass Powder | Gavhankur Powder 500 g,1600.00 INR,in stock,AlphonsoMango.in,"food, beverages & tobacco > food items > fruits & vegetables > fresh & frozen vegetables > wheatgrass",new,,no,shopify_ZZ_7758586052865,False
hazelnuts-nuts-seeds,41976977031425,INR_1239712001,Buy Premium Hazelnut Online 200 g,750.00 INR,in stock,AlphonsoMango.in,"food, beverages & tobacco > food items > nuts & seeds",new,,no,shopify_ZZ_7427414720769,False
imported-cherry-fruit,42267885732097,IN,Imported Fresh Cherries online - Cherry Fruit 500 Gm,1100.00 INR,out of stock,AlphonsoMango.in,"food, beverages & tobacco > food items > fruits & vegetables > fresh & frozen fruits > stone fruits > cherries",new,,no,shopify_IN_7484905455873,False
cashew-nuts-w180,31820462489646,INR_1239712001,Buy W180 Cashew Nuts Online - Jumbo Whole Kaju | Konkan Farms | AlphonsoMango.in,400.00 INR,in stock,AlphonsoMango.in,"food, beverages & tobacco > food items > nuts & seeds",new,PROV-CASH-W180-250G,yes,,False
dried-strawberry,43113951297793,INR_1239712001,Buy Dried Strawberries Online For A Sweet and Juicy Snack 250 g,360.00 INR,in stock,AlphonsoMango.in,"food, beverages & tobacco > food items > fruits & vegetables > fresh & frozen fruits > berries",new,,no,shopify_ZZ_7771501527297,False
golden-kiwi,42496277577985,INR_1239712001,Buy Premium Golden Kiwi Online 10 pcs,1750.00 INR,out of stock,AlphonsoMango.in,"food, beverages & tobacco > food items > fruits & vegetables > fresh & frozen fruits > kiwis",new,,no,shopify_ZZ_7484893692161,False
jackfruit-chips,31820625641518,INR_1239712001,Jackfruit Chips Buy Healthy Snacks,200.00 INR,out of stock,AlphonsoMango.in,"food, beverages & tobacco > food items > fruits & vegetables > dried fruits",new,Jackfruit Chips,yes,,False
dates-sugar-kharik-powder,43181117931777,INR_1239712001,Dates Sugar – Natural Sweetener from Kharik Powder 1 kg,1080.00 INR,in stock,AlphonsoMango.in,"food, beverages & tobacco > food items > fruits & vegetables > fresh & frozen fruits > dates",new,,no,shopify_ZZ_7758228226305,False
saffron-kesar,45616148414721,IN,Buy Pure Kashmiri Mongra Kesar Saffron Online Hotel Pack of Kashmiri Kesar 5 x 10 gm pack 50 Gm / Nuts / Sugar-free,430.00 INR,in stock,AlphonsoMango.in,"food, beverages & tobacco > food items > seasonings & spices",new,,no,shopify_IN_4637369925678,True
,,IN,Buy Amba Wadi Online | Mango Barfi Online,200.00 INR,out of stock,AlphonsoMango.in,,new,,,,True
dried-prunes-dried-plums-sun-dried,42436607082753,IN,Dried Prunes | Dried Plums | Sun-Dried Prunes 500 Gm,520.00 INR,in stock,AlphonsoMango.in,"food, beverages & tobacco > food items > fruits & vegetables > dried fruits",new,,no,shopify_IN_7514304512257,False
sunflower-seeds,31820985663534,IN,Enjoy Roasted Sunflower Seeds: Buy Now! 200 gms,150.00 INR,in stock,AlphonsoMango.in,"food, beverages & tobacco > food items > nuts & seeds",new,,no,shopify_IN_1995748474926,False
kokum,40992385990829,INR_1239712001,Buy Kokum Aamsul Online Kokum Rind Garcinia Indica 1 kg,640.00 INR,in stock,AlphonsoMango.in,"food, beverages & tobacco > food items > seasonings & spices",new,,no,shopify_ZZ_6832066920621,False
saffron-kesar,45616147824897,IN,Buy Pure Kashmiri Mongra Kesar Saffron Online Hotel Pack of Kashmiri Kesar 5 x 10 gm pack 50 Gm / Nuts / No artificial colors,430.00 INR,in stock,AlphonsoMango.in,"food, beverages & tobacco > food items > seasonings & spices",new,,no,shopify_IN_4637369925678,True
buy-avocado-fruit-online,42115247112449,INR_1239712001,Buy Fresh Avocado Online Imported from Alphonso Mango 3 pcs,930.00 INR,out of stock,AlphonsoMango.in,"food, beverages & tobacco > food items > fruits & vegetables > fresh & frozen fruits > avocados",new,,no,shopify_ZZ_7480748114177,False
cashew-with-skin,31820471697454,INR_1239712001,Buy Cashew With Skin Online - Chilka Kaju | Goa & Konkan Farms | AlphonsoMango.in 500 g,689.00 INR,in stock,AlphonsoMango.in,"food, beverages & tobacco > food items > nuts & seeds",new,,no,shopify_ZZ_1995741003822,False
mix-dry-fruits,42249064513793,INR_1239712001,Mix Dry Fruits | Nut Mix | Panch Mewa 250 g,280.00 INR,in stock,AlphonsoMango.in,"food, beverages & tobacco > food items > snack foods > trail & snack mixes",new,,no,shopify_ZZ_7514744226049,False
alphonso-mango-order-online,48770715713793,INR_1239712001,"Hapus Mango Online – GI Certified, Carbide-Free | 1 Dozen 2 Dozen / Small But tasty 150 to 180 Grams Each mango",3499.00 INR,out of stock,AlphonsoMango.in,"food, beverages & tobacco > food items > fruits & vegetables > fresh & frozen fruits > stone fruits > mangoes",new,,no,shopify_ZZ_1995751653422,False
chop-almonds-cut-badam,42255768027393,INR_1239712001,Buy Sliced Almonds Online Crunchy Almond Flakes Fresh 1 kg,1210.00 INR,in stock,AlphonsoMango.in,"food, beverages & tobacco > food items > nuts & seeds",new,,no,shopify_ZZ_7514731184385,False
w240-cashew-online,42249035972865,INR_1239712001,Buy W240 Cashew Nuts Online - Large Premium Kaju | Konkan Farms | AlphonsoMango.in 500 g,630.00 INR,in stock,AlphonsoMango.in,"food, beverages & tobacco > food items > nuts & seeds",new,PROV-CASH-W240-500G,yes,shopify_ZZ_7514669711617,False
mamra-badam,42255702196481,INR_1239712001,Mamra Badam | Gurbandi Almonds 500 g,1570.00 INR,in stock,AlphonsoMango.in,"food, beverages & tobacco > food items > nuts & seeds",new,,no,shopify_ZZ_7514307100929,False
nutmeg-powder-jaiphal-powder-jathikai-powder,43291708588289,INR_1239712001,Nutmeg Powder | Jaiphal Powder | Jathikai Powder 100 g,298.00 INR,in stock,AlphonsoMango.in,"food, beverages & tobacco > food items > seasonings & spices > herbs & spices",new,,no,shopify_ZZ_7825050108161,False
green-cardamom-elaichi,40992519618733,IN,Green Cardamom | Elaichi | Elakkai | ilaayachee 100Gm,415.00 INR,in stock,AlphonsoMango.in,"food, beverages & tobacco > food items > seasonings & spices > herbs & spices",new,,no,shopify_IN_7033343508653,False
walnut-akhrot-kernel-half-akhrot-giri,42248986394881,INR_1239712001,Walnut (Akhrot) Kernel half Akhrot Giri 1 kg,1770.00 INR,in stock,AlphonsoMango.in,"food, beverages & tobacco > food items > nuts & seeds",new,,no,shopify_ZZ_7514713751809,False
alphonso-mango-order-online,48770757820673,INR_1239712001,"Hapus Mango Online – GI Certified, Carbide-Free | 1 Dozen 5 dozen / Extra Large size 250 to 275 Grams Each mango",9499.00 INR,out of stock,AlphonsoMango.in,"food, beverages & tobacco > food items > fruits & vegetables > fresh & frozen fruits > stone fruits > mangoes",new,,no,shopify_ZZ_1995751653422,False
imported-cherry-fruit,42255354921217,IN,Imported Fresh Cherries online - Cherry Fruit 1 Kg,2000.00 INR,out of stock,AlphonsoMango.in,"food, beverages & tobacco > food items > fruits & vegetables > fresh & frozen fruits > stone fruits > cherries",new,,no,shopify_IN_7484905455873,False
saffron-kesar,45616147235073,IN,Buy Pure Kashmiri Mongra Kesar Saffron Online 5 gm Kesar / Nuts / Sugar-free,430.00 INR,in stock,AlphonsoMango.in,"food, beverages & tobacco > food items > seasonings & spices",new,,no,shopify_IN_4637369925678,True
kokum-butter,,IN,Kokum Butter - Kokam Tel - Kokam Butter,240.00 INR,in stock,,,,,,,True
pumpkin-seeds,31820790792238,INR_1239712001,Buy Roasted Pumpkin Seed Online 250 g,200.00 INR,in stock,AlphonsoMango.in,"food, beverages & tobacco > food items > nuts & seeds",new,,no,shopify_ZZ_1995746934830,False
green-kiwi,43082209198337,INR_1239712001,Buy Premium quality Green Kiwi Online 2 pcs,500.00 INR,out of stock,AlphonsoMango.in,"food, beverages & tobacco > food items > fruits & vegetables > fresh & frozen fruits > kiwis",new,,no,shopify_ZZ_7484899557633,False
kesar-mango,39899435794605,INR_1239712001,Authentic Gir Kesar Mango | Buy Talala Kesar Keri Online Gir Kesar Mangoes / Box of 2.7 kg to 3 Kg mix size 8 to 12 pcs,3499.00 INR,out of stock,AlphonsoMango.in,"food, beverages & tobacco > food items > fruits & vegetables > fresh & frozen fruits > stone fruits > mangoes",new,PROV-KESR-GUJ-1DZ-225G,yes,shopify_ZZ_1875623411758,False
amba-modak,31820442239022,INR_1239712001,Amba Modak a Mango Modak 250 g,250.00 INR,out of stock,AlphonsoMango.in,,,,no,shopify_ZZ_1995752603694,False
quinoa-seeds,31820802981934,INR_1239712001,Quinoa seeds Buy Online India 1 kg,350.00 INR,in stock,AlphonsoMango.in,"food, beverages & tobacco > food items > nuts & seeds",new,,no,shopify_ZZ_1995747590190,False
dried-cranberry-cranberries,42340120756481,INR_1239712001,Tasty Dried Cranberries You Can Enjoy Anytime 250 g,280.00 INR,in stock,AlphonsoMango.in,"food, beverages & tobacco > food items > fruits & vegetables > fresh & frozen fruits > berries",new,,no,shopify_ZZ_7514289996033,False
devgad-alphonso-mango,,IN,Devgad Alphonso Mango,,out of stock,,,,,,,True
aamras-ambyacha-ras,42367539740929,INR_1239712001,Buy Aamras Online - Pure Alphonso Mango Ras 250 g,150.00 INR,out of stock,AlphonsoMango.in,"food, beverages & tobacco > food items > fruits & vegetables > fruit sauces",,,no,shopify_ZZ_6128976298157,False
saffron-kesar,45616146022657,IN,Buy Pure Kashmiri Mongra Kesar Saffron Online 1 gm Kesar / Nuts / No preservatives,430.00 INR,in stock,AlphonsoMango.in,"food, beverages & tobacco > food items > seasonings & spices",new,,no,shopify_IN_4637369925678,True
golden-kiwi,42496277512449,INR_1239712001,Buy Premium Golden Kiwi Online 1 pc,200.00 INR,out of stock,AlphonsoMango.in,"food, beverages & tobacco > food items > fruits & vegetables > fresh & frozen fruits > kiwis",new,,no,shopify_ZZ_7484893692161,False
pecan-nuts,43094108143873,IN,Buy Premium Quality Pecan Nuts Online 250 Gms,680.00 INR,in stock,AlphonsoMango.in,"food, beverages & tobacco > food items > nuts & seeds",new,,no,shopify_IN_7758876705025,False
crimson-raisin,32604925755438,INR_1239712001,Buy Crimson Raisins Online To Enjoy Natural Sweetness 500 g,340.00 INR,in stock,AlphonsoMango.in,"food, beverages & tobacco > food items > fruits & vegetables > dried fruits",new,,no,shopify_ZZ_4637037166638,False
ratnagiri-alphonso-mango,48770729771265,INR_1239712001,Ratnagiri Alphonso Mango – Buy GI Hapus Online 2 Dozen / Jumbo Size 275 to 300 Grams,5399.00 INR,out of stock,AlphonsoMango.in,"food, beverages & tobacco > food items > fruits & vegetables > fresh & frozen fruits > stone fruits > mangoes",new,,no,shopify_ZZ_1875614531630,False
walnut-akhrot-kernel-half-akhrot-giri,42248986329345,IN,Walnut (Akhrot) Kernel half Akhrot Giri 250gm,520.00 INR,in stock,AlphonsoMango.in,"food, beverages & tobacco > food items > nuts & seeds",new,,no,shopify_IN_7514713751809,False
kalmi-dates-safawi-dates,42286626078977,IN,Buy Kalmi Dates Online | Safawi Dates Online from Madinah 500 Gm,590.00 INR,in stock,AlphonsoMango.in,"food, beverages & tobacco > food items > fruits & vegetables > fresh & frozen fruits > dates",new,,no,shopify_IN_7514264174849,False
kashmiri-lahsun-kashmiri-garlic,42471441858817,INR_1239712001,Kashmiri Lahsun | Kashmiri Garlic | Ek Pothi Lahsun 100 g,285.00 INR,in stock,AlphonsoMango.in,"food, beverages & tobacco > food items > fruits & vegetables > fresh & frozen vegetables > garlic",new,,no,shopify_ZZ_7535197159681,False
buy-anjeer-dried-fig,40992291389613,INR_1239712001,Buy Dried Anjeer and Fig Dry Fruit from Alphonso Mango 500 g,1145.00 INR,in stock,AlphonsoMango.in,"food, beverages & tobacco > food items > fruits & vegetables > fresh & frozen fruits > figs",new,,no,shopify_ZZ_7033230655661,False
gond-katira-badam-pisin,43304314798337,IN,Gond Katira Badam Pisin | Almond Gum Kathila Gond 250 Gms,199.00 INR,in stock,AlphonsoMango.in,health & beauty > health care > fitness & nutrition > vitamins & supplements,new,,no,shopify_IN_7768069701889,False
dried-apricot,40995164881069,INR_1239712001,Buy Dried Apricot – Premium Pitted Khubani Online 400 g,560.00 INR,in stock,AlphonsoMango.in,"food, beverages & tobacco > food items > fruits & vegetables > fresh & frozen fruits > stone fruits > apricots",new,,no,shopify_ZZ_7033393741997,False
dried-chikoo-chips,,IN,Chikoo Chips Sapoota Chips,300.00 INR,in stock,,,,,,,True
strawberry,,IN,Buy Premium Mahabaleshwar Strawberry Online,210.00 INR,in stock,,,,,,,True
fresh-red-globe-grapes,42115118825729,INR_1239712001,Buy Fresh Red Globe Grapes Online at Alphonso Mango 4 kg,2400.00 INR,out of stock,AlphonsoMango.in,"food, beverages & tobacco > food items > fruits & vegetables > fresh & frozen fruits > grapes",new,,no,shopify_ZZ_7480719704321,False
brazil-nuts,40990955602093,INR_1239712001,Shop Fresh Premium Brazil Nuts Online from Alphonso Mango 1 kg,3450.00 INR,in stock,AlphonsoMango.in,"food, beverages & tobacco > food items > nuts & seeds",new,,no,shopify_ZZ_7032975556781,False
saffron-kesar,,IN,Saffron,,in stock,,,,,,,True
buy-anjeer-dried-fig,40992291422381,INR_1239712001,Buy Dried Anjeer and Fig Dry Fruit from Alphonso Mango 1 kg,2110.00 INR,in stock,AlphonsoMango.in,"food, beverages & tobacco > food items > fruits & vegetables > fresh & frozen fruits > figs",new,,no,shopify_ZZ_7033230655661,False
jardalu,42301365715201,IN,Dried Apricot | Jardalu | Non-Pitted | Khumani 500 GM,530.00 INR,in stock,AlphonsoMango.in,"food, beverages & tobacco > food items > fruits & vegetables > dried fruits",new,,no,shopify_IN_7514267582721,False
buy-salted-pista-online,42319240069377,IN,Delicious Roasted Salted Pista: Buy Online Now 1 Kg,1430.00 INR,in stock,AlphonsoMango.in,"food, beverages & tobacco > food items > nuts & seeds",new,,no,shopify_IN_7514720796929,False
roasted-cashew-nut,31820889882670,INR_1239712001,Buy Roasted Cashew Nuts Online - Plain Dry Roasted Kaju | No Oil | AlphonsoMango.in 250 g,380.00 INR,in stock,AlphonsoMango.in,"food, beverages & tobacco > food items > nuts & seeds",new,,no,shopify_ZZ_1995741921326,False
himalayan-pink-salt,43127997366529,IN,Buy Natural Himalayan Pink Salt Online,320.00 INR,in stock,AlphonsoMango.in,"food, beverages & tobacco > food items > seasonings & spices > salt",new,Himalayan Pink Rock Salt,yes,,False
alphonso-mango-cubes,45929745350913,INR_1239712001,Freeze Dried Alphonso Mango Cubes | 100% Natural Hapus 50 g,499.00 INR,in stock,AlphonsoMango.in,,new,PROV-CUBE-FRZ-50G,yes,shopify_ZZ_8673951318273,False
dried-prunes-dried-plums-sun-dried,42436607115521,INR_1239712001,Buy Dried Plums - A Tasty and Healthy Fruit Snack 1 kg,950.00 INR,in stock,AlphonsoMango.in,"food, beverages & tobacco > food items > fruits & vegetables > dried fruits",new,,no,shopify_ZZ_7514304512257,False
mix-dry-fruits,42249064546561,INR_1239712001,Mix Dry Fruits | Nut Mix | Panch Mewa 500 g,520.00 INR,in stock,AlphonsoMango.in,"food, beverages & tobacco > food items > snack foods > trail & snack mixes",new,,no,shopify_ZZ_7514744226049,False
flax-seeds,43102710628609,INR_1239712001,Buy Dry Flax Seeds Online for a Healthy Lifestyle 500 g,350.00 INR,in stock,AlphonsoMango.in,"food, beverages & tobacco > food items > nuts & seeds",new,,no,shopify_ZZ_1995746574382,False
malgova-mango,42306132214017,IN,Malgova Mango | Malgoba | Malgoa,1800.00 INR,out of stock,AlphonsoMango.in,"food, beverages & tobacco > food items > fruits & vegetables > fresh & frozen fruits > stone fruits > mangoes",new,Malgova Mango,yes,,False
mamra-badam,,IN,Mamra Badam | Mamra Almond,850.00 INR,in stock,,,,,,,True
godambi-marking-nut,42290096537857,INR_1239712001,Godambi in English: Marking Nut | Ker Beeja 1 kg,1880.00 INR,in stock,AlphonsoMango.in,"food, beverages & tobacco > food items > nuts & seeds",new,,no,shopify_ZZ_1995745886254,False
strawberry,37821269704877,INR_1239712001,Strawberry Buy Online | Mahabaleshwar Strawberry 200 g,75.00 INR,out of stock,AlphonsoMango.in,"food, beverages & tobacco > food items > fruits & vegetables > fresh & frozen fruits > berries",new,,no,shopify_ZZ_6095225028781,False
ajwa-dates-ajwa-khajoor,40991683412141,INR_1239712001,Authentic Ajwa Dates Online | Premium Ajwa Khajoor from Medina 1 kg,2050.00 INR,in stock,AlphonsoMango.in,"food, beverages & tobacco > food items > fruits & vegetables > fresh & frozen fruits > dates",new,,no,shopify_ZZ_7033087983789,False
mazafati-date,42468880941313,INR_1239712001,Buy Kimia Dates Online 500 gms | Original Khajoor Price 1 kg,415.00 INR,in stock,AlphonsoMango.in,"food, beverages & tobacco > food items > fruits & vegetables > fresh & frozen fruits > dates",new,,no,shopify_ZZ_6163652968621,False
donut-peach,42131356680449,INR_1239712001,Buy Imported Donut Peach Online From Alphonso Mango,880.00 INR,out of stock,AlphonsoMango.in,"food, beverages & tobacco > food items > fruits & vegetables > fresh & frozen fruits > stone fruits > peaches & nectarines",,,,,False
kashmiri-lahsun-kashmiri-garlic,42471441891585,INR_1239712001,Kashmiri Lahsun | Kashmiri Garlic | Ek Pothi Lahsun 250 g,640.00 INR,in stock,AlphonsoMango.in,"food, beverages & tobacco > food items > fruits & vegetables > fresh & frozen vegetables > garlic",new,,no,shopify_ZZ_7535197159681,False
dried-strawberry,43113951297793,IN,Buy Dried Strawberries Online: Delicious treat 250 Gm,360.00 INR,in stock,AlphonsoMango.in,"food, beverages & tobacco > food items > fruits & vegetables > fresh & frozen fruits > berries",new,,no,shopify_IN_7771501527297,False
star-anise-chakra-phool,43369446146305,INR_1239712001,Chakra Phool | Star Anise (Star Phool) – AlphonsoMango.in 250 g,850.00 INR,in stock,AlphonsoMango.in,"food, beverages & tobacco > food items > seasonings & spices",,,,shopify_ZZ_7758579695873,False
mamra-badam,42255702163713,INR_1239712001,Mamra Badam | Gurbandi Almonds 250 g,850.00 INR,in stock,AlphonsoMango.in,"food, beverages & tobacco > food items > nuts & seeds",new,,no,shopify_ZZ_7514307100929,False
jardalu,42301365747969,INR_1239712001,Dried Apricot | Jardalu | Non-Pitted | Khumani 1 kg,970.00 INR,in stock,AlphonsoMango.in,"food, beverages & tobacco > food items > fruits & vegetables > dried fruits",new,,no,shopify_ZZ_7514267582721,False
macadamia-nuts,45867806949633,INR_1239712001,Buy Macadamia Nuts for Keto Diet | Fast Delivery India 1 kg,4600.00 INR,in stock,AlphonsoMango.in,"food, beverages & tobacco > food items > nuts & seeds",new,,no,shopify_ZZ_7783563231489,False
moringa-powder,43128909398273,INR_1239712001,Buy Moringa Powder Online | Shevga Powder 500 g,360.00 INR,in stock,AlphonsoMango.in,health & beauty > health care > fitness & nutrition > vitamins & supplements,new,,no,shopify_ZZ_7777160757505,False
devgad-alphonso-mango,48770703458561,INR_1239712001,Devgad Hapus Mango – Buy Devgad Alphonso Online 2 Dozen / Small Size 150 to 180 Grams Each mango,3499.00 INR,out of stock,AlphonsoMango.in,"food, beverages & tobacco > food items > fruits & vegetables > fresh & frozen fruits > stone fruits > mangoes",new,,no,shopify_ZZ_1875621675054,False
saffron-kesar,45616146841857,INR_1239712001,Keshar | Pure Kashmiri Kesar & Kumkuma Puvvu Price 5 g,1660.00 INR,in stock,AlphonsoMango.in,"food, beverages & tobacco > food items > seasonings & spices > herbs & spices",new,PROV-SAFF-KAS-5G,yes,shopify_ZZ_4637369925678,False
dried-blueberries,41953501708545,INR_1239712001,Buy Dried Blueberries Online At An Affordable Price 500 g,1030.00 INR,in stock,AlphonsoMango.in,"food, beverages & tobacco > food items > fruits & vegetables > fresh & frozen fruits > berries",new,,no,shopify_ZZ_7349425209601,False
cashew-nut-broken-kaju-tukda,,IN,Kaju Tukda - Cashew Nut broken,500.00 INR,in stock,,,,,,,True
wheat-grass-powder-gavhankur-powder,43092229161217,IN,Wheat Grass Powder | Gavhankur Powder 100 Gms,360.00 INR,in stock,AlphonsoMango.in,"food, beverages & tobacco > food items > fruits & vegetables > fresh & frozen vegetables > wheatgrass",new,,no,shopify_IN_7758586052865,False
saffron-kesar,45616146383105,IN,Buy Premium Kashmiri Saffron Online - 100% Pure & Authentic 2 gm Kesar / Nuts,730.00 INR,in stock,AlphonsoMango.in,"food, beverages & tobacco > food items > seasonings & spices > herbs & spices",new,,no,shopify_IN_4637369925678,False
california-almonds-badam,40991301337261,IN,Buy California Almonds Online: Nutritious Snacks online 250 Gms,355.00 INR,in stock,AlphonsoMango.in,"food, beverages & tobacco > food items > nuts & seeds",new,,no,shopify_IN_7033033687213,False
kashmiri-lahsun-kashmiri-garlic,42471441924353,IN,Kashmiri Lahsun | Kashmiri Garlic | Ek Pothi Lahsun 500 Gms,1200.00 INR,in stock,AlphonsoMango.in,"food, beverages & tobacco > food items > fruits & vegetables > fresh & frozen vegetables > garlic",new,,no,shopify_IN_7535197159681,False
pista,43056628728065,INR_1239712001,Premium Quality Pista Kernel (Pista Nuts) Buy Now 250 g,595.00 INR,in stock,AlphonsoMango.in,"food, beverages & tobacco > food items > nuts & seeds",,,,shopify_ZZ_7755501863169,False
ratnagiri-alphonso-mango,48770729640193,INR_1239712001,Ratnagiri Alphonso Mango – Buy GI Hapus Online 2 Dozen / Small But tasty 150 to 180 Grams,3499.00 INR,out of stock,AlphonsoMango.in,"food, beverages & tobacco > food items > fruits & vegetables > fresh & frozen fruits > stone fruits > mangoes",new,,no,shopify_ZZ_1875614531630,False
roasted-cashew-nut,42267750203649,INR_1239712001,Buy Roasted Cashew Nuts Online - Plain Dry Roasted Kaju | No Oil | AlphonsoMango.in 1 kg,1450.00 INR,in stock,AlphonsoMango.in,"food, beverages & tobacco > food items > nuts & seeds",new,,no,shopify_ZZ_1995741921326,False
kashmiri-lahsun-kashmiri-garlic,42471441957121,IN,Kashmiri Lahsun | Kashmiri Garlic | Ek Pothi Lahsun 1Kg,2340.00 INR,in stock,AlphonsoMango.in,"food, beverages & tobacco > food items > fruits & vegetables > fresh & frozen vegetables > garlic",new,,no,shopify_IN_7535197159681,False
totapuri-mango,42378360652033,IN,Totapuri Mangoes Online,650.00 INR,out of stock,AlphonsoMango.in,"food, beverages & tobacco > food items > fruits & vegetables > fresh & frozen fruits > stone fruits > mangoes",,,,,False
kokum,40992385958061,INR_1239712001,Buy Kokum Aamsul Online Kokum Rind Garcinia Indica 500 g,360.00 INR,in stock,AlphonsoMango.in,"food, beverages & tobacco > food items > seasonings & spices",new,,no,shopify_ZZ_6832066920621,False
buy-avocado-fruit-online,42115247079681,INR_1239712001,Buy Fresh Avocado Online Imported from Alphonso Mango 1 pc,315.00 INR,out of stock,AlphonsoMango.in,"food, beverages & tobacco > food items > fruits & vegetables > fresh & frozen fruits > avocados",new,,no,shopify_ZZ_7480748114177,False
wheat-grass-powder-gavhankur-powder,43092229259521,INR_1239712001,Wheat Grass Powder | Gavhankur Powder 1 kg,3150.00 INR,in stock,AlphonsoMango.in,"food, beverages & tobacco > food items > fruits & vegetables > fresh & frozen vegetables > wheatgrass",new,,no,shopify_ZZ_7758586052865,False
dried-apricot,,IN,Dried Apricot | Pitted Apricot | Khumani,300.00 INR,in stock,,,,,,,True
watermelon-seeds,31820992938030,IN,Watermelon Seeds Buy Online India,250.00 INR,in stock,AlphonsoMango.in,"food, beverages & tobacco > food items > nuts & seeds",new,Watermelon seeds,yes,,False
chilgoza-pine-nuts,43159718560001,IN,Chilgoza | Pine Nuts | Pinenuts 500 Gms,5095.00 INR,in stock,AlphonsoMango.in,"food, beverages & tobacco > food items > nuts & seeds",new,,no,shopify_IN_7787298980097,False
devgad-alphonso-mango,48770703491329,INR_1239712001,Devgad Hapus Mango – Buy Devgad Alphonso Online 2 Dozen / Medium Size 180 to 225 Grams Each mango,3999.00 INR,out of stock,AlphonsoMango.in,"food, beverages & tobacco > food items > fruits & vegetables > fresh & frozen fruits > stone fruits > mangoes",new,,no,shopify_ZZ_1875621675054,False
crimson-raisin,32604925689902,IN,Crimson Jewels: Nature's Candy in Every Bite 100 gms,80.00 INR,in stock,AlphonsoMango.in,"food, beverages & tobacco > food items > fruits & vegetables > dried fruits",new,,no,shopify_IN_4637037166638,False
raisins,41957620777217,IN,Indian Raisin | Munakka | Kishmish | Manukka 1Kg,590.00 INR,in stock,AlphonsoMango.in,"food, beverages & tobacco > food items > fruits & vegetables > dried fruits",new,,no,shopify_IN_4626933350446,False
godambi-marking-nut,,IN,Godambi - Keer beeja,545.00 INR,in stock,,,,,,,True
hapus-mango,,IN,Hapus Mango,,in stock,,,,,,,True
quinoa-seeds,42926503854337,INR_1239712001,Quinoa seeds Buy Online India 5 kg,1500.00 INR,in stock,AlphonsoMango.in,"food, beverages & tobacco > food items > nuts & seeds",new,,no,shopify_ZZ_1995747590190,False
kesar-mango,,IN,Kesar Mango,999.00 INR,in stock,,,,,,,True
kokum,40992385958061,IN,Buy Kokum Aamsul Online Kokum Rind Garcinia Indica 500 Gm,360.00 INR,in stock,AlphonsoMango.in,"food, beverages & tobacco > food items > seasonings & spices",new,,no,shopify_IN_6832066920621,False
w320-cashew-nuts,42249014673665,INR_1239712001,Buy W320 Cashew Nuts Online - Best Value Regular Kaju | Konkan Farms | AlphonsoMango.in 1 kg,1055.00 INR,in stock,AlphonsoMango.in,"food, beverages & tobacco > food items > nuts & seeds",new,PROV-CASH-W320-1KG,yes,shopify_ZZ_7514680033537,False
aamras-ambyacha-ras,42367539773697,INR_1239712001,Buy Aamras Online - Pure Alphonso Mango Ras 500 g,290.00 INR,out of stock,AlphonsoMango.in,"food, beverages & tobacco > food items > fruits & vegetables > fruit sauces",,,no,shopify_ZZ_6128976298157,False
medjool-dates-medjoul-khajoor,42249844982017,IN,Medjool Dates | Medjoul dates | Medjoul Khajoor 1Kg,1900.00 INR,in stock,AlphonsoMango.in,"food, beverages & tobacco > food items > fruits & vegetables > fresh & frozen fruits > dates",new,,no,shopify_IN_7514259095809,False
california-almonds-badam,,IN,California Almonds,355.00 INR,in stock,,,,,,,True
saffron-kesar,45616147038465,IN,Buy Pure Kashmiri Mongra Kesar Saffron Online 5 gm Kesar / Nuts / Non-GMO,430.00 INR,in stock,AlphonsoMango.in,"food, beverages & tobacco > food items > seasonings & spices",new,,no,shopify_IN_4637369925678,True
mix-dry-fruits,42249064513793,IN,Mix Dry Fruits | Nut Mix | Panch Mewa 250g,280.00 INR,in stock,AlphonsoMango.in,"food, beverages & tobacco > food items > snack foods > trail & snack mixes",new,,no,shopify_IN_7514744226049,False
roasted-sunflower-seeds,43102704435457,IN,Roasted Sunflower Seeds Health food 500 GMs,450.00 INR,in stock,AlphonsoMango.in,"food, beverages & tobacco > food items > nuts & seeds",new,,no,shopify_IN_1995748802606,False
alphonso-mango-order-online,44401000415489,IN,Hapus Mango Delivery - Order Alphonso Mango Online 1 Dozen / 200 to 225 Grams | Each Mango,2099.00 INR,in stock,AlphonsoMango.in,"food, beverages & tobacco > food items > fruits & vegetables > fresh & frozen fruits > stone fruits > mangoes",new,,no,shopify_IN_1995751653422,False
buy-avocado-fruit-online,42115247177985,INR_1239712001,Buy Fresh Avocado Online Imported from Alphonso Mango 10 pcs,2950.00 INR,out of stock,AlphonsoMango.in,"food, beverages & tobacco > food items > fruits & vegetables > fresh & frozen fruits > avocados",new,,no,shopify_ZZ_7480748114177,False
macadamia-nuts,43175579943169,IN,Buy Premium Jumbo Macadamia Nuts Online - 250 Grams 200 Grams,1210.00 INR,in stock,AlphonsoMango.in,"food, beverages & tobacco > food items > nuts & seeds",new,,no,shopify_IN_7783563231489,False
saffron-kesar,45616147136769,IN,Buy Pure Kashmiri Mongra Kesar Saffron Online 5 gm Kesar / Nuts / Vegan,430.00 INR,in stock,AlphonsoMango.in,"food, beverages & tobacco > food items > seasonings & spices",new,,no,shopify_IN_4637369925678,True
gond-katira-badam-pisin,43304314831105,IN,Gond Katira Badam Pisin | Almond Gum Kathila Gond 500 Gms,395.00 INR,in stock,AlphonsoMango.in,health & beauty > health care > fitness & nutrition > vitamins & supplements,new,,no,shopify_IN_7768069701889,False
dried-blackberries,,IN,Dried Blackberries,740.00 INR,in stock,,,,,,,True
saffron-kesar,45616145924353,INR_1239712001,Keshar | Pure Kashmiri Kesar & Kumkuma Puvvu Price 1 g,430.00 INR,in stock,AlphonsoMango.in,"food, beverages & tobacco > food items > seasonings & spices > herbs & spices",new,PROV-SAFF-KAS-1G,yes,shopify_ZZ_4637369925678,False
hazelnuts-nuts-seeds,41976977031425,IN,Buy Premium Hazelnut Online 200Gm,750.00 INR,in stock,AlphonsoMango.in,"food, beverages & tobacco > food items > nuts & seeds",new,,no,shopify_IN_7427414720769,False
w320-cashew-nuts,42249014608129,IN,Regular Cashew Nut W320: The Ideal Snack for Any Occasion 250g,310.00 INR,in stock,AlphonsoMango.in,"food, beverages & tobacco > food items > nuts & seeds",new,,no,shopify_IN_7514680033537,False
chop-almonds-cut-badam,42255767994625,INR_1239712001,Buy Sliced Almonds Online Crunchy Almond Flakes Fresh 500 g,660.00 INR,in stock,AlphonsoMango.in,"food, beverages & tobacco > food items > nuts & seeds",new,,no,shopify_ZZ_7514731184385,False
strawberry,37698848555181,INR_1239712001,Strawberry Buy Online | Mahabaleshwar Strawberry 500 g,210.00 INR,out of stock,AlphonsoMango.in,"food, beverages & tobacco > food items > fruits & vegetables > fresh & frozen fruits > berries",new,,no,shopify_ZZ_6095225028781,False
dried-strawberry,43113951330561,INR_1239712001,Buy Dried Strawberries Online For A Sweet and Juicy Snack 500 g,710.00 INR,in stock,AlphonsoMango.in,"food, beverages & tobacco > food items > fruits & vegetables > fresh & frozen fruits > berries",new,,no,shopify_ZZ_7771501527297,False
mix-dry-fruits,,IN,Dry Fruit Mix,280.00 INR,in stock,,,,,,,True
roasted-flax-seeds,42309450825985,INR_1239712001,Buy Roasted Flax seed 1 kg,482.00 INR,in stock,AlphonsoMango.in,"food, beverages & tobacco > food items > nuts & seeds",new,,no,shopify_ZZ_1995747950638,False
raisins,43008780534017,IN,Indian Raisin | Munakka | Kishmish | Manukka 5 Kg,2400.00 INR,in stock,AlphonsoMango.in,"food, beverages & tobacco > food items > fruits & vegetables > dried fruits",new,,no,shopify_IN_4626933350446,False
buy-avocado-fruit-online,,IN,HAS Avocado,315.00 INR,in stock,,,,,,,True
raisins,41957620711681,INR_1239712001,Indian Raisin | Munakka | Kishmish | Manukka 250 g,165.00 INR,in stock,AlphonsoMango.in,"food, beverages & tobacco > food items > fruits & vegetables > dried fruits",new,,no,shopify_ZZ_4626933350446,False
donut-peach,42131356680449,IN,Buy Imported Donut Peach Online,880.00 INR,out of stock,AlphonsoMango.in,"food, beverages & tobacco > food items > fruits & vegetables > fresh & frozen fruits > stone fruits > peaches & nectarines",,,,,False
broken-cashew-kaju-tukda,31820707364910,IN,Kaju tukda buy Online | Cashew Nut Broken 1 Kg,950.00 INR,in stock,AlphonsoMango.in,"food, beverages & tobacco > food items > nuts & seeds",new,,no,shopify_IN_1995740413998,False
sweet-tamarind,42336219103489,IN,Sweet Tamarind: Meethi Imli A Delicious Treat at AlphonsoMango.in,282.00 INR,in stock,AlphonsoMango.in,"food, beverages & tobacco > food items > fruits & vegetables > fresh & frozen fruits > tamarindo",new,Sweet Tamarind,yes,,False
buy-anjeer-dried-fig,40992291356845,INR_1239712001,Buy Dried Anjeer and Fig Dry Fruit from Alphonso Mango 250 g,580.00 INR,in stock,AlphonsoMango.in,"food, beverages & tobacco > food items > fruits & vegetables > fresh & frozen fruits > figs",new,,no,shopify_ZZ_7033230655661,False
pecan-nuts,43094108176641,IN,Buy Premium Quality Pecan Nuts Online 500 Gms,1320.00 INR,in stock,AlphonsoMango.in,"food, beverages & tobacco > food items > nuts & seeds",new,,no,shopify_IN_7758876705025,False
medjool-dates-medjoul-khajoor,42249844982017,INR_1239712001,Buy Jumbo Medjoul Khajoor (1kg) | Order Fresh Medjoul Dates 1 kg,1900.00 INR,in stock,AlphonsoMango.in,"food, beverages & tobacco > food items > fruits & vegetables > fresh & frozen fruits > dates",new,,no,shopify_ZZ_7514259095809,False
black-raisin,,IN,Black Raisin with Seeds - Medica Raisin,150.00 INR,in stock,,,,,,,True
black-pepper-black-peppercorn,43078319145217,INR_1239712001,Buy Black Pepper Online Fresh Bold and Pure Flavor 250 g,425.00 INR,in stock,AlphonsoMango.in,"food, beverages & tobacco > food items > seasonings & spices > pepper",new,,no,shopify_ZZ_7758578417921,False
roasted-flax-seeds,31820892209198,INR_1239712001,Buy Roasted Flax seed 250 g,173.00 INR,in stock,AlphonsoMango.in,"food, beverages & tobacco > food items > nuts & seeds",new,,no,shopify_ZZ_1995747950638,False
pumpkin-seeds,42496738099457,INR_1239712001,Buy Roasted Pumpkin Seed Online 1 kg,750.00 INR,in stock,AlphonsoMango.in,"food, beverages & tobacco > food items > nuts & seeds",new,,no,shopify_ZZ_1995746934830,False
chop-almonds-cut-badam,42255767994625,IN,Almonds sliced | Almond Flakes | Sliced Almonds 500g,660.00 INR,in stock,AlphonsoMango.in,"food, beverages & tobacco > food items > nuts & seeds",new,,no,shopify_IN_7514731184385,False
devgad-alphonso-mango,46084338909441,IN,Authentic Devgad Alphonso Mangoes Hapus | Buy Online- alphonsomango.in 1 Dozen / 180 to 200 Grams each mango,1849.00 INR,in stock,AlphonsoMango.in,"food, beverages & tobacco > food items > fruits & vegetables > fresh & frozen fruits > stone fruits > mangoes",new,,no,shopify_IN_1875621675054,False
persimmon-amarphal-online,42114158133505,INR_1239712001,"Buy Persimmon Fruit (Amarphal, Sharon) Online 6 Pcs",580.00 INR,out of stock,AlphonsoMango.in,"food, beverages & tobacco > food items > fruits & vegetables",new,,no,shopify_ZZ_6211994615981,False
fresh-red-globe-grapes,42115118760193,INR_1239712001,Buy Fresh Red Globe Grapes Online at Alphonso Mango 500 g,350.00 INR,out of stock,AlphonsoMango.in,"food, beverages & tobacco > food items > fruits & vegetables > fresh & frozen fruits > grapes",new,,no,shopify_ZZ_7480719704321,False
devgad-alphonso-mango,44400929079553,IN,Authentic Devgad Alphonso Mangoes Hapus | Buy Online- alphonsomango.in 1 Dozen / 200 to 225 Grams | Best Size,2099.00 INR,in stock,AlphonsoMango.in,"food, beverages & tobacco > food items > fruits & vegetables > fresh & frozen fruits > stone fruits > mangoes",new,,no,shopify_IN_1875621675054,False
chia-seeds,42471615496449,INR_1239712001,Buy Chia Seeds for Weight Loss | Fast Delivery in India 1 kg,540.00 INR,in stock,AlphonsoMango.in,"food, beverages & tobacco > food items > nuts & seeds",new,,no,shopify_ZZ_1995746181166,False
buy-anjeer-dried-fig,40992291389613,IN,Buy Dried Anjeer | Dried Fig | Fig Dry Fruit 500 gm,1145.00 INR,in stock,AlphonsoMango.in,"food, beverages & tobacco > food items > fruits & vegetables > fresh & frozen fruits > figs",new,,no,shopify_IN_7033230655661,False
green-kiwi,43082209231105,INR_1239712001,Buy Premium quality Green Kiwi Online 5 pcs,1000.00 INR,out of stock,AlphonsoMango.in,"food, beverages & tobacco > food items > fruits & vegetables > fresh & frozen fruits > kiwis",new,,no,shopify_ZZ_7484899557633,False
w320-cashew-nuts,42249014640897,INR_1239712001,Buy W320 Cashew Nuts Online - Best Value Regular Kaju | Konkan Farms | AlphonsoMango.in 500 g,575.00 INR,in stock,AlphonsoMango.in,"food, beverages & tobacco > food items > nuts & seeds",new,PROV-CASH-W320-500G,yes,shopify_ZZ_7514680033537,False
dried-blueberries,41953501675777,INR_1239712001,Buy Dried Blueberries Online At An Affordable Price 100 g,280.00 INR,in stock,AlphonsoMango.in,"food, beverages & tobacco > food items > fruits & vegetables > fresh & frozen fruits > berries",new,,no,shopify_ZZ_7349425209601,False
pairi-mango,37727985139885,IN,Payari Mango - Pairi Mango,2799.00 INR,in stock,AlphonsoMango.in,"food, beverages & tobacco > food items > fruits & vegetables > fresh & frozen fruits > stone fruits > mangoes",new,Payari Mango,yes,,False
roasted-sunflower-seeds,43102704435457,INR_1239712001,Roasted Sunflower Seeds Health food 500 g,450.00 INR,in stock,AlphonsoMango.in,"food, beverages & tobacco > food items > nuts & seeds",new,,no,shopify_ZZ_1995748802606,False
saffron-kesar,45616147333377,INR_1239712001,Keshar | Pure Kashmiri Kesar & Kumkuma Puvvu Price 10 g (pregnancy pack),3100.00 INR,in stock,AlphonsoMango.in,"food, beverages & tobacco > food items > seasonings & spices > herbs & spices",new,PROV-SAFF-KAS-10G,yes,shopify_ZZ_4637369925678,False
devgad-alphonso-mango,16901337940014,INR_1239712001,Devgad Hapus Mango – Buy Devgad Alphonso Online 1 Dozen / Extra Large Size 250 to 275 Grams Each mango,3599.00 INR,out of stock,AlphonsoMango.in,"food, beverages & tobacco > food items > fruits & vegetables > fresh & frozen fruits > stone fruits > mangoes",new,PROV-ALPH-DEV-1DZ-250G,yes,shopify_ZZ_1875621675054,False
beauty-pear,42228703658241,IN,Buy Beauty Pear 2 pcs,140.00 INR,out of stock,AlphonsoMango.in,"food, beverages & tobacco > food items > fruits & vegetables",,,,shopify_IN_7484886712577,False
pista,43056628728065,IN,Premium Quality Pista Kernel (Pista Nuts) Buy Now 250 Gms,595.00 INR,in stock,AlphonsoMango.in,"food, beverages & tobacco > food items > nuts & seeds",,,,shopify_IN_7755501863169,False
alphonso-mango-order-online,39261770088621,IN,Hapus Mango Delivery - Order Alphonso Mango Online 1 Dozen / 250 to 275 Grams | Each mango,2699.00 INR,in stock,AlphonsoMango.in,"food, beverages & tobacco > food items > fruits & vegetables > fresh & frozen fruits > stone fruits > mangoes",new,,no,shopify_IN_1995751653422,False
nutmeg-powder-jaiphal-powder-jathikai-powder,43291708555521,IN,Nutmeg Powder | Jaiphal Powder | Jathikai Powder 50 GM,158.00 INR,in stock,AlphonsoMango.in,"food, beverages & tobacco > food items > seasonings & spices > herbs & spices",new,,no,shopify_IN_7825050108161,False
kashmiri-lahsun-kashmiri-garlic,,IN,Kashmiri Lahsun | Kashmiri Garlic | Ek Pothi Lahsun,285.00 INR,in stock,,,,,,,True
