handle,status,type,title,tlen,meta_title,mtlen,meta_desc,mdlen,desc_words,variants,min,max,inv,tags
ratnagiri-alphonso-mango,ACTIVE,Ratnagiri Alphonso Mango,Ratnagiri Alphonso Mango (GI Tagged) – Authentic Hapus Aam,58,Ratnagiri Alphonso Mango – Buy GI Hapus Online,46,"Ratnagiri Alphonso mango (GI No. 139, AU/5974/GI/139/260): hay-ripened, carbide-free Ratnagiri Hapus from Konkan orchards. Graded by weight, free delivery.",155,1145,10,1849.0,5399.0,-4533187,1 Peti Mango;aamwalla.com;Alfonse mango Ratnagiri;Alfonso mango Ratnagiri;Alphonse mango Ratnagiri;Alphonso Mango;alphonso mango from ratnagiri;alphonso mango in ratnagiri;alphonso mango online;alphonso mango online amazon;Alphonso Mango premium;alphonso mango price;alphonso mango price in ratnagiri;alphonso mango price per kg in delhi;alphonso mango rate;Alphonso mango Ratnagiri;alphonso mango ratnagiri images;alphonso mango ratnagiri online;alphonso mango suppliers in ratnagiri;alphonso mangoes buy online;alphonso mangue;alphonso rates;alphonsomangoes online;alponca mampalam;amazon mango;best alphonso mango where to buy;best mango in india buy;best mango in patna buy;best mangoes to buy in may;best place to buy mangoes in ganpatipule;best place to buy mangoes in vijayawada;best site to buy alphonso mango online;best time to buy alphonso mangoes;buy alphonso mango;buy alphonso mango online;buy alphonso mango online pondicherry;buy alphonso mangoes online;buy alphonso mangoes online vizag;buy alponso mango;buy carbide free mangoes;buy carbide free mangoes kochi;buy carbide free mangoes online;buy country mango;buy farm mangoes online india;buy fresh mango fruit;buy hapoos mango online;buy manga;buy manga online;buy mango;buy mango amazon;buy mango bigbasket;buy mango com;buy mango india;buy mango online;buy mangoes online bangalore;buy ratnagiri alphonso mango online;buy ratnagiri alphonso mangoes online;buy ratnagiri alphonso mangoes online india;buy ratnagiri alphonso mangos online;buy ratnagiri hapus aam;Buy ratnagiri hapus aam near me;buy ratnagiri hapus aam online;buy ratnagiri hapus amba;buy ratnagiri hapus amba online;buy ratnagiri hapus online;buy ratnagiri mango;buy ratnagiri mango in pune;Buy Ratnagiri Mangoes;dev mango;devgad alphonso mamidi;devgadAlphonsoMango.com;hafus amba ratnagiri;hapus aam ratnagiri;hapus amba ratnagiri;Hapus Mango Ratnagiri;hapus ratnagiri;hapus ratnagiri mango;how to get authentic ratnagiri alphonso mango in delhi;how to get authentic ratnagiri alphonso mangos in delhi;how to get ratnagiri alphonso mango;how to identify ratnagiri alphonso mango;https alphonsomangoes online;https mangobazaar in;manga;mango;mango buy;mango buyers in India;mango hapus ratnagiri;mango image;mango mumbai;mango suppliers in ratnagiri;mangoes;Mangoes from Ratnagiri;Mangoes in Ratnagiri;mangoes mumbai;mangos;mangue alphonso;mangue alphosne;mumbai mango;mumbai mangoes;Natural Ripening of Mangoes;organic alphonso mango price;organic alphonso mangoes price;orgnaic mangoes on amazon;original ratnagiri.mangoes buy online;ratna alphonso mango;ratnagiri;ratnagiri aam;ratnagiri alfanso mango online;ratnagiri alfonse mango;Ratnagiri Alfonso Mango;ratnagiri alfonso mango online;Ratnagiri Alphanso;ratnagiri alphanso mango online;Ratnagiri Alphonse;ratnagiri alphonse mampaḻama;Ratnagiri Alphonso;ratnagiri alphonso amba;Ratnagiri alphonso mamidi;Ratnagiri Alphonso Mango;ratnagiri alphonso mango amazon;ratnagiri alphonso mango buy online;ratnagiri alphonso mango flipkart;ratnagiri alphonso mango in bangalore;ratnagiri alphonso mango in chennai;ratnagiri alphonso mango in delhi;ratnagiri alphonso mango in hyderabad;ratnagiri alphonso mango in kerala;ratnagiri alphonso mango in kolkata;ratnagiri alphonso mango in thiruvananthapuram;ratnagiri alphonso mango in thrissur;ratnagiri alphonso mango in usa;ratnagiri alphonso mango online;ratnagiri alphonso mango online bangalore;Ratnagiri Alphonso Mango onlline;ratnagiri alphonso mango price;ratnagiri alphonso mango price per kg;ratnagiri alphonso mango rate;ratnagiri alphonso mango snapdeal;ratnagiri alphonso mangoes;ratnagiri alphonso mangoes bangalore;ratnagiri alphonso mangoes in bangalore;ratnagiri alphonso mangoes in chennai;ratnagiri alphonso mangoes in delhi;ratnagiri alphonso mangoes in gurgaon;ratnagiri alphonso mangoes in india;Ratnagiri Alphonso Mangoes Online;ratnagiri alphonso mangoes pune;ratnagiri alphonso mangoes wholesale;ratnagiri alphonso online;Ratnagiri AlphonsoMango;Ratnagiri alphōnsō māmiḍi;ratnagiri buy hapus online;ratnagiri hafoos;ratnagiri hafus;Ratnagiri Hapus;ratnagiri hapus aam;ratnagiri hapus aam online;ratnagiri hapus amba;ratnagiri hapus amba near me;ratnagiri hapus amba online;ratnagiri hapus amba price;ratnagiri hapus amba rate;ratnagiri hapus assam;ratnagiri hapus bangalore;ratnagiri hapus chennai;ratnagiri hapus delhi;ratnagiri hapus kolkata;Ratnagiri Hapus Mango;ratnagiri hapus mango in usa;ratnagiri hapus mango price;ratnagiri hapus mango price in mumbai;ratnagiri hapus mango price in pune;Ratnagiri Hapus Mangoes;ratnagiri hapus mangoes near me;Ratnagiri Hapus Mangoes online;ratnagiri hapus nellore;ratnagiri hapus online;ratnagiri hapus rajasthan;Ratnagiri Mango;ratnagiri mango buy online;Ratnagiri Mango Price;Ratnagiri Mangoes;ratnagiri where to buy mangoes;ratnagiri.mangoes buy online;ratnagirialphonso;RatnagiriAlphonso Mango;RatnagiriAlphonso.com;RatnagiriAlphonsoMango;RatnagiriAlphonsoMango.com;ratnagirihapus;ratnagirimango;ratnajyry 'alfunsu manju;Ratnāgiri alphonso mavu;SHIPPING BOX;umesh lanjekar alphonso mango garden ratnagiri maharashtra;where to buy authentic ratnagiri hapus near me;where to buy manga;where to buy mangoes in ratnagiri;رتناگیری الفونسو آم;شبناغی الفانوسو عام;अल्फांसो आम की कीमत;अल्फांसो आम की विशेषता;अल्फोंसो मानगो;अल्फोंसो मैंगो के राजा;आम;आमों के राजा अल्फांसो;कार्बाइड फ्री मैंगो;रत्नागिरी अल्फसो मानगो;रत्नागिरी अल्फांसो;रत्नागिरी अल्फोंसो आंबा;रत्नागिरी अल्फोंसो आम;रत्नागिरी अल्फोंसो मानगो;रत्नागिरी अल्फोन्सो मँगो;रत्नागिरी देवगढ़ अल्फांसो आम;रत्नागिरी हापुस आम;रत्नागिरी हापूस आंबा;रत्नागिरी हाफूस आम;हापुस आम 2021;हापुस आम का रेट 2020;हापुस आम का रेट 2021;हापुस आम की कीमत;हापुस आम की पहचान;রত্নগিরি আলফোনসো আম;ਰਤਨਾਗਿਰੀ ਹਾਪਸ ਅੰਬ;ઓર્ગેનિક અલ્ફોન્સો મંગોઝ;દેવગડ આલ્ફોન્સો કેરી;દેવગડ હાપસ કેરી;રત્નાગિરિ દેવગડ અલ્ફોન્સો મંગોઝ;રત્નાગીરી  અલ્ફોન્સો મંગોઝ;રત્નાગીરી  હપસ અલ્ફોન્સો મંગોઝ;રત્નાગીરી  હપસ ઓથેન્ટિક અલ્ફોન્સો મંગોઝ;રત્નાગીરી  હપસ મંગોઝ;રત્નાગીરી અલ્ફોન્સો કેરી;રત્નાગીરી આલ્ફોન્સો મંગો;રત્નાગીરી હાપસ;રત્નાગીરી હાપસ કેરી;રત્નાગીરી હાફુસ;હાપસ કેરી રત્નાગીરી;அல்போன்சா மாம்பழம்;ரத்னகிரி அல்போன்சா மா;ரத்னகிரி அல்போன்சோ மா;ரத்னகிரி ஹபஸ் மா;రత్నగిరి అల్ఫోన్సో మామిడి;ರತ್ನಗಿರಿ ಅಲ್ಫೋನ್ಸೊ ಮ್ಯಾಂಗೋಸ್ ಇನ;ರತ್ನಗಿರಿ ಅಲ್ಫೋನ್ಸೊ ಮ್ಯಾಂಗೋಸ್ ಇನ್ ಬೆಂಗಳೂರು;ರತ್ನಾಗಿರಿ ಅಲ್ಫೊನ್ಸೊ ಮಾವು;രത്‌നഗിരി അൽഫോൻസോ;രത്‌നഗിരി അൽഫോൻസോ മാമ്പഴം
devgad-alphonso-mango,ACTIVE,Devgad Alphonso Mango,Original Devgad Alphonso Mango (Export Quality Devgad Hapus) Order Now,70,Devgad Hapus Mango – Buy Devgad Alphonso Online,47,"Devgad Hapus (Devgad Alphonso mango) from Sindhudurg: GI authorised AU/6932, hay-ripened, carbide-free. Graded by weight, 1 or 2 dozen, free delivery in India.",159,1212,10,1849.0,5499.0,-117,alfanso mango;alphanso mango;alphonso;Alphonso Mango;alphonso mango from devgad;alphonso mango history;alphonso mango images;alphonso mango in hindi;alphonso mango near me;Alphonso Mango Nutrition facts;alphonso mango online amazon;alphonso mango online amazon india;alphonso mango online flipkart;alphonso mango price per kg in delhi;alphonso mangoes buy online;alphonso mangoes near me;amazon mango;ar4mango;ar4mangoes;aurum mangoes;aurumfoods;aurumfoods alphonso;aurumfoods mango;bangalora mango;buy alphonso mango delhi;buy alphonso mango in ahmedabad;buy alphonso mango in allahabad;buy alphonso mango in bangalore;buy alphonso mango in bhopal;buy alphonso mango in chandigarh;buy alphonso mango in chennai;Buy alphonso mango in delhi;buy alphonso mango in gurgaon;buy alphonso mango in hyderabad;buy alphonso mango in indore;buy alphonso mango in jalandhar;buy alphonso mango in kolkata;buy alphonso mango in lucknow;buy alphonso mango in ludhiana;buy alphonso mango in mumbai;buy alphonso mango in noida;buy alphonso mango in pune;buy alphonso mango in surat;buy alphonso mango in thane;buy alphonso mango in varanasi;buy alphonso mango online delhi;buy alphonso mango online india;buy alphonso mango online mumbai;buy carbide free mangoes kochi;buy devgad alphonso mango online;buy devgad alphonso mangoes online;Buy devgad hapoos online;buy devgad hapus online;buy devgad mango online;buy devgad mango online in pune;buy devgad mangoes online;buy fresh mango fruit;buy indian mangoes online;buy mango in devgad;buy mango on devgad;buy mango online;buy mango online hyderabad;buy mangoes near me;buy mangoes online;buy mangoes online devgad;buy mangoes online hyderabad;can we courier mangoes from india to uk;can we courier mangoes from india to usa;courier mangoes from india to australia;courier mangoes from india to canada;courier mangoes from india to uk;courier mangoes from india to usa;degad mango coupon code;dev alphonso mango;dev amba;dev hapus mango;dev mango;dev mango mumbai;dev mango online;dev mango vashi;dev mangoes;devgad aam;devgad alphonse mango;devgad alphonso;devgad Alphonso amba;Devgad Alphonso Mango;devgad alphonso mango price;devgad alphonso mango price 2020;devgad alphonso mango price in pune;devgad alphonso mangoes;devgad alphonso mangoes in mumbai;devgad alphonso mangoes in nagpur;devgad alphonso mangoes in pune;Devgad Amba;devgad famous fruit;devgad hapoos;Devgad Hapus;Devgad Hapus Aam;Devgad Hapus Amba;devgad hapus buy online;Devgad Hapus Mango;devgad hapus mango online;devgad hapus mango rate;devgad hapus mangoes;devgad hapus mangoes online;devgad hapus mangos;devgad hapus online;devgad hapus peti;Devgad Mango;devgad mango online;devgad mango supplier;devgad mango.com;devgad mangoe;Devgad Mangoes;devgad mangos;devgad near aurangabad;devgad port;devgad taluka;devgadh hapus amba;devgarh mango;devgarh mangoes;devgarh mangos;devmangoes;devmangos;devratna;devratna mango;devratna mangoes;devratna mangoes pune;difference between devgad hapus amba & sindhudurg hapus;Dēvagaḍa ālphōnsō kērī;farm fresh mangoes online;Gi certified Devgad Alphonso Mango Online;Hapus keri;hapus mango images;Hapus કેરી;how to buy mango;how to courier mangoes;How to cut devgad alphonso mango;How to cut devgad Hapus;how to order mangoes from post office;how to purchase mango;Hāpasa kērī dēvagaḍa;koyambedu market mango price list today;kps mango;mango;mango benefits;mango box courier;mango buy;mango buy online delhi;mango buy online india;mango courier agency;mango courier annecy;mango courier london;mango courier prices;mango courier service;mango courier service india;mango courier to canada from india;mango courier to usa;mango courier uk;mango couriers london;mango delivery courier;Mango Devgad;mango fruit online shopping;mango fruit online shopping india;mango in;mango mumbai;Mango online;mango online courier;mango online delhi;mango online shopping india;mango outlet courier;mango overnight courier;mango price;mango price in market;mango sale india;mango sale online;mango store courier;mangoes;mangoes courier;Mangoes Devgad;mangoes online;mangoes price;mangoes sale india;mangos;online buy mango;organic mangoes bangalore;organic mangoes hyderabad;organic mangoes online;other names of alphonso mango;price of alphonso mango in delhi;price of mango in delhi;reliance fresh mango;send mangoes by courier;SHIPPING BOX;should i buy mango organic;tmangoes;today mango rate in hyderabad;when to buy mango;where can you buy alphonso mangoes in nagpur;where to buy alphonso mango in delhi;where to buy mango;الفونسو مانجو;ديفجاد ألفونسو مانجو;ديفجاد هبوس مانجو;अल्फोन्सो आंबा देवगड;देवगड अल्फांसो आम;देवगड अल्फांसो हापूस आम;देवगड अल्फांसो हाफूस आम;देवगड अल्फोन्सो आंबा;देवगड हापूस;देवगड हापूस अल्फांसो आम;देवगड हापूस आंबा;देवगड हापूस आंबा ऑनलाईन;देवगड हापूस आंबा कसा ओळखावा;देवगड हापूस आंबा किंमत;देवगड हापूस आंबा दर;देवगड हापूस आम;देवगड हाफूस आम;देवगढ़ अल्फांसो आम;देवगढ़ हापुस;देवगढ़ हापुस आम;দেবগাদ আলফোনসো আম;দেবগাদ হাপুস আমের;ઓથેન્ટિક આલ્ફોન્સો મંગો;કેરી;દેવગડ અલ્ફોન્સો મંગોઝ;દેવગડ આલ્ફોન્સો કેરી;દેવગડ કેરી;દેવગડ હપસ;દેવગડ હપસ અલ્ફોન્સો;દેવગડ હપસ અલ્ફોન્સો મંગો;દેવગડ હપસ અલ્ફોન્સો મંગોઝ;દેવગડ હપસ ઓથેન્ટિક અલ્ફોન્સો મંગોઝ;દેવગડ હપસ મંગોઝ;દેવગડ હાપસ કેરી;દેવગડ હાફુસ;દેવગડ હાફુસ કેરી;દેવગદ હાપસ;હાપસ કેરી;હાપસ કેરી દેવગડ;അൽഫോൻസോ മാമ്പഴം;ദേവ്ഗാഡ് അൽഫോൻസോ മാമ്പഴം
kesar-mango,ACTIVE,Kesar Mango,Buy Kesar Mango Online – Taste Gujarat's Saffron Gem,52,Authentic Gir Kesar Mango | Buy Talala Kesar Keri Online,56,Searching for Kesar mango near me? Check the latest Gir Kesar price and order authentic Kesar ne keri with express 24-48 hr home delivery across India.,151,1225,2,999.0,1699.0,-70,aam Kesar;aam kesar online;aam kesari;aam kesari online;Alphonso Mango;buy gir kesar mango online;buy jumbo kesar mango online;buy kesar keri;buy kesar mango;buy kesar mango ahmedabad;buy kesar mango mumbai;buy kesar mango online;buy kesar mango online india;buy kesar mango online mumbai;buy kesar mango plant online;buy kesar mango surat;buy kesar mangoes;buy kesar mangoes mumbai;buy kesar mangoes online;buy kesar mangoes online in pune;buy kesar mangoes online mumbai;buy kesar mangoes online uk;buy online kesar mango;Gir Kesar;Gir Kesar Mango;Gir Kesar Mango Online;gir kesar mango online in pune;gir kesar online;gujarat kesar mango online;Health Benefits of Mangoes;how to get kesar mango online;Junagadh Kesar Mango;junagadh kesar mango online buy;Kesar Aam;kesar aam price per kg;kesar amazon;kesar amba;kesar baug mango;kesar bhog mango;kesar gold mango;kesar keri;kesar keri mango;kesar keri near me;kesar keri online;kesar keri talala;Kesar Mango;kesar mango 1 kg price;kesar mango ahmedabad;kesar mango asda;kesar mango auckland;kesar mango bangalore;kesar Mango bhopal;kesar mango business;kesar mango buy online;kesar mango buy online ahmedabad;kesar mango chennai;kesar mango costco;kesar mango delhi;kesar mango export from india;kesar mango florida;kesar mango for sale;kesar mango fruit price;kesar mango germany;kesar mango glycemic index;kesar mango gujarat;kesar mango gujarat price;kesar Mango gurgaon;kesar mango home delivery;kesar mango in delhi;kesar mango in tamil;kesar mango in usa;kesar mango india;kesar Mango indore;kesar mango jaipur;kesar mango junagadh;kesar mango kerala;kesar mango kolkata;kesar mango leicester;kesar mango london;kesar mango mandi rate today;kesar mango market in delhi;kesar mango market price today;kesar mango meaning in tamil;kesar mango melbourne;kesar mango mumbai;kesar Mango nagpur;kesar mango nashik;kesar mango near me;kesar mango no box;kesar mango noida;kesar mango nutrition;kesar mango nyc;kesar mango nz;kesar mango of kutch online order;Kesar Mango Online;kesar mango online ahmedabad;kesar mango online bangalore;kesar mango online bengaluru;kesar mango online bhopal;kesar mango online buy;kesar mango online chennai;kesar mango online delhi;kesar mango online hyderabad;kesar mango online in hyderabad;kesar mango online in pune;kesar mango online india;kesar mango online indore;kesar mango online mumbai;kesar mango online navi mumbai;kesar mango online price;kesar mango online pune;kesar mango online purchase;kesar mango online shopping;kesar mango online uk;kesar mango online usa;kesar mango online vadodara;kesar mango onlinr delhi;Kesar Mango Price;kesar mango price 1 kg;kesar mango price in delhi;kesar mango price in india;kesar mango price in uk;kesar mango pulp online;kesar mango pune;kesar mango rajasthan;kesar mango rate;kesar mango rate in india;kesar mango season;kesar mango shop near me;kesar mango singapore;kesar mango size;kesar mango surat;kesar mango thane;kesar Mango thiruvananthapuram;kesar mango tss;kesar mango udaipur;kesar mango variety;kesar mango wholesale price in india;kesar mango wholesale price in mumbai;kesar mango wholesale suppliers;kesar mangoes;kesar mangoes online;kesar mangoes online aurangabad;kesar mangoes online india;kesar mangoes online pune;kesar nutrition;Kesar Original;kesari aam;kesariya aam online;kutch kesar mango online;langra mango online delhi;mango 1kg delhi rate;mango buy;mango fruit buy online;online kesar mangoes;online kesar mangoes order;online shopping of kesar mango;order kesar mango online;organic gir kesar mango online;organic kesar mango online;SHIPPING BOX;Talala Gir Kesar Mango;talala kesar keri online;valsad kesar keri;when we can buy kesar mango in india;કેસર કેરી;કેસર માંગો;கிர் கேசர் மாம்பழம்;கேசர் மாம்பழம்
cashew-nuts-w180,ACTIVE,Cashew Nuts,W180 Cashew Nuts - Buy Premium Jumbo Whole Kaju Online | Konkan Farms,69,Buy W180 Cashew Nuts Online - Jumbo Whole Kaju | Konkan Farms | AlphonsoMango.in,80,"Buy W180 jumbo cashew nuts online from Konkan farms. Largest grade (140-180/lb), creamiest kaju with 16.5g protein, low GI 22, heart-healthy fats. Vacuum-packed, preservative-free. Free pan-India delivery. Best for gifting, snacking & cooking. Order fresh kaju online at AlphonsoMango.in.",288,1092,1,400.0,400.0,26,1 kg kaju ka price;1 kg kaju price in allahabad;1 kg kaju price in andhra pradesh;1 kg kaju price in assam;1 kg kaju price in bangalore;1 kg kaju price in bhopal;1 kg kaju price in bihar;1 kg kaju price in chandigarh;1 kg kaju price in chennai;1 kg kaju price in delhi;1 kg kaju price in goa;1 kg kaju price in gorakhpur;1 kg kaju price in gujarat;1 kg kaju price in gurgaon;1 kg kaju price in hariyana;1 kg kaju price in hyderabad;1 kg kaju price in india;1 kg kaju price in indore;1 kg kaju price in jabalpur;1 kg kaju price in kanpur;1 kg kaju price in kolkata;1 kg kaju price in lucknow;1 kg kaju price in mumbai;1 kg kaju price in nashik;1 kg kaju price in navi mumbai;1 kg kaju price in punjab;1 kg kaju price in raipur;1 kg kaju price in rajkot;1 kg kaju price in ranchi;1 kg kaju price in satara;1 kg kaju price in surat;1 kg kaju price in up;1 kg kaju price in vadodara;1 kg kaju price in vijaywada;bada kaju;bada kaju size;benefits of cashew nuts;best cashew in goa;best cashew nuts in goa;best kaju;best premium cashew nut;best premium packaging of cashew nut;best quality cashew nuts in india;best quality cashew nuts online;big cashew nuts;big size cashew;big size cashew nut;big size cashew nuts;big size kaju;buy  ಗೋಡಂಬಿ;buy cashew;buy cashew in bangalore;buy cashew in pune;buy cashew nut;buy cashew nut in ahmedabad;buy cashew nut in assam;buy cashew nut in bhopal;buy cashew nut in delhi;buy cashew nut in gurgaon;buy cashew nut in hyderabad;buy cashew nut in indore;buy cashew nut in noida;buy cashew nut in orissa;buy cashew nut in pune;buy cashew nut in secunderabad;buy cashew nut in surat;buy cashew nut in travancore;buy cashew nut online;Buy cashew nuts online;Buy Cashew Nuts Online big;buy cashew nuts online india;buy cashew online;buy cashew online india;Buy cashewnut online;Buy goa cashew;buy goan kaju;buy jidipappu;buy jidipappu online;BUY KAJU;buy raw cashews online;buy w180 cashew online;casew nut;casew nut 500 gram;casewnut;casewnut 500 gram;cashew;cashew benefits;cashew big size;cashew calories;Cashew During Pregnancy;cashew fruit;cashew goa;cashew grade w180 image;cashew market in goa;cashew nut;cashew nut big;cashew nut big size;cashew nut kaju;cashew nut online;cashew nut price;cashew nut price in goa;cashew nut price in goa per kg 2020;cashew nut rate;cashew nut rate in goa;cashew nut varieties w180 price;cashew nut varieties w180 price in goa;cashew nut w180;cashew nut w180 price;cashew nut w180 price in india;cashew nutrition;Cashew nuts;cashew nuts big size 1kg;cashew nuts big size 500;cashew nuts calories and nutrition;cashew nuts price;cashew price;cashew rate;cashew rate in goa;cashew tree;cashew w 180 vs w240;cashew w180 online;cashewnut;cashewnuts;cashews;difference between w180 and w210 cashew;difference between w180 and w210 cashews;difference in cashew w320 and w180;difference w180 w210 w240 w320 cashews;export quality cashew nut;famous cashew shop in goa;foodworld w180 cashews;garding of cashew w180 stands for;goa cahsew;goa cashew nuts;goa cashew rate;goa kaju;goa kajuwala jaipur;goa kajuwala online;Goan cashew nut;goan cashew nut price;Goan kaju;grading of cashew w180 stands for;how to sell cashew nuts online;importer of cashew nut w180 in india;jidipappu;jidipappu cost;jidipappu near me;jidipappu rate;jidpappu;Jumbo Size Cashews W180;Jumbo Size Cashews W180 Grade;kaju;kaju badam rate in india;kaju big;kaju big size;kaju goa;kaju per kg price in pune;kaju price;kaju price 1kg in ahmedabad;kaju price in ahmedabad;kaju price in delhi;kaju price in digha;kaju price in goa;kaju price in hyderabad;kaju price in india;kaju price in india per kg;kaju price in indore;kaju price in jaipur;kaju price in jammu and kashmir;kaju price in kanpur mandi;kaju price in kolkata;kaju price in lucknow;kaju price in mumbai;kaju price in odisha;kaju price in patna;kaju price in pune;kaju price per kg;kaju price per kg in agra;kaju price per kg in delhi;kaju price per kg in hyderabad;kaju rate in borivali;kaju rate in delhi;kaju rate in delhi per kg;kaju rate in goa;kaju rate in india;kaju rate in mumbai;kaju rate in nagpur;kaju rate in pune;kaju rate in thane;kaju tukda price;kaju tukda price in jaipur;kaju wholesale price;kaju wholesale rate in pune;large cashew nut;large cashew nuts price;premium cashew;premium cashew nut;premium cashew nut price;premium cashew nuts;premium cashews;Premium Cashews online;premium kaju;Premium kaju online;premium packaging of cashew nut;Premium Quality cashew;Premium Quality kaju;raw cashew w180;Raw White Cashew W180;super big size cashews;Unroasted Jumbo Size Cashews W180 Grade;vegan casew;vegan cashew;Vegan Diet;vegan kaju;vegan nuts;W 180 cashew;w 180 cashew nuts meaning in tamil;w 180 cashew pieces per kg;W 180 Cashews Grade;w 180 cashews in bangalore;w 180 is the king of cashew;w180 cashew;w180 cashew means;w180 cashew nut;W180 Cashew Nut Kaju;w180 cashew nuts;w180 cashew nuts online sale;w180 cashew online;w180 cashew price;w180 cashew price 1kg;w180 cashew price 500 gms;w180 cashew price in bangalore;w180 cashew price in india;w180 cashew suppliers;w180 cashew wholesale price;w180 cashews in bangalore;w180 kaju;w180 kaju buy online;W180 काजू;where to buy cashew in goa;whole cashew nut w180;Whole Cashew Nuts;Whole CashewNut;wholesale of cashew nut w180 in india;zantey's w180 cashew nuts online sale;zantya;zantye cashew;zantye cashew goa online;జీడిపప్పు;ಗೋಡಂಬಿ
broken-cashew-kaju-tukda,ACTIVE,Cashew Nuts,Premium Kaju Tukda Online – Broken Cashew Pieces,48,Kaju Tukda Online – Premium Cashew Nut Broken,45,"Enjoy premium Kaju Tukda online, perfect for snacking, cooking, or sweets. Fresh, crunchy broken cashew pieces delivered straight to your kitchen.",146,1218,2,500.0,950.0,201,50 gm cashew nuts price;Allergic with Cashew Nut;Allergy Cashew Nut;Benefit of Cashew nut;Benefits of Cashew nut;best cashew nuts in goa;broken cashew;broken cashew 1kg;broken cashew nut;broken cashew nuts;broken cashew nuts online;broken cashew nuts online cheap;broken cashew nuts price;broken cashew online;broken cashew piece;broken cashew pieces;broken cashew price;broken cashews;broken cashews buy online;broken kaju;buy broken cashew;buy broken cashew online;buy cashew nuts and badam in hyderabad;Buy cashew nuts online;Buy Cashew Nuts Online big;buy cashew nuts online india;buy cashew tukda;buy kaju tukda;buy kaju tukda online;buy nuts online;cashew;cashew 4 tukda;cashew broken;cashew broken online;cashew kernel broken;Cashew Nut Broken;Cashew Nut Broken Kaju Tukda;cashew nut broken tukda;cashew nut brokens;Cashew nut during Pregnancy;Cashew nut in Pregnancy;Cashew Nut tukda;Cashew nut Your Vegan Diet;cashew nuts for gravvy;cashew nuts online;cashew online;cashew price for tukda;cashew tukda;Chasew Nut Pieces;chura cashew;chura cashew nut;chura kaju;gravies with kaju;kaju;kaju 2 tukda in hindi;kaju 4 piece price;kaju 4 tukda;kaju 4 tukda online price;kaju 4 tukda price;kaju 4 tukda price 250 gm;kaju 4 tukda price per;kaju 4 tukda price per kg;kaju 4 tukda prices;Kaju Broken;kaju chura price;Kaju curry kaju tukda;Kaju Ka Tukda;kaju kani;Kaju katli;kaju malai tukda;Kaju masala Kaju tukda;kaju price;kaju price 1kg;Kaju Tukda;kaju tukda 1 kg;kaju tukda 200 gm;Kaju Tukda 4 Pieces;kaju tukda 500 gm;kaju tukda amazon;kaju tukda bigbasket;kaju tukda broken cashews;kaju tukda broken cashews benefits;Kaju Tukda Cashew Nut Broken;kaju tukda flipkart;kaju tukda for prasad;kaju tukda for pregnancy;kaju tukda goa;Kaju Tukda gravy;kaju tukda groffer;kaju tukda hsn code;kaju tukda in english;kaju tukda in hindi;Kaju Tukda Online;Kaju Tukda Price;kaju tukda price 1 kg;kaju tukda price big bazzar delhi;kaju tukda price in ahmedabad;kaju tukda price in bangalore;kaju tukda price in bhopal;kaju tukda price in chennai;kaju tukda price in delhi;kaju tukda price in goa;kaju tukda price in gurgaon;kaju tukda price in hyderabad;kaju tukda price in indore;kaju tukda price in jaipur;kaju tukda price in kerala;kaju tukda price in kolkata;Kaju Tukda Price In Mumbai;kaju tukda price in nashik;kaju tukda price in pune;kaju tukda price in vashi market;kaju tukda price per kg;kaju tukda rate;kaju tukda rate in goa;Kaju Tukda Tukda;kaju tukda wholesale price;kaju tukda wholesale price in pune;kaju tukda wholesale rate;Kaju Tukda(4 Pieces);Kaju Tukdi;kaju tukdi price;masala kaju online;medium sizes Kaju Tukda;nuts online;price of kaju tukda 4 faar;price of tukda kaju;Those with Allergic with Cashew Nut;tukda cashew;tukda kaju;tukda kaju per kg price in mumbai;tukda kaju rate;tukda kaju supplier in mumbai;tukda kaju supplier in vadodara;unsalted broken cashews online;vashi apmc market rates kaju tukda;Vegan Diet Cashew nut;काजू टुकड़ा;काजू टुकड़ा for gravvy
cashew-with-skin,ACTIVE,nut,Cashew With Skin - Buy Raw Chilka Kaju Online | Goa & Konkan Farms | Natural,76,Buy Cashew With Skin Online - Chilka Kaju | Goa & Konkan Farms | AlphonsoMango.in,81,"Buy cashew with skin (Chilka Kaju) online from Goa & Konkan farms. Higher antioxidants, 4g fibre, minimal processing. Healthier than peeled cashews. 17g protein, low GI. Vacuum-packed natural kaju. Free pan-India delivery. Best for health, cooking & snacking at AlphonsoMango.in.",279,1170,3,345.0,1285.0,324,1 kg kaju price in goa;1 kg kaju with skin price in goa 2021;1 kg kaju with skin price in goa 2022;10 cashews in grams;50 gm cashew nuts;50 gm cashew nuts price;are nuts good for your skin;benefits of cashew nuts for skin;best cashew brand in goa;best cashew feni brand in goa;best cashew feni brands in goa;best cashew in goa;best cashew nuts;best cashew nuts in goa;best cashew shop in goa;best kaju in goa;best kaju in india;best kaju nuts in goa;best kaju shop in goa;best place to buy cashews in goa;best quality kaju in india;buy cashew in goa;Buy Cashew Nut with skin;buy cashew nuts;buy cashew online;Buy Cashew with skin;buy cashews;Buy goa Cashew;Buy Goa Cashew Nut with skin;buy goa cashew online;Buy goa Cashew with skin;Buy goa kaju with skin;Buy kaju with skin;can cashew allergy go away;can cashew nut skin be eaten;can cashew nuts be bad for you;can you use salted cashews for cashew cream;Cashew;cashew benefits for skin;Cashew chilta;cashew chocolate goa;cashew company in goa;cashew cost in goa;cashew cultivation in goa;cashew garden in goa;cashew goa;cashew goa price;cashew goa products;cashew in goa;cashew in goa price;cashew kaju with skin;cashew manufacturers in goa;cashew market in goa;cashew nut and skin;cashew nut drink goa;cashew nut effects on skin;cashew nut factory in goa;Cashew Nut For Glowing Skin;cashew nut for skin;cashew nut for skin whitening;cashew nut oil for skin tag;cashew nut oil in skin care;cashew nut oil skin lightening;cashew nut on skin;cashew nut on the skin;cashew nut online shopping;cashew nut price in goa;cashew nut price in goa per kg 2021;cashew nut rate in goa;Cashew nut skin;cashew nut skin benefits;cashew nut skin can eat;cashew nut skin care benefits;cashew nut skin edible;cashew nut skin price;cashew nut with skin;cashew nuts clear skin;cashew nuts for dry skin;cashew nuts for fair skin;Cashew Nuts For Skin;cashew nuts for skin and hair;cashew nuts on skin and hair;Cashew Nuts With Skin;cashew nuts with skin benefits;cashew online;cashew price 1kg;cashew price goa;cashew price in goa;cashew price in goa per kg;cashew rate in goa;cashew varieties in goa;cashew with skin;cashew with skin online;cashews from goa;cheapest kaju in goa;Chilka wala cashew;Chilka wala Kaju;Chilka wale Kaju;chilkawala kaju;chilkawala kaju online;Chilkewala Kaju;cost of cashew nuts;cost of kaju in goa;desai cashew goa;gai kajus;goa bagayatdar cashew rate today;goa best kaju shop;goa cashew;goa cashew & dry fruits;goa cashew and coconut festival;goa cashew dealers;goa cashew drink;goa cashew farm;goa cashew manufacturers association;goa cashew nut;goa cashew nuts;goa cashew nuts buy online;goa cashew nuts online;goa cashew nuts wholesale market;goa cashew nuts with skin;goa cashew online;goa cashew plantation;goa cashew rate;goa cashew shop;goa cashew suppliers;goa cashew wholesale;goa cashew with skin;goa cashews;goa famous cashew;goa famous cashew brand;goa kaju;goa kaju market;goa kaju near me;goa kaju online;Goa Kaju Price 1 kg;goa kaju price 1kg;goa kaju purchase online;goa kaju shop;goa kaju wholesale market;Goa Kaju With Skin;goa kajuwala jaipur online shopping;goa kajuwala online;goa roasted cashew;goa special;goa special items;Goa Special Kaju;goan cashew;Goan cashew nut;goan cashew nut curry;goan cashew nut price;Goan Cashew Nuts;goan cashew nuts cost;goan cashew nuts online;goan cashew with skin;goan kaju;goingnuts;how cashew kaju made;how cashew made;how cashew nuts grow;how many cashews in 1 kg;how many kaju in 1 kg;how much cashew a day;how to make salted cashews unsalted;how to remove cashew skin;how to remove cashew skin at home;how to remove skin from cashews;how to remove skin of cashew nuts at home;how to soften cashew nuts;how to treat a cashew allergy;is cashew cheap in goa;is goa famous for cashew;is it safe to eat cashew skin;kaju daru;kaju factory in goa;kaju ki dukan in goa;kaju online shopping;kaju pine;kaju price;kaju price in goa;kaju rate in goa;kaju shop in goa;kaju wholesale price in goa;kaju with skin;kajuwith skin;kankawali kaju;kokan gem goa cashew;natural cashew;organic cashew goa;original goan Cashew nut;Original Goan Natural Cashew with Skin Goa Special Kaju;premium kaju in goa;raw cashew goa;roasted cashew nut with skin;Roasted cashew nuts;roasted cashew nuts with skin;roasted cashew with skin;royal cashew goa;salted cashew nuts with skin;Salwale Kaju;shree krishna cashew goa;sindhudurga cashew;sindudurga kaju;types of cashew nuts in goa;vietnam cashew nuts with skin;vijaydurga cashew;vijaydurga kaju;when to eat cashew nuts;where cashew grow;where cashew grow in india;where is cashew grown;where to buy cashew in goa;which nuts good for skin;wholesale cashew nut suppliers in goa;wholesale cashew nuts in goa;why cashew is cheap in goa;why cashew is costly;why cashew is famous in goa;why cashew nuts are expensive;why kaju is costly;why kaju is famous in goa;will cashew increase weight;will cashew nuts increase weight;Zantye;zantye cashew;zantye cashew goa;zantye cashew goa online;zantye cashew goa panjim;zantye cashew nuts goa;zantye kaju;zantye kaju goa
masala-cashew,ACTIVE,Cashew Nuts,Masala Cashew Nuts - Buy Spicy Roasted Kaju Online | Konkan Farms,65,Buy Masala Cashew Nuts Online - Spicy Roasted Kaju | Konkan Farms | AlphonsoMango.in,84,"Buy masala cashew nuts online - spicy oven-roasted kaju from Konkan farms. Kashmiri chilli, chaat masala, amchur coating. 16g protein, gluten-free, preservative-free. Healthier than chips. Free pan-India delivery. Perfect for gifting & snacking. Order at AlphonsoMango.in.",272,1085,2,350.0,1350.0,588,best chakna with whiskey;butter masala kaju;buy cashew masala;buy masala cahsew;buy masala cashew near me;Buy Masala Cashew Nut;buy masala cashew nut online;buy Masala Cashew Nuts;buy Masala Cashew Nuts near me;buy masala cashew online;buy masala cashewnut online;buy masala kaju;buy masala kaju near me;buy masala kaju near me online;buy masala kaju online;cashew kg price;cashew masala;Cashew masala calories;cashew masala goan;cashew masala near me;Cashew Masala Pack;Cashew Masala Red Chilli Kaju Whole;cashew masala tikha;cashew nut masala near me;chakna dish;Chakna Recipe;chakna with beer;chilli masala cashew nut;chilly masala cashew nuts;Crispy Kaju namkeen;daru with chakna;ghee chilly masala cashew;goan cashew masala;goan Cashew nut;haldiram cashew;haldiram fried kaju;haldiram kaju;haldiram kaju price;haldiram masala kaju;haldiram roasted & masala cashew;haldiram roasted kaju;haldiram roasted kaju price;haldiram roasted masala cashew nuts;haldiram salted kaju;haldiram salted kaju 100g;haldiram salted kaju price;haldiram salted kaju price per kg;haldiram's salted kaju;haldirams salted kaju 35g;how to make roasted masala cashew nuts;how to make roasted masala kaju;jain kaju masala recipe;kaju;kaju haldiram;kaju masala;kaju masala calories;kaju masala near me;kaju masala rate;Kaju Namak Pare;Kaju Namkeen;Kaju Online;kaju with Roasted masala;konkan Cashew nut;Masala Cashew;Masala Cashew Calories;masala cashew near me;Masala Cashew Nut;Masala Cashew Nut as Chakna;masala cashew nut near me;Masala Cashew nuts;Masala cashew nuts for Chakna;Masala Cashew Nuts near me;Masala Cashew Nuts Online;masala cashew price;masala cashew rate;masala cashews;masala cashews roasted;masala cashews roasted 1kg;masala cashews roasted 500gm;Masala Kaju;Masala kaju as Chakna;Masala kaju calories;Masala kaju Chakna;Masala kaju for Chakna;masala kaju haldiram;masala kaju haldiram rate;Masala Kaju Namkeen;masala kaju near me;Masala Kaju Online;masala kaju online buy;masala kaju price;masala kaju price in goa;masala kaju rate;Masala Kaju Spicy;Masala Roasted Kaju;Masala salted Kaju Namkeen;masama kaju haldiram;original goan Cashew nut;peri peri cashew;peri peri kaju;Premium Crunchy Kaju;roasted cashew with masala recipe;roasted kaju cashew masala;roasted kaju masala;roasted masala cashew nuts;Roasted Masala Kaju;spicy cashew;spicy cashew nut;spicy cashews;spicy kaju;spicy kaju online;tangu cashew nut;Tikha Kaju;tikhha kaju;W320 Grade;काजू;खस्ता काजू नमकीन;खारे काजू;खुशखुशीत खारे काजू;नमक काजू;भुना हुआ काजू;रोस्टेड काजू
roasted-cashew-nut,ACTIVE,Cashew Nuts,Roasted Cashew Nuts - Buy Plain Roasted Kaju Online | No Oil | Konkan Farms,75,Buy Roasted Cashew Nuts Online - Plain Dry Roasted Kaju | No Oil | AlphonsoMango.in,83,"Buy plain dry roasted cashew nuts online from Konkan farms. Zero oil, no salt, no additives. Enhanced protein bioavailability (17g/100g), low GI 22. Healthier than raw. Vacuum-packed crispy kaju. Free pan-India delivery. Perfect gym snack. Order at AlphonsoMango.in.",266,1088,2,380.0,1450.0,229,Bhajlele Kaju;Cashew Nut Roasted;cashew rate in goa;how to make roasted cashew nuts at home;how to roast cashew nuts;how to roast cashews;Roasted Cashew;Roasted Cashew Nut;Roasted Cashew Nut Benefits;Roasted Cashew Nut Buy Online;Roasted Cashew Nut Nutrition;roasted cashew nuts;roasted cashew nuts nutrition facts;roasted cashew nuts online;roasted cashews;Roasted Kaju;roasted kaju masala
salted-cashew-nuts,ACTIVE,Cashew Nuts,Salted Cashew Nuts - Buy Khara Kaju Online | Himalayan Salt | Konkan Farms,74,Buy Salted Cashew Nuts Online - Khara Kaju | Himalayan Salt | AlphonsoMango.in,78,"Buy salted cashew nuts (Khara Kaju) online from Konkan farms. Lightly roasted, Himalayan pink salt seasoned, 16g protein, low GI 22. Healthier than chips. Gluten-free, preservative-free. Free pan-India delivery. Perfect snack for everyday munching. Order at AlphonsoMango.in.",275,1043,3,380.0,1390.0,338,aldi roasted salted cashew nuts;Allergic with Roasted Salty Cashew Nut;best place to buy salted cashews;best salted cashews online;buy bulk salted cashews;buy haldiram kaju;buy jumbo roasted salted cashews;buy khara kaju;buy khare kaju;buy online salted cashew nut;buy online salted cashew nuts;buy salted cashew;buy salted cashew kaju nuts;buy salted cashew nut;buy salted cashew nuts near me;buy salted cashewnuts;buy salted cashews;buy salted cashews online;buy salted kaju near me;buy salted kaju nuts;buy salted kaju online;buy salty kaju;cashew nut salted;cashew nut salty;cashew nuts salted;cashew salted;chakhna item;chakhna shot kaju;Chakna item;chakna kaju;haldiram kaju mixture;haldiram khara kaju;haldiram salted kaju;haldiram salted kaju 100g;haldiram salted kaju price per kg;haldiram's salted kaju;haldirams salted kaju 35g;happilo cashews salted;happilo premium toasted and salted cashews;happilo roasted cashews salted 35 gm pack of 24;happilo salted cashews;Health Benefits of Salted Cashew Nuts;Health Benefits of Salted cashewnuts;Health Benefits of Salted Kaju;how to make roasted salted kaju;how to make salted kaju;how to make salted kaju at home;how to make salted kaju in microwave;indian snacks salted kaju;kaju chakna;kaju salted;Khara cashew;Khara cashew kaju;Khara Kaju;Khara kaju cashew;khara kaju chakna;Khara Kajus;khare kaju;make salted kaju;online salted cashew;online salted cashew nuts;online salted cashews;order online salted cashew nuts;Roasted And Salted Cashew Nuts 500g;roasted and salted cashews;roasted kaju price 1 kg;roasted salted cashew;roasted salted cashews;roasted salted kaju;roasted salted kaju online;Roasted Salty Cashew Nut;sales online salted cashew nuts;salted cashew;Salted cashew benefits;salted cashew kaju;Salted cashew Nut;Salted Cashew nut during Pregnancy;Salted Cashew Nuts;salted cashew nuts 1kg;Salted Cashew Nuts Benefits;Salted cashew nuts healthy;Salted Cashew Nuts Nutrition;Salted Cashew Nuts Nutrition Facts;Salted Cashew Nuts Online;Salted Cashew Nuts Price;salted cashew nuts price in india;salted cashew online price;salted cashew price;salted cashew price 500 gm;salted cashew price per kg;salted cashewnut;salted cashewnuts;salted cashews;salted cashews near me;salted cashews online;salted dry fruits;salted dryfruit;salted fried cashew;salted fried kaju;salted goan cashew;salted goan kaju;Salted Kaju;salted kaju buy;salted kaju hsn code;salted kaju in ahmedabad;salted kaju in bangalore;salted kaju in delhi;salted kaju in dombivli;salted kaju in goa;salted kaju in gurgaon;salted kaju in gurugram;salted kaju in kolkata;salted kaju in mumbai;salted kaju in surat;salted kaju in thane;salted kaju near me;salted kaju online;salted kaju price;salted kaju price per kg;salted kaju rate;salted kaju rate online;salted kaju recipe;salted kaju recipe in hindi;salteed kaju price;salty cashew;Salty Cashew Nut;Salty Cashew Nut Recipe;salty cashew nuts online;Salty CashewNut;Salty CashewNuts;salty kaju;Salty Kaju near me;shop online salted cashew nuts;Vegan delight;Vegan salty kaju;नमकीन काजू
cashew-nut-split,ACTIVE,Cashew Nuts,Cashew Nut Split - Buy Fresh Kaju Tukda Online | Budget Cooking Cashews | Konkan,80,Buy Cashew Nut Split Online - Kaju Tukda | Budget Cooking Cashews | AlphonsoMango.in,84,"Buy cashew nut split (Kaju Tukda) online from Konkan farms. Same nutrition as whole cashews, 25-30% cheaper. Perfect for kaju katli, korma, biryani, sweets. 16.5g protein, low GI. Vacuum-packed freshness. Free pan-India delivery. Bulk HORECA pricing at AlphonsoMango.in.",270,1091,2,250.0,490.0,79,50 gm splits cashew price;aldi cashews halves and pieces;buy cashew;buy cashew 2 tukda;buy cashew halves;buy kaju 2 tukda;buy kaju halves;buy kaju pakli;buy pakli kaju;Buy Split Cashew Nut;cashew 2 tukda;cashew broken;cashew fada;cashew halves;cashew halves and pieces bulk;cashew kernels 2 pieces split;Cashew Milk SPlit;cashew nut 2 tukda;cashew nut split;cashew nut split price;cashew nuts 2 tukda;Cashew nuts halved;cashew nuts split;cashew pakali;Cashew Split;cashew split 500 500;Cashew Split Benefits;cashew split in telugu;Cashew Split Kaju;Cashew Split Nuts;cashew-split 2 tukda;cashew-split 2pc;cashews split kaju;foodworld split cashews;fudco cashew nuts splits 250g;Health Benefits of Kaju;how do they split cashews;how to prevent splits in cashew;how to split cashews;jh split cashew nut;jidipappu split;kaju 2 tukda;kaju cashews split;kaju fada;kaju halves;kaju pakali;KAJU PAKLI;Kaju SPlit;kaju tukda 500 gram low price;kaju tukda dry fruit;kaju tukda vegan;pakli cashew;pakli kaju;planters halves and pieces cashews 14oz;popular essentials split cashew;popular essentials split cashew 1kg;roasted split cashew nuts;Split Cahsew;split cashew;split cashew benefits;Split Cashew Butter;split cashew in kannada words;Split Cashew Nut;Split Cashew Nutrition Facts;Split Cashew Nuts;split cashew nuts 1 kg packet;split cashew nuts 100 grams;split cashew nuts 1kg;split cashew nuts 1kg offers low price;split cashew nuts 200 grams;split cashew nuts 250 grams;split cashew nuts 500 grams;split cashew nuts 500 grams offers;split cashew nuts pantry;Split Cashew Nuts Price;split cashew nuts rate;split cashew price;split cashew price in india;split cashew wholesale price;split cashewer in tamil meaning;Split Kaju;split kajus;split pea cashew;splits cashew;splits cashew nut trade india;superior nut salted cashew halves 8 oz 12 ct;superior nut salted split cashew 8 oz 12 ct;wholesale split cashew nuts rate in india;జీడిపప్పు స్ప్లిట్
amba-wadi-mango-barfi,ACTIVE,Amba Wadi,Buy Amba Wadi Online | Mango Barfi Online,41,Buy Amba Wadi | Mango Burfi ,28,Buy Amba Wadi Online with traditional taste from ethnic Konkan. Mango Burfi or mango vadi. Delicious wadi prepared with Pure Ratnagiri Alphonso Mango Pulp.,155,1310,1,200.0,200.0,0,Aam Barfi;aam burfi;Aam Ki Barfi;Aam Wadi;Amba Barfi;amba barfi chitale;amba barfi chitalenchi;amba burfi;amba mango mithai;amba mithai;amba sweets;amba sweets pune;Amba Wadi;barfi online;buy amba barfi;buy amba burfi;buy barfi;buy burfi;buy mango barfi;Buy mango barfi online;buy mango burfi;buy mango burfi online;buy mango online;chitale amba barfi;chitale amba barfi recipe in marathi;chitale amba burfi;chitale bandhu mango;chitale bandhu mango barfi;chitale bandhu mango burfi;chitale bandhu mango burfi price;chitale bandhu mango burfi recipe;chitale bandhu mangoes;chitale ki amba barfi;chitale ki amba burfi;chitale ki mango barfi;chitale ki mango burfi;chitale mango barfi;chitale mango burfi;coconut mango burfi;how to make mango burfi;how to prepare mango burfi;khoya barfi price;Mango Barfi;mango barfi online;mango barfi order;mango barfi price;mango barfi rate;mango barfi recipe;mango burfi;mango burfi online;mango burfi recipe;mango khoya barfi recipe;mango ki barfi;mango ki burfi;mango ki mithai;mango malai barfi;mango mawa barfi recipe;mango mithai;mango sweets;mango sweets pune;mango vadi;Mango Wadi;online mango barfi shopping mumbai;order chitale mithai online;send mango barfi to usa from;send mango barfito usa from pune
godambi-marking-nut,ACTIVE,Edible Seeds,Godambi - Marking Nut,21,Godambi in English: Marking Nut | Ker Beeja,43,Godambi (Ker Beeja) — farm-fresh traditional superfood with proven uses & benefits. FSSAI-certified. Shop now at AlphonsoMango.in.,130,1170,4,545.0,8250.0,326,Aginimukhi;Alakkueeru;Allergic to Godambi Seeds;arutkaram;Baladur;Bela;Beladin;Belatak;Bhallaathaki;Bhallataka;Bhel;bhela;bhilamo;Bhilanvana;Bhilava;Bhilawa;Bhilawa Magaj;bhilawa seed;bhilawa seeds;Bhilawa Seeds Magaj Kernel;bhilawa seeds online;Bhillataka;Bibba;bibba online;bibbaa;Bibha;Bibo;Bibwa;Biladur;buy godambi;buy godambi near me;Buy Godambi Online;buy keer seeds online;buy marking nut;Buy Marking Nut online;buy marking nuts;Buy online godambi;Buy Online Semecarpus Anacardium;Buy Semecarpus Anacardium;Buy Semecarpus Anacardium Online;Cashew Nut Cousine;cenkottai;ceraankottai;Cerkkotta;Chera;chilgoza;dhobi nut tree;geeru beej;geru beej;godambee;godambee marking nut leeve dryfruits;Godambi;godambi 100;godambi 100 gram;godambi 1kg;godambi 1kg offers low price;Godambi a Vegan Diet;godambi benefit;Godambi benefits;Godambi Dry fruit;godambi dry fruit benefits;Godambi dry fruit in english;godambi dry fruits;godambi dry fruits 1 kg;godambi dry fruits 100;godambi dry fruits 1kg;godambi dry fruits 500;godambi dry fruits low price;Godambi during Pregnancy;Godambi for blood pressure;Godambi for respiration cancer;Godambi for Skin problems;godambi ke fayde;Godambi Marking Nut;godambi online;godambi rate;godambi seeds;Godambi seeds for Diabetes;Godambi Uses;godambi vegan dite;Godambii;Gudde Geer;Gudde Geeru;gudova;Hab el Kalb;Ink Nuts;Jeedi;keer beej dry fruit;keer bej;ker beej;ker beej fruit;ker beej online;ker beej seeds;ker beeja;ker bej;Kernel of Bhilawa Seed;Marking nut;Marking Nut Allergy;Marking Nut benefits;Marking Nut during Pregnancy;Marking Nuts;marking nuts for Diabetes;semecarpus;Semecarpus anacardium;Semecarpus Anacardium Seed;shengotta;Simidi;Vegan diet;vegan substitute for eggs;vegan substitute for fish.;vegan substitute for meat;What is Godambi;What is Marking Nut;When to eat Godambi (Marking nuts) in the morning or evening?;अग्निमुख;गोडंबी;गोडांबी;बिबा;भलायो;भल्लतक;भल्लातक;ಕಾಡು ಗೇರು;ಗುಡ್ಡೆ ಗೇರು ಬೀಜ
chia-seeds,ACTIVE,Edible Seeds,Buy Chia Seeds Online Healthy diet Superfood,44,Buy Chia Seeds for Weight Loss | Fast Delivery in India,55,Order FSSAI-certified chia seeds. In stock now. ₹140-₹450. Express 24-48 hr shipping across India with a damage replacement guarantee. fast delivery in India,157,1624,3,140.0,2250.0,385,are chia seeds expensive;are chia seeds worth it;benefits of chia seeds;best chia seeds brand to buy;best chia seeds to buy;best organic chia seeds to buy;black chia seeds buy;black chia seeds buy online;brands of chia seeds;buy a chia seeds;buy bulk chia seeds online;buy chia pet seeds;buy chia seed;buy chia seed jam;buy chia seed online;buy chia seed pudding;buy chia seeds;buy chia seeds aldi;buy chia seeds amazon;buy chia seeds asda;buy chia seeds at walmart;buy chia seeds bulk;buy chia seeds bulk uk;buy chia seeds canada;buy chia seeds cheap;buy chia seeds coles;buy chia seeds edmonton;buy chia seeds europe;buy chia seeds for birds;buy chia seeds for planting;buy chia seeds for weight loss;buy chia seeds holland and barrett;buy chia seeds hong kong;buy chia seeds in ahmedabad;buy chia seeds in bangalore;buy chia seeds in chennai;buy chia seeds in delhi;buy chia seeds in ghana;buy chia seeds in hyderabad;buy chia seeds in kolkata;buy chia seeds in korea;buy chia seeds in mumbai;buy chia seeds in nepal;buy chia seeds in nigeria;buy chia seeds in saudi;buy chia seeds in sri lanka;buy chia seeds in surat;buy chia seeds in uae;buy chia seeds india;buy chia seeds ireland;buy chia seeds lidl;buy chia seeds montreal;buy chia seeds morrisons;buy chia seeds near me;buy chia seeds online;buy chia seeds online canada;buy chia seeds online in india;buy chia seeds online in pakistan;buy chia seeds online malaysia;buy chia seeds online near me;buy chia seeds online pakistan;buy chia seeds online uk;buy chia seeds online usa;buy chia seeds pakistan;buy chia seeds singapore;buy chia seeds south africa;buy chia seeds tesco;buy chia seeds to plant;buy chia seeds uk;buy chia seeds walmart;buy chia seeds wholesale;buy chia seeds woolworths;buy chiaseed;buy chiaseeds;buy chiaseeds online;buy online chia seeds in bangalore;buy online chia seeds in chennai;buy online chia seeds in delhi;buy online chia seeds in hyderabad;buy online chia seeds in india;buy online chia seeds in kolkata;buy online chia seeds in mumbai;buy organic black chia seeds online;buy organic chia seeds;buy organic chia seeds in bulk;buy organic chia seeds online;buy organic chia seeds online india;can chia seeds cause problems;can i buy chia seeds at the grocery store;can i buy chia seeds with ebt;can you buy chia seeds at kroger;can you buy chia seeds at the grocery store;can you buy chia seeds at walmart;can you buy chia seeds at woolworths;can you buy chia seeds in aldi;can you buy chia seeds with food stamps;Chia Seeds;chia seeds benefits;chia seeds best by date;chia seeds buy in sri lanka;chia seeds buy melbourne;chia seeds buy near me;chia seeds buy online;chia seeds buy online in india;chia seeds buy online in pakistan;chia seeds buy uk;chia seeds for diabetes;Chia Seeds for Snacks;chia seeds get from which plant;chia seeds in kannada;chia seeds in marathi;chia seeds in price;chia seeds malaysia where to buy;Chia Seeds Nutrition;chia seeds vs black chia seeds;chia seeds where can i buy them;chia seeds where to buy them;ChiaSeeds;Chiaseeds Benefits;chiaseeds online;does coop sell chia seeds;does costco have chia seeds;find chia seeds in grocery store;from where can i buy chia seeds;from where to buy chia seeds;Healthy substitute;Healthy Vegan diet;how can i buy chia seeds;how long before you see results from chia seeds;how many chia seeds a day;how many times chia seeds per day;how much chia seeds;how much chia seeds for constipation;how much chia seeds for weight loss;how much chia seeds in oatmeal;how much chia seeds in overnight oats;how much chia seeds in smoothie;how much chia seeds in water;how much chia seeds per day;how much chia seeds per day to lose weight;how much chia seeds per week;how much chia seeds should be consumed in a day;how much chia seeds should you eat a day;how often should chia seeds be consumed;how to buy chia coin in india;how to buy chia cryptocurrency in india;how to buy chia seeds;how to buy chia seeds in sri lanka;how to get the benefits of chia seeds;is chia seeds available in india;is it worth buying organic chia seeds;is there a limit on chia seeds;looking to buy chia seeds;online buy chia seeds;places to buy chia seeds;should i buy ground chia seeds;should i buy organic chia seeds;should you buy chia seeds organic;the best chia seeds to buy;to buy chia seeds;what chia seeds should i buy;what chia seeds to buy;what is the best chia seeds to buy;when should chia seeds be consumed;when should chia seeds be taken;when to take chia seeds;when to take chia seeds for weight loss;when to use chia seeds for weight loss;where buy chia seeds;where can buy chia seeds;where can i buy chia seeds;where can i buy chia seeds for weight loss;where can i buy chia seeds from;where can i buy chia seeds in;where can i buy chia seeds in bulk;where can i buy chia seeds in dubai;where can i buy chia seeds in nepal;where can i buy chia seeds in south africa;where can i buy chia seeds in sri lanka;where can i buy chia seeds near me;where can i buy chia seeds online;where can i buy chia seeds uk;where can i buy organic chia seeds;where can i buy organic chiaseeds;where can u buy chia seeds;where can you buy chia seeds;where can you buy chia seeds from;where do i buy chia seeds;where do you buy chia seeds in the grocery store;where find chia seeds in grocery store;where i can buy chia seeds;where is buy chia seeds;where is the best place to buy chia seeds;where to buy cheap chia seeds;where to buy chia seed jelly;where to buy chia seeds;where to buy chia seeds bacolod;where to buy chia seeds bulk;where to buy chia seeds cheap;where to buy chia seeds for weight loss;where to buy chia seeds from;where to buy chia seeds health benefits;where to buy chia seeds in bangalore;where to buy chia seeds in canada;where to buy chia seeds in delhi;where to buy chia seeds in gauteng;where to buy chia seeds in hyderabad;where to buy chia seeds in indore;where to buy chia seeds in japan;where to buy chia seeds in johannesburg;where to buy chia seeds in jordan;where to buy chia seeds in kenya;where to buy chia seeds in kolkata;where to buy chia seeds in lagos;where to buy chia seeds in manila;where to buy chia seeds in mumbai;where to buy chia seeds in nairobi;where to buy chia seeds in nepal;where to buy chia seeds in pretoria;where to buy chia seeds in pune;where to buy chia seeds in store;where to buy chia seeds in thane;where to buy chia seeds in zimbabwe;where to buy chia seeds kroger;where to buy chia seeds locally;where to buy chia seeds locally in kenya;where to buy chia seeds manila;where to buy chia seeds nz;where to buy chia seeds online;where to buy chia seeds organic;where to buy chia seeds ottawa;where to buy chia seeds philippines;where to buy chia seeds supermarket philippines;where to buy chia seeds to eat;where to buy chia seeds u;where to buy chia seeds uae;where to buy chia seeds weight loss;where to buy chiaseeds;where to find chia seeds in grocery store;where to sell chia seeds in india;where we can buy chia seeds;which brand chia seed is best;which brand chia seed is good;which brand of chia seeds is best in india;why are chia seeds expensive;why buy chia seeds;why use chia seeds;will store bought chia seeds grow;चिया बीज;चिया सिड्स
flax-seeds,ACTIVE,Edible Seeds,FlaxSeed Buy Online,19,Buy Dry Flax Seeds Online for a Healthy Lifestyle,49,"Buy dry flax seeds online in India. A powerful vegan superfood packed with fiber, protein, and nutrients, perfect for energy, digestion, and overall health.",156,1918,2,180.0,350.0,200,Allergic to Flax Seeds;Allergic to FlaxSeeds;best flax seeds to buy;best flaxseed to buy;bulk flax seed near me;buy flax seed in india;buy flax seeds;buy flax seeds 1kg;buy flax seeds asda;buy flax seeds online india;buy flax seeds tesco;buy flaxseed in bulk;buy flaxseed meal;buy flaxseed uk;buy fresh flax seeds nz;buy organic flaxseed;Does Flaxseed have amino acids;Flax seed;Flax Seed a Vegan Diet;Flax Seed Benefits for Weight Loss;Flax Seed during Pregnancy;Flax Seed for Weight Loss;flax seed near me;Flax Seed protein;Flax Seed Recipe;flax seed shop near me;Flax Seed Vegan Diet;Flax Seed with fatty Acid Omega 3;flax seeds;flax seeds buy online;flax seeds near me;flax seeds price;flaxseed;flaxseed benefit;flaxseed benefits;Flaxseed benefits for cancer;FlaxSeed Benefits for Weight Loss;FlaxSeed Buy Online;flaxseed during pregnancy;flaxseed for hair;Flaxseed for Postmenopausal women;FlaxSeed for Weight Loss;flaxseed how to eat;flaxseed in bengali;flaxseed in marathi;flaxseed in weight loss;flaxseed near me;flaxseed nutrition;flaxseed nutrition facts;flaxseed nutritions;flaxseeds;flaxseeds buy online;from where i can buy flax seeds;How much Flax seeds per day;How much Flaxseeds per day;musumusukkai powder;musumusukkai powder benefits;Product Specification flax seeds;Product Specification flaxseeds;roasted flax seeds buy online;Seed during Pregnancy;stores that have flax seeds near me;Tryptophan;where can i buy flaxseed;where can i buy flaxseed in bulk;where can i buy flaxseed meal near me;where can i buy flaxseed near me;where to buy flax seed near me;where to buy flax seeds in mumbai;where to buy flaxseed;where to buy flaxseed near me;which is the best flaxseed to buy;whole flax seeds near me;whole flaxseed near me
pumpkin-seeds,ACTIVE,Edible Seeds,"Roasted Pumpkin Seeds: A Crunchy, Nutritious Delight",52,Buy Roasted Pumpkin Seed Online,31,"Buy Roasted Pumpkin Seed Online, कद्दू के बीज, from our range of seeds a nutritious super energy & immunity booster food, rich snacks for your body cravings.",157,1829,3,200.0,750.0,376,Buy Pumpkin Seeds;Buy Pumpkin Seeds Online;Buy Pumpkin Seeds Online India;Buy Roasted Pumpkin Seeds;Edible Seeds;Hulled Pumpkin Seeds;Indian Pumpkin Seeds;Kaddu ke Beej;Pepitas;Pumpkin Seed;Pumpkin Seeds;Pumpkin Seeds 1kg;Pumpkin Seeds Bangalore;Pumpkin Seeds Hyderabad;Pumpkin Seeds Mumbai;Pumpkin Seeds Online;Pumpkin Seeds Price;Pumpkin Seeds Pune;Roasted Pumpkin Seed;Roasted Pumpkin Seeds;Roasted Pumpkin Seeds Online;कद्दू के बीज
quinoa-seeds,ACTIVE,Nuts & Seeds,Quinoa Seeds Buy Online,23,Quinoa seeds Buy Online India,29,Super Raw Food Mother of grains: Order quinoa seeds online for a convenient & hassle-free shopping experience. Enjoy the benefits of superfood at your doorstep.,160,2167,2,350.0,1500.0,217,amaranth;amaranth seeds;and why is it considered a superfood?;are quinoa and quinoa seeds the same;best farms quinoa seeds;best way to buy quinoa;buy black quinoa;buy bulk quinoa seed;buy bulk red quinoa;buy dog quinoa;buy mixed quinoa online;buy organic quinoa milk;buy organic quinoa online;buy puffed quinoa;buy quinoa;buy quinoa 5kg;buy quinoa aldi;buy quinoa amazon;buy quinoa bangalore;buy quinoa bowls;buy quinoa brand;buy quinoa bulk;buy quinoa cheap;buy quinoa costco;buy quinoa crackers;buy quinoa flakes;buy quinoa flakes bulk;buy quinoa flour;Buy Quinoa grains Online;buy quinoa hong kong;buy quinoa hyderabad;buy quinoa in bulk;buy quinoa in india;buy quinoa in singapore;buy quinoa kg;buy quinoa lentils;buy quinoa morrisons;buy quinoa near me;buy quinoa online;buy quinoa online india;Buy Quinoa Online Order;buy quinoa pasta online;buy quinoa products;buy quinoa sainsbury's;buy quinoa salad;buy quinoa seeds;buy quinoa seeds for planting;buy quinoa seeds near me;buy quinoa seeds nz;Buy Quinoa Seeds Online;buy quinoa seeds online mumbai;buy quinoa seeds to grow;buy quinoa seeds uk;buy quinoa tesco;buy quinoa uk;buy quinoa woolworths;buy rainbow quinoa;buy toasted quinoa;buy white quinoa in bulk;can you buy quinoa in supermarkets;can you grow quinoa from store bought seeds;do we get quinoa in india;does tesco sell quinoa;How many Quinoa seeds per day;how much quinoa seeds per day;How Quinoa Can Help You Lose Weight;how to buy quinoa;how to buy quinoa in india;how to eat quinoa seeds;How to Incorporate Quinoa into Your Diet;Is Quinoa a type of millet;is quinoa available in india;Kenova Seeds;Kenva Seeds;Nutrient Content from One cup of cooked quinoa nearly;Order Quinoa Online;purchase toasted quinoa;Quinoa;quinoa 1kg;quinoa 1kg buy online;Quinoa as a Gluten-Free Alternative;quinoa buy;quinoa buy 1kg online;quinoa buy india;quinoa buy online;quinoa buy online amazon;quinoa buy online india;quinoa buy philippines;quinoa buy walmart;quinoa buyers;quinoa buyers in india;Quinoa Complete Proteins Vegans Need Vegan Diet;Quinoa during Pregnancy;Quinoa for Celiac Disease;quinoa near me;quinoa near me online;Quinoa Proteins;Quinoa Seed;Quinoa Seed Buy Online;Quinoa Seed Effect of Tridosha;Quinoa Seeds;Quinoa Seeds Benefits;quinoa seeds buy online;quinoa seeds in india;Quinoa Seeds Indian Name;quinoa seeds near me;quinoa seeds online;Quinoa Seeds Online India;quinoa shoprite;quinoa to buy;quinoa to buy online;quinoa to buy uk;Quinoa Varieties White and Organic;Quinoa Vegans Need;Quinoa vs. Other Whole Grains;Rajgira Seeds;rajgira seeds online;rajgiri seeds;shop quinoa flakes;shop quinoa flour;should you buy quinoa;Storage Information of Quinoa Seed;Vegan Diet;what do you do with quinoa seeds;What is quinoa;What is Quinoa Seed;where buy quinoa;where buy quinoa flour;where can buy quinoa;where can i buy quinoa milk;where can i buy quinoa seeds;where can i find quinoa in the grocery store;where can i get a quinoa bowl near me;where can i purchase quinoa;where can you buy quinoa grain;where to buy dried quinoa;where to buy gogo quinoa products;where to buy quinoa;where to buy quinoa cheap;where to buy quinoa flakes;where to buy quinoa for cheap;where to buy quinoa grains;where to buy quinoa in bulk;where to buy quinoa in sri lanka;where to buy quinoa london;where to buy quinoa milk;where to buy quinoa near me;where to buy quinoa rice;where to buy quinoa seeds;where to buy undercover quinoa;where to buy vegan quinoa bowl;where to buy white quinoa;where to get quinoa grain;where to get quinoa near me;where to get quinoa seeds in kenya;where to get quinoa seeds to grow;where to purchase quinoa seeds;which brand of quinoa is best;which quinoa is better;why buy organic quinoa;why is quinoa expensive
roasted-flax-seeds,ACTIVE,Edible Seeds,Roasted Flax Seeds,18,Buy Roasted Flax seed,21,"Buy Roasted Flax Seed Online from our range of seeds, a super energy booster food for nutrient-rich snacks for your body cravings that use it for Granola bars.",159,1670,2,173.0,482.0,252,1 kg flaxseed;Allergic to FlaxSeeds;best flax seeds to buy;bhuna hua flaxseed;buy flax seed delhi;buy flax seed hemp seed chi seed online;buy flax seed hyderabad;buy flax seed in india;buy flax seed mumbai;buy flax seed powder online india;buy flax seed pune;buy flax seed varanasi;buy flax seeds;buy flax seeds 1kg;buy flax seeds aed;buy flax seeds asda;buy flax seeds for planting;buy flax seeds from flipkart;buy flax seeds in bulk;buy flax seeds in chandigarh;buy flax seeds in chennai;buy flax seeds in maraimalai nagar;buy flax seeds in telugu;buy flax seeds nz;buy flax seeds online india;buy flax seeds online uk;buy flax seeds patanjali;buy flax seeds powder online india;buy flax seeds sainsburys;buy flax seeds tesco;buy flax seeds to grow;buy flax seeds with omega-3;buy fresh flax seeds nz;buy golden flax seed online;buy granos flax seeds online india;buy online flax seed;buy online flax seed in lowest price;buy organic flax seeds 1kg;buy raja flax seed online;Buy Roasted Flax seeds;buy roasted flax seeds online;buy roasted flax seeds online chennai;buy roasted flax seeds online hyderabad;Buy Roasted Flax Seeds Online India;buy roasted flax seeds online mumbai;chia seed and flax seed buy;flax seed chutney buy;flax seed extract buy;flax seed oil buy online;flax seed online;flax seed plain buy;flax seed powder buy;flax seeds;flax seeds buy in amazon;flax seeds buy online;flax seeds buy online amazon;flax seeds buy online flipkart;flax seeds chia seeds buy online;flax seeds in hyderabad;flax seeds in tamil buy online;flax seeds india buy;flax seeds to buy in hyderabad;flaxseed;flaxseed amazon;flaxseed benefits;flaxseed calories;flaxseed for face;flaxseed for glowing skin;flaxseed for hair;flaxseed for memory loss;flaxseed increase or decrease breast size;flaxseed nutrition;flaxseed omega3;flaxseed online;flaxseed protein;flaxseed roasted;flaxseeds;flaxseeds amazon;flaxseeds benefits;flaxseeds roasted;from where i can buy flax seeds;how to buy and store flax seeds;how to buy flax seed;how to buy flax seeds;is flaxseed good for weight loss;mango flax seed smoothie buy;now foods flax seed oil capsules buy online india;patanjali roasted diet flaxseed;roasted flax seed;Roasted Flax Seed Nutrition Facts;roasted flax seed online;Roasted Flax Seed Powder;Roasted Flax seeds;Roasted Flax Seeds Benefits;roasted flax seeds buy online;roasted flax seeds buy online india;Roasted Flax Seeds Online;Roasted Flax Seeds Online India;roasted flax seeds online rate;roasted flaxseed;roasted flaxseed online;roasted flaxseeds;shops to buy flax seed in tnagar;un roasted flax seed buy;vegan diet;want to buy flax seed;want to buy flax seeds;where can buy flax seeds in sri lanka;where can i buy flax seeds in ahmedabad;where can i buy flax seeds in bhopal;where can i buy flax seeds in chennai;where can i buy flax seeds in delhi;where can i buy flax seeds in gurgaon;where can i buy flax seeds in indore;where can i buy flax seeds in jabalpur;where can i buy flax seeds in mumbai;where can i buy flax seeds in noida;where can i buy flax seeds in pune;where can i buy flax seeds in surat;where can i buy flax seeds in thane;where can i buy flax seeds in vadodara;where can i buy organic flax seeds;where do i buy flax seeds in borivali;where do i buy flax seeds in kandivali;where do i buy flax seeds in malad west;where to buy cold milled flax seed;where to buy flax seed flower;where to buy flax seed for planting;where to buy flax seed in nagercoil;where to buy flax seed in t nagar;where to buy flax seeds in australia;where to buy flax seeds in chandigarh;where to buy flax seeds in chennai;where to buy flax seeds in hyderabad;where to buy flax seeds in manila;where to buy flax seeds in mumbai;where to buy flax seeds online;where to buy flax seeds powder in mumbai;where to buy flax seeds uk;which flax seed is buy online
sunflower-seeds,ACTIVE,Edible Seeds,Enjoy Roasted Sunflower Seeds: Buy Now!,39,,0,"Buy sunflower seeds online from a wide range of options, including 1 kg sunflower seeds at the best price in India. Get yours today!",132,1901,2,150.0,290.0,268,1 kg sunflower seeds price in india;ai weiwei sunflower seeds buy;amazon bird seed sunflower hearts;amazon black oil sunflower seeds;amazon black sunflower seeds;amazon sunflower hearts bird seed;amazon sunflower seed packets;amazon sunflower seeds;amazon sunflower seeds for planting;amazon sweet and spicy sunflower seeds;amazon zenith buy sunflower seeds;are sunflower seeds a good healthy snack;benefits of eating sunflower seeds;best sunflower seeds;bigs sunflower seeds amazon;bigs sunflower seeds where to buy;buy bigs sunflower seeds online;buy black oil sunflower seeds in bulk;buy bulk sunflower seeds for planting;Buy Edible Sunflower Seeds Online;buy giant sunflower seeds online;Buy Roasted Sunflower Seeds Online India;buy salted sunflower seeds online;buy spitz sunflower seeds online;buy spitz sunflower seeds online canada;Buy Sun flower Seed;Buy Sunflower Seed;buy sunflower seeds;buy sunflower seeds amazon;buy sunflower seeds flipkart;buy sunflower seeds for eating;buy Sunflower Seeds for gardening;Buy Sunflower Seeds for parrot big size;buy sunflower seeds for planting;buy sunflower seeds for planting online;buy sunflower seeds near me;Buy Sunflower Seeds Online;buy sunflower seeds online australia;buy sunflower seeds online bangalore;buy sunflower seeds online canada;buy sunflower seeds online chennai;buy sunflower seeds online delhi;Buy Sunflower Seeds Online India;buy sunflower seeds online jaipur;buy sunflower seeds online mumbai;buy sunflower seeds online near me;buy sunflower seeds online pune;buy sunflower seeds online uk;buy suryaful beej;chinese sunflower seeds benefits;david sunflower seeds amazon;david sunflower seeds buy online;dwarf sunflower seeds amazon;giant sunflower seeds amazon;how to eat sunflower seeds;is sunflower seeds good for health;mexican sunflower seeds amazon;online buy sunflower seeds;online buy sunflower seeds in pune;raw sunflower seeds amazon;roasted sunflower seeds amazon;small sunflower seeds;spicy sunflower seeds amazon;sunflower black oil seeds online buy;sunflower black oil seeds online buy india;sunflower kernel;sunflower kernels;sunflower seed;sunflower seed benefits;sunflower seed butter amazon;sunflower seed buy online india;sunflower seed oil amazon;Sunflower Seeds;sunflower seeds amazon uk;Sunflower Seeds Benefits;sunflower seeds buy ahmedabad;sunflower seeds buy bangalore;sunflower seeds buy chennai;sunflower seeds buy cochin;sunflower seeds buy delhi;sunflower seeds buy gurgaon;sunflower seeds buy india;sunflower seeds buy mumbai;sunflower seeds buy noida;sunflower seeds buy online;sunflower seeds buy online in india;sunflower seeds buy trichy;sunflower seeds calories 1 tbsp;sunflower seeds fat content;sunflower seeds for acne buy online;sunflower seeds for birds;Sunflower Seeds for birds 1kg;Sunflower Seeds for birds 2kg;sunflower seeds for birds amazon;Sunflower Seeds for birds online;Sunflower Seeds for eating;Sunflower Seeds for gardening;sunflower seeds for love birds;sunflower seeds for parrot;Sunflower Seeds for parrot 1kg;Sunflower Seeds for parrot 2kg;Sunflower Seeds for parrot big size;Sunflower Seeds for parrots 5kg;Sunflower Seeds for planting;sunflower seeds near me;sunflower seeds nutrition;Sunflower Seeds Nutrition Facts;Sunflower Seeds Online;sunflower seeds online india;sunflower seeds online near me;sunflower seeds price;sunflower seeds rate;sunflower seeds rates;sunflower seeds water melon seeds and pumpkin seeds online buy;sunflower seeds without shell;suryaful beej online;suryaful ke beej;suryaful seeds;unsalted sunflower seeds amazon;vitamins in sunflower seeds;what are the benefits of sunflower seeds;where can i buy giant sunflower seeds;where can i buy raw sunflower seeds;where can i buy sun flower seeds;Where Can I Buy Sunflower Seeds;where can i buy sunflower seeds in bulk;where can i buy sunflower seeds near me;where can i buy sunflower seeds to eat;where can i buy sunflower seeds to grow;where can i buy sunflower seeds to plant near me;where to buy bigs sunflower seeds;where to buy bigs sunflower seeds near me;where to buy black oil sunflower seeds;where to buy black oil sunflower seeds for planting;where to buy bulk sunflower seeds;where to buy giant sunflower seeds;where to buy jumbo sunflower seed;where to buy jumbo sunflower seeds;where to buy raw sunflower seeds;where to buy raw sunflower seeds in shell;where to buy sunflower seeds;where to buy sunflower seeds for birds;where to buy sunflower seeds near me;where to buy sunflower seeds online;where to buy sunflower seeds to eat;where to buy sunflower seeds to plant;where to buy sunflower seeds to plant near me;where to buy taco supreme sunflower seeds;where to buy true elements sunflower seeds online
roasted-sunflower-seeds,ACTIVE,Edible Seeds,Roasted Sunflower Seeds,23,Roasted Sunflower Seeds Health food,35,Buy Roasted Sunflower Seed Online India health-promoting snacks with Mild Nutty taste texture helps like sun your best health Nutrients for post-gym diet.,154,1552,2,230.0,450.0,266,ai weiwei sunflower seeds buy;amazon zenith buy sunflower seeds;Best Sunflower Seeds Roasted Brand In India;bigs sunflower seeds where to buy;buy black oil sunflower seeds in bulk;buy good diet sunflower roasted seeds;buy roasted sunflower seed;buy roasted sunflower seed online;Buy Roasted Sunflower Seeds Online India;buy sunflower seeds for birds;Buy Sunflower Seeds Online;buy sunflower seeds online australia;buy sunflower seeds online bangalore;buy sunflower seeds online canada;buy sunflower seeds online chennai;buy sunflower seeds online delhi;Buy Sunflower Seeds Online India;buy sunflower seeds online jaipur;buy sunflower seeds online mumbai;buy sunflower seeds online near me;buy sunflower seeds online pune;buy sunflower seeds online uk;Dry Roasted Sunflower Seeds Nutrition;red sunflower seeds buy;Roasted Salted Sunflower Seeds;Roasted Salted Sunflower Seeds Recipe;Roasted Sun Flower Seeds;Roasted Sunflower Seeds;roasted sunflower seeds benefits;Roasted Sunflower Seeds Online;Roasted Sunflower Seeds Online India;sunflower seed;sunflower seeds buy india;Sunflower Seeds Roasted;sunflower seeds roasted buy;where can i buy raw sunflower seeds;where can i buy sunflower seeds near me;where can i buy sunflower seeds to eat;where to buy bigs sunflower seeds;where to buy bulk sunflower seeds;where to buy bulk sunflower seeds for planting;Where To Buy Honey Roasted Sunflower Seeds;where to buy jumbo brand sunflower seeds;where to buy jumbo sunflower seeds;where to buy raw sunflower seeds;where to buy raw sunflower seeds in shell;where to buy roasted sunflower seeds in manila;where to buy russian mammoth sunflower seeds;where to buy sunflower seed flour;where to buy sunflower seeds near me;where to buy sunflower seeds online;where to buy sunflower seeds to eat
watermelon-seeds,ACTIVE,Edible Seeds,Melon Seeds,11,Watermelon Seeds Buy Online India,33,Buy Watermelon Seeds Online India with excellent health benefits specially pack from our farms directly to your home. Vegan Diet for you keeps junk food away.,158,285,1,250.0,250.0,119,Buy Melon Seeds;Buy Melon Seeds Online India;Edible Seeds;Hulled Melon Seeds;Magaj;Magaj for Sweets;Magaj Seeds;Melon Seeds;Melon Seeds for Thandai;Melon Seeds Online;Melon Seeds Price;Raw Melon Seeds;White Melon Seeds;खरबूजे के बीज;मगज;मगज के बीज
jackfruit-chips,ACTIVE,Jackfruit Chip,Jackfruit Chips,15,Jackfruit Chips Buy Healthy Snacks,34,"Jackfruit chips buy online, तळलेले गरे, Kathal chip, healthy crunchy snacks, fried in coconut oil, for diabetic, satisfy every single person of the family.",155,884,1,200.0,200.0,0,jack fruit chip;Jackfruit Chip;Jackfruit Chips;Jackfruit Chips Calories;Jackfruit Chips Near Me;Jackfruit Chips Nutrients;Jackfruit Chips Online;Jackfruit Chips Recipe;तळलेले गरे
alphonso-mango-pulp,ACTIVE,Alphonso Mango Pulp,"Alphonso Mango Pulp Tin: Pure, Premium, & Delicious",51,Alphonso Mango Pulp Tin – Buy Mango Pulp Online,47,"Alphonso mango pulp made from GI-tagged Ratnagiri Hapus, in 850 g and 3.1 kg tins with no preservatives. Aamras all year. Order now, free delivery in India.",156,2359,2,590.0,2100.0,109967,aam ka pulp;Aam Ka Ras;Aam Ras;Aam Ras Online;Aamras;aamras from canned mango pulp;aamras frozen mango pulp;aamras in surat;Aamras Near Me;aamras the sweet taste of friendship;aamras with canned mango;aamras with canned mango pulp;Aamrus;Aditi अल्फांसो मैंगो पल्प;Alphonso Mango Pulp;alphonso mango pulp buy;Alphonso Mango Pulp Buy Online;alphonso mango pulp can;alphonso mango pulp exporter;alphonso mango pulp manufacturers;alphonso mango pulp near me;alphonso mango pulp nutrition facts;alphonso mango pulp online ahmedabad;alphonso mango pulp online india;alphonso mango pulp price;alphonso mango pulp tin;alphonso mango pulp where to buy;Alphonso Mango Puree;alphonso mango puree where to buy;Alphonso Pulp;best mango juse surat;best mango pulp brand;BHAGWAT MANGO PULP;buy aam ras;buy aamras;buy AAMRAS mango pulp;buy alphonso mango pulp online;buy keri no ras;buy mango juice;buy mango pulp;buy mango pulp online;buy mango pulp online amazon;buy mango pulp online india;buy mangoe pulp;buy mangoes pulp;buy online alphonso mango pulp;buy vadilal mango pulp in vadodara;can you buy mango juice;can you buy mango puree;canned alphonso mango pulp;desai bandhu mango pulp valsad;desai mango pulp;desai mango pulp price;devgad mango pulp;frozen mango pulp where to buy;hampa mango pulp surat;hampa mango surat;hand made aamras;hapus mango pulp;HAPUS mango pulp buy online;how to use mango pulp;Indian mango pulp;keri no ras online;kesar mango pulp online;kesar mango pulp tin;mango fruit pulp;Mango Pulp;Mango Pulp Alphonso;mango pulp amazon;mango pulp brands;mango pulp buyer in uk;mango pulp can;mango pulp dealer;mango pulp dealer in delhi;mango pulp exporter pune;mango pulp exporters;mango pulp exporters association;mango pulp exporters in bangalore;mango pulp exporters in chennai;mango pulp exporters in gujarat;mango pulp exporters in india;mango pulp exporters in krishnagiri;mango pulp exporters in mumbai;mango pulp exporters in nuziveedu;mango pulp exporters in salem;mango pulp exporters in vijayawada;mango pulp exporters indiamart;mango pulp exports from india;mango pulp factories in india;mango pulp factory;mango pulp frozen;Mango pulp in;mango pulp in amazon;mango pulp in bulk buyer in europe;mango pulp in flipkart;mango pulp in surat;mango pulp india;mango pulp industry in india;mango pulp kg rates;mango pulp manufacturer in india;mango pulp manufacturer in punjab;mango pulp manufacturer in salem;mango pulp manufacturers;mango pulp manufacturers and suppliers in india;mango pulp manufacturers chittoor district;mango pulp manufacturers guhagar;mango pulp manufacturers in ahmedabad;mango pulp manufacturers in andhra pradesh;mango pulp manufacturers in bangalore;mango pulp manufacturers in chennai;mango pulp manufacturers in chittoor;mango pulp manufacturers in delhi;mango pulp manufacturers in dharmapuri;mango pulp manufacturers in gujarat;mango pulp manufacturers in gurgaon;mango pulp manufacturers in hyderabad;mango pulp manufacturers in india;mango pulp manufacturers in junagadh;mango pulp manufacturers in karnataka;mango pulp manufacturers in kerala;mango pulp manufacturers in konkan;mango pulp manufacturers in krishnagiri;mango pulp manufacturers in maharashtra;mango pulp manufacturers in mumbai;mango pulp manufacturers in pune;mango pulp manufacturers in ratnagiri;mango pulp manufacturers in salem;mango pulp manufacturers in surat;mango pulp manufacturers in tamilnadu;mango pulp manufacturers in uttar pradesh;mango pulp manufacturers in valsad;mango pulp manufacturers in west bengal;mango pulp manufacturers online;mango pulp market in india;mango pulp near me;Mango Pulp Online;mango pulp online 3 kg tin packing;mango pulp online 3 kg tin packing business;mango pulp online business;mango pulp online buy;mango pulp online india;mango pulp online kaufen;mango pulp online purchase;mango pulp order online;mango pulp price;mango pulp price in canada;mango pulp price in chennai;mango pulp price in china;mango pulp price in india;mango pulp price in kerala;mango pulp price in mumbai;mango pulp price in nepal;mango pulp price in uae;mango pulp price in usa;mango pulp price online;mango pulp price per kg;mango pulp price per kg in india;mango pulp price per kg in pune;mango pulp price per kg in vadodara;mango pulp price per kilo;mango pulp price per ton;mango pulp price where to buy;Mango Pulp Prices;mango pulp prices india;mango pulp production and packaging;mango pulp rate;mango pulp rate in netherland;mango pulp rate in singapore;mango pulp rate in united kingdom;mango pulp recipes indian;mango pulp requirement in india;mango pulp supplier;mango pulp supplier in india;mango pulp supplier in pune;mango pulp suppliers;mango pulp suppliers dharmapuri;mango pulp suppliers for bakery;mango pulp suppliers in bangalore;mango pulp suppliers in chittoor;mango pulp suppliers in delhi;mango pulp suppliers in india;mango pulp suppliers in kolkata;mango pulp suppliers in mumbai;mango pulp suppliers in nuzvid;mango pulp tin;mango pulp tin online;mango pulp tin price;mango pulp tin price online;mango pulp tin rate;mango pulp where to buy;mango pulp wholesale dealers in broadway kochi;mango pulp wholesale dealers in hyderabad india;mango pulp wholesale dealers in kochi;Mango Pulps;mango ras in AHMEDABAD;mango ras in surat;mango rate today in delhi per kg;mango rate today in delhi per kg in mandi;mango shops delhi;mango shops IN delhi;mango shops in south delhi;mango showroom in delhi ncr;mango stores in new delhi;mango stores in south delhi;mangoes available in delhi;mangoes online in delhi;mangoes pulp online;naturally ripened mangoes online delhi;naturally ripened mangoes online delhi bigbasket;new gokul mango pulp tin;new gokul mango pulp tin number;online mango at delhi;order aamras online;order alphonso mangoes delhi;organic alphonso mango pulp;Price Of Mango Pulp;pulp;Pulp from Mango;Pulp of Mango;purchase mango pulp;pure mango juice without sugar added mumbai buy;ratnagiri mango pulp;swad alphonso mango pulp;swad kesar mango pulp;swad kesar mango pulp manufacturer;swad mango pulp;swad mango pulp kesar 850 g;swad mango pulp price;swad pulp;swad ratnagiri alphonso mango pulp;Sweetened Alphonso Mango Pulp;tinned mango pulp;totapuri mango pulp where to buy;vadilal mango pulp buy online;vijay mango pulp buy;what to do with mango pulp;where can i buy mango pulp;where can i purchase mango pulp;where to buy alphonso mango pulp;where to buy frozen mango pulp;where to buy kesar mango pulp;where to buy mango pulp;where to buy mango pulp can;where to buy mango pulp in stl mo;where to buy mango pulp near me;where to buy mango pulp tin;where to buy mango pulp toronto;where to buy mango puree;who is the manufacturer of swad kesar mango pulp;अल्फांसो मैंगो पल्प
alphonso-mango-order-online,ACTIVE,Hapus Amba,Buy Ratnagiri Hapus Mango Online - 1 Dozen | GI Tagged & Carbide Free,69,"Hapus Mango Online – GI Certified, Carbide-Free | 1 Dozen",57,"Order Ratnagiri Hapus mango online. GI Certified, farm-fresh, carbide-free. 1 dozen delivered to your door. Shop now!",117,1260,15,1849.0,10499.0,-150052,1 Peti hapus;1 Peti Mango;aam hapus;aam hapus ka;aapus Mango;alphonse Mango;alphonse Mango gi tag;alphonso and hapus;alphonso and hapus is same or not;alphonso and hapus mango;alphonso hapus;alphonso hapus mango;alphonso hapus upsc;alphonso Mango gi tag;alphonso mango in bhubaneswar buy online;Alphonso Mango in Palakkad;alphonso mango online amazon;Alphonso Mango Palakkad;alphonso mango suppliers;alphonso mangoes buy online;Alphonso Mangoes in kerala;Alphonso Mangoes in Palakkad;alphonso mangoes online buy prakash bang;alphonso mangoes online uk;Alphonso māvu;alphonso organic mangoes buy online;alphonso va hapus;Alphōnsō māmiḍi;amazon mango;amazon mango onlin;amazon mango online;amba hapus;apoose mango;appos mango;buy directly from farmers india;buy hapus aam online;buy hapus amba online;buy hapus mango;buy hapus mango online;buy hapus mangoes;buy hapus mangoes on Internet;buy hapus mangoes online;buy mango and;buy mango near me;buy mango online mumbai;buy mangoes in ahmedabad;buy mangoes online post office;buy organic mangoes;buy ratnagiri hapus online;buy ripe mango;devgad hapus mango online;devgad hapus mango rate;difference between alphonso and hapus;difference between alphonso and hapus mango;difference between hapus and alphonso;ek rupaiya hapus amba;gi tag for hapus mango;Haapus Mango;hafoos;hafus amba;hapus;hapus aam;hapus aam city;hapus aam image;hapus aam in english;hapus aam in hindi;hapus aam in mumbai;hapus aam ka mul sthan;hapus aam ki kheti;hapus aam ki price;hapus aam ki rate;hapus aam online;hapus aam order;hapus aam pic;hapus aam price;hapus aam price in india;hapus aam rate;hapus aam ratnagiri;hapus alphonso;hapus alphonso abstammung;hapus alphonso abstammung ha lusophone;hapus alphonso mango;hapus alphonso mangoes;hapus alphonso mi kollegah;hapus alphonso mi kollegah farid baath nabaat;hapus also called the alphonso mango busines standard;hapus amba;Hapus Amba buy Online;hapus amba cinema;hapus amba flavou;hapus amba history;hapus amba images;hapus amba in english;hapus amba in telugu;hapus amba marathi picture;hapus amba movie;Hapus amba Near Me;hapus amba online;hapus amba online nagpuri;hapus amba picture;hapus amba png;hapus amba price;hapus amba rate;hapus amba wiki;hapus and alphonso difference;hapus mango;hapus mango buy online;hapus mango devgad;Hapus Mango Export;Hapus Mango Gi Tag;hapus mango history;hapus mango in delhi;hapus mango in english;hapus mango in mumbai;hapus mango in nagpur;hapus mango near me;Hapus mango online;hapus mango online india;hapus mango online shopping;hapus mango price;hapus mango price in ahmedabad;hapus mango price in delhi;hapus mango price in nagpur;hapus mango price in nashik;hapus mango price per kg;hapus mango rate;hapus mango rate in jaipur;hapus mango rate in nagpur;Hapus Mango Ratnagiri;hapus mangoes;Hapus Mangoes Online;hapus mangos;Hapus ne Kairi;hapus near me;hapus آم;hapush mango;Health Benefits of Hapus Mangoes;how buy mango;how to buy mango;how to get mangoes from post office;how to order mango from post office;how to order mangoes from post office;how to order mangoes through post office;how to send mangoes by courier in india;how to send mangoes from courier;Hāpusa āmēra;is alphonso same as hapus;is hapus and alphonso mango are same;is hapus and alphonso same;kadam hapus amba png;konkan hapus amba utpadak ani vikrate sangh;mango alphonso aam hapus grafted;mango buy;mango buyers in India;mango buying companies;mango delivery by post office in bangalore;mango hafoos;mango hapus;mango hapus alphonso;mango hapus price;mango online;mangoes in bangalore post office;mangoes online;mangoes online bangalore post office;mangoes online post office;mangoes online through post office;mangoes post office;mangoes through post office;order alphonso mangoes online india;order alphonso mangoes online usa;order mangoes from post office;pawas hapus mango;post office mango;price of hapus mango;ratnagiri hapus aam;ratnagiri hapus mango;ratnagiri hapus mango online;SHIPPING BOX;to order for hapus aam in kolkata;what is hapus mango;where to buy fresh alphonso mango;الفانسو منگو;راتناجيري ألفونسو مانجو;هبوس عم;هبوس مانجو;ہاپس آم;अल्फांसो आम;अल्‍फांसो हापुस;अल्‍फांसो हापुस आम;हापुस;हापुस mango;हापुस अल्‍फांसो;हापुस आंबा;हापुस आम;हापुस आम BUY online;हापुस आम online;हापुस आम का रेट;हापुस आम का रेट 2020;हापुस आम का रेट 2021;हापुस आम की;हापुस आम की कीमत;हापुस आम की पहचान;हापुस मांगो;हाफुस;हाफूस आम;हाफूस आम online;हाफूस आम का रेट;हाफूस आम की कीमत;হাপুস আমের;হাপুস আম্বা;હાફુસ;அல்போன்சா மா;ரத்னகிரி அல்போன்சோ மா;అల్ఫోన్సో మామిడి;ಅಲ್ಫೊನ್ಸೊ ಮಾವು;ಆಪೂಸ್;അൽഫോൻസോ മാമ്പഴ ഹാപസ്;അൽഫോൻസോ മാമ്പഴം
amba-modak,ACTIVE,Amba Modak,Amba Modak  a Mango Modak,25,,0,,0,1183,2,250.0,490.0,0,Alphonso Mango Modak;Amba Modak;Mango Modak;Modak With Mango
amba-poli,ACTIVE,Amba Poli,Buy Aam papad - Amba Poli Online,32,"Buy Aam Papad – Soft, Tangy Amba Poli Online",44,Order Aam Papad online soft and tangy Amba Poli made from ripe mangoes. A delicious treat delivered fresh to satisfy your sweet tooth.,134,1294,1,175.0,175.0,0,Aam Ka Papad;Aam Ki Barfi;Aam Papad;aam papad benefits;Aam Papad Calories;aam papad in english;Aam Papad Price;aam papad recipe in english;aam papad recipe in oven;aam papar;Aampapad;Aampapar;Aamsotto;aamsotto online;Amawat;Amba Papad;Amba Poli;amba poli online;Ambyachi Poli;buy aam papad;buy amba poli;buy hapus mango papad;buy mango papad;is hapus aam papad really available in india;kacche aam papad;Mamidi Tandra;Mango leather;Mango papad;masala aam papad;masala aam papad recipe;paper boat aam papad;paper boat aam papad online;paper boat aam papad price;sukha aam papad
kokum-butter,ACTIVE,Nut Butters,Kokum Butter - Kokum Oil - Kokum tel,36,"Buy Kokum Butter (Kokum Tel, Kokum Oil) for Skin ",49,"Discover Kokum Butter skin-transforming benefits. Shop now for deep hydration & natural care, for enhancing your beauty Kokum nu ghee Kokum oil, Kokam tel.",155,1768,2,240.0,900.0,955,aamsul Tail;aamsul tel;almond & kokum body butter;almond and kokum body butter;almond and kokum body butter netmeds;amazon kokum butter;amazon kokum butter online;amsul oil;amsul taila;amsul tel;amsul tel oil;benefits of kokum butter in soap;Bheranda;Bheranda butter;Bheranda oil;Bheranda taila;Bheranda tel;buy kokum butter;buy kokum butter online;buy kokum butter online india;buy kokum butters;buy kokumbutter;buy online kokum butter;buy online kokum oil;can you make soap with kokum butter;Devana Huli;DevanaHuli;DevanaHuli butter;DevanaHuli makhan;DevanaHuli oil;DevanaHuli taila;diy kokum body butter;face lotion kokum butter;fati adiya cream;fati adiya ka gharelu nuskha;fati adiya ka ilaj;fati ediya;fati ediya cream;fati ediya how to heal;fati ediya natural cream;fati ediya upay;forest essentials kokum butter & honey lip balm review;forest essentials kokum butter and apricot oil body lotion;forest essentials luscious lip balm kokum butter and honey;garcinia butter;garcinia butter taila;garcinia indica;garcinia indica benefit;garcinia indica benefits;garcinia indica butter;garcinia indica butter for cracked heels;garcinia indica for cracked heels;garcinia indica for urticaria;garcinia indica health benefits;garcinia indica makhan;garcinia indica oil;garcinia indica oil for cracked heels;garcinia indica seed butter;garcinia indica seed oil;garcinia indica seed tel;garcinia indica taila;garcinia indica tel;Garcinia Kokum मक्खन;garcinia oil;garcinia tel;Garcinia मक्खन;honey and kokum butter lip balm;how to heal cracks in leg;Indian kokum butter;Kaattampi;Kaattampi butter;Kaattampi oil;Kaattampi tail;Kaattampi tekl;Kaattampi tel;kama ayurveda kokum  almond butter;kama ayurveda kokum almond body butter;kama ayurveda kokum and almond body butter;kama ayurveda kokum and almond body butter 250gm;kama ayurveda kokum and almond butter;kama kokum and almond body butter;kama kokum and almond body butter review;keynote kokum butter;keynote kokum butter online;khadi almond and kokum body butter;khadi almond and kokum body butter review;khadi kokum body butter review;khadi kokum butter;khadi natural almond and kokum body butter review;khadi natural khadi almond kokum body butter review;khadi natural kokum body butter review;Kokam;kokam butter;kokam makhan;kokam oil;kokam oil online;Kokam tail;Kokam taila;kokam tel;kokam tel oil;Kokamba;Kokamba butter;Kokamba oil;Kokamba taila;Kokamba tel;kokambel;kokamel tel;kokmel tel;kokum;kokum and almond body butter;kokum and almond body butter review;kokum body butter;kokum body butter recipe;kokum body butter trayam;kokum body butter trayam ayurveda;kokum body butter with apricot oil;kokum body butter with apricot oil diy;kokum butter;kokum butter and apricot oil body lotion;kokum butter and apricot oil make our body lotions;kokum butter ayurveda;kokum butter beard balm;kokum butter body lotion;kokum butter buyers;kokum butter cocnut oil apricot oil body butter;kokum butter coconut oil apricot oil body butter;kokum butter face cream;kokum butter face cream recipe;kokum butter facecream;kokum butter for face;kokum butter for hair;kokum butter for skin;kokum butter in bangalore;Kokum butter in delhi;kokum butter lip balm;kokum butter lip balm diy;kokum butter lip balm recipe;kokum butter online;kokum butter online bangalore;kokum butter online chennai;kokum butter online delhi;kokum butter online india;kokum butter online kolkata;kokum butter online mumbai;kokum butter price;kokum butter raw organic;kokum butter shaving soap;kokum butter soap;kokum butter soap benefits;kokum butter uses;kokum heel cream;kokum makhan;kokum ni goti;kokum nu ghee;kokum oil;kokum oil for;kokum oil for crack heel;kokum oil for cracked heels;kokum oil for fati ediya;kokum oil for hair;kokum oil for skin;kokum oil for weight loss;Kokum oil in marathi;kokum oil online;kokum oil online india;kokum seed oil;Kokum Tail;Kokum Taila;kokum tailam;Kokum Tel;kokum tel online india;Kokum Tela;kokum Thailam;Kokum मक्खन;kookum butter soap;kookum seed butter;koum tel;lip balm;lip balm recipe kokum butter;lip butter;Murgal;Murgal butter;Murgal Oil;Murgina;Murgina butter;Murgina oil;Murgina taila;Murgina tailam;Murgina tel;natural heel crack remedies;natural kokam oil;natural kokum tel;natural lip balm;natural lip butter;natural treatment for heel crack;organic kokam butter;organic kokum butter;organic kokum butter benefits;organic kokum butter wholesale;organic kokum oil;organic kokum tel;Punarpuli;Punarpuli butter;Punarpuli oil;Punaruli;Punaruli butter;Punaruli oil;Punaruli taila;Punaruli tailam;Punaruli tel;pure kokam oil;Pure Kokum butter;Pure Kokum butter  smooth skin;pure kokum oil;soultree kokum butter lip balm;soultree lotus & kokum butter lip balm;soultree viola&kokum butter lip balm 3.5g;Tail kokam;Tail kokum;Tel kokam;Tel kokum;Tintali;Tintali butter;Tintali makhan;Tintali oil;Tintali tailam;Tintali tel;use of kokum butter in soap;using kokum butter in soap;where to buy kokum butter;where to buy kokum butter in India;where to buy kokum butter online;where to buy kokum oil;आमसूल oil;आमसूल tel;आमसूल तेल;आमसूल तैल;आमसूल मक्खन;कोकम;कोकम butter;कोकम oil;कोकम taila;कोकम tel;कोकम ऑइल;कोकम तेल;कोकम तैल;कोकम बटर;कोकम मक्खन;કોકમ નું ઘી
thompson-raisin,DRAFT,Dried Fruits,Thompson Raisin,15,,0,Thompson Raisin are small sultanas with a sweet taste. Seedless grape variety it is two to three times of the normal raisins. One of the best tasty raisins.,156,2,1,250.0,250.0,0,
raisins,ACTIVE,Dried Fruits,Indian Raisin | Munakka | Kishmish | Manukka,44,,0,"Buy Raisins Kishmish Manukka Online Yellow raisins export quality directly to the home, residue-free. No chemicals are used for drying sulfur sun-dried Munakka.",160,611,4,165.0,2400.0,382,250 gram raisin price;afgan raisins buy online;afghan raisins;amazon dry fruits offer;american raisins buy;are kishmish healthy;benefits of raisins;benefits of soaked raisins;best kishmish;best place to buy raisins;best place to buy raisins in singapore;best raisins to buy;big raisins;black raisin buy online;black raisins berberis vulgaris buy india;bulk buy raisins uk;buy afgan manuka;buy afgan raisin;buy black raisins online;buy golden raisin online;buy indian raisin online;buy kishmish;buy kishmish online;buy kishmish online mumbai;buy kismis;buy kismis online;buy manuka;buy monukka;buy monukka raisins;buy nashik organic raisins;buy organic raisins;buy raisin chennai;buy raisin delhi;buy raisin kochi;buy raisin mumbai;buy raisin online;buy raisin thane;buy raisins boxes;buy raisins in bulk;buy raisins in nashik;buy raisins in tasgaon;buy raisins kishmish online;buy raisins on amazon;buy raisins online near me;buy raisins online uk;buy raisins syrup;buy rohini kishmish;buy tasgaon organic raisins;buying raisins in bulk;can you buy raisins with seeds;can you still buy raisins;chaman raisins buy online;christmas quotation;christmas tree in hindi;christmas verses;christmas verses for granddaughter;dates and raisins buy online;demart buy raisin;dried manukka;dried raisins;dried raisins buy;dry fruit manuka;dry fruit manuka in english;dry fruits offer;dry fruits offer in amazon;dry kismis;dry kismish;dry raisins;fs22 buy raisins;golden kishmish raisins buy online;golden raisin;golden raisin near me;golden raisin online;golden raisins;golden raisins 1kg price;golden raisins benefits;golden raisins buy online;golden raisins online;golden raisins where to buy;green raisins;green raisins benefits;how kishmish is made;how many kishmish per day;how many kishmish to eat per day;how much kishmish eat in a day;how much raisins to eat per day;how to buy raisins;how to grow kishmish;how to make kishmish at home;i want to buy kishmish;indian kismis;Indian Raisin;Indian Raisins;kale manuka in english;kish mish;kish miss;kishmis;kishmish;kishmish 1 kg price;kishmish 1kg;kishmish 1kg price;kishmish benefits in hindi;kishmish bengali movie;kishmish buy online;kishmish calories;kishmish dry fruit;kishmish english;kishmish in english;kishmish in hindi;kishmish in marathi;kishmish ka pani;kishmish ka ped;kishmish kaise banti hai;kishmish ke fayde;kishmish khane ke fayde;kishmish ki taseer;kishmish meaning in english;kishmish movie;kishmish nutrition;kishmish online;kishmish price;kishmish price in chandigarh;kishmish price in delhi;kishmish price in india;kishmish price in jaipur;kishmish price in nashik;kishmish price in punjab;kishmish price in sangli;kishmish price per kg;kishmish price per kg in delhi;kishmish raisins;kishmish release date;kishmish showtimes;kishmish to buy;kishmish tree;kishmish water benefits;kishmish with seeds;kishmiss;kismi chocolate image;kismis;kismis 1kg price;kismis benefits;kismis benefits in hindi;kismis black;kismis calories;kismis dry fruit;kismis english;kismis fruit;kismis image;kismis ka pani;kismis ka ped;kismis kaise banta hai;kismis kg price;kismis khane ke fayde;kismis khane ke fayde in hindi;kismis kismis;kismis meaning in english;kismis nutrition;kismis online;kismis price;kismis price 1kg;kismis price 1kg in india;kismis production in india;kismis protein;kismis rate;kismis rate in up;kismis tree;kismis uses;kismis water benefits;manuka 1kg price;manuka dry fruit;manuka dry fruit in english;manuka dry fruits;manuka fruit;manuka in english;manuka kismis;manuka price;manuka price per kg;manuka raisins;manukka;organic raisins buy online;price of kishmish in delhi;price of kishmish in india;price of kishmish per kg;raaisin;rainsin;raisen food;raisens;raisin;raisin dry fruit;raisin dry fruits;raisin fruit;raisin kismis;raisin online;raisin products;raisin rate;raisin water;raisin water benefits;raisinh;raisins;raisins dry fruit;raisins dry fruits;raisins for babies;raisins for buy;raisins for soaking;raisins fruit;raisins golden;raisins green;raisins in hindi;raisins in marathi;raisins online;raisins online shopping;raisins pack;raisins price;rasins;shop kishmish;soaked raisins;sun maid sour raisins where to buy;unani kishmish price;walnut and raisin bread buy online in mumbai;what are ment buy dry raisins;what are raisin;what are raisins;what is kishmish good for;what is raisins;what is the benefits of kishmish;where can i buy raisins;where can i buy raisins in bulk;where can i buy raisins on the stem;where can i buy sun maid jumbo raisins;where can we buy kishmish very cheap cost;where to buy cheap raisins;where to buy green kishmish;where to buy kellogg's lowfat granola with raisins;where to buy monukka raisins;where to buy raisin pie filling canned;where to buy raisin wine;where to buy raisins;where to buy raisins grapes;where to buy raisins in bulk;where to buy raisins in nashik;where to buy raisins on the vine;where to buy raisins ph;where to buy raisins with seeds;where to buy seeded raisins;where to buy white raisins;yellow kishmish buy online;yellow kishmish raisins buy online;yellow raisins;yellow raisins online
black-raisins-seed-less,ACTIVE,Raisin,Black Raisins - Black Kishmish - Kala Manuka - Kali Kishmish,60,Buy Black Raisins Online Kala Manuka from Alphonso Mango,56,"Buy black raisins online – sweet, chewy and rich in fiber, iron, and antioxidants. Enjoy Kala Manuka (Kali Kishmish) as a healthy, nutritious daily snack.",154,1169,2,150.0,650.0,108,afghan black manukka;afghan black raisins;afghan black raisins benefits;afghan black raisins brown;afghan black raisins seedless benefits;afghan kali drakh;afghan kalo;alzubib al'aswad;amazon india black raisins;beejwale kale munakka;berberis vulgaris buy india;best raisins in india;big black raisins with seeds buy online;black corinth;black Currant;black currant manukka;Black dried raisin;black dry fruit;Black dry fruits;black dry grape;Black dry grapes;black dry grapes 1kg price;black dry grapes 250 gm price;black dry grapes online;black dry grapes price;black dry grapes uses;Black dry raisin;black dryfruit;Black grape raisin;black grapes dry fruit;black grapes dry fruit benefits;black grapes price;black kishmis;Black Kishmish;black kishmish benefits;black kishmish price;Black Kishmiss;Black Kismis;black kismis benefits;black kismis price;black kismis price per kg;black kismis rate;black kismisa;black manuka;black manuka benefits;black manuka in;Black Manukas;black manukka;black manukka amazon;black munakka;black raisin;black raisin 1kg;black raisin 500 gm;black raisin 500 grams;black raisin 500 grams offers;black raisin 500 grams offers low price;black raisin 500 grams offers with seeds;black raisin afghan udes;black raisin amazon;black raisin buy;black raisin buy online;black raisin dry fruits 1 kg;black raisin dry fruits 100 gm;black raisin dry fruits offer;black raisin dry fruits organic;black raisin dry fruits pantry;black raisin dry fruits with seeds;black raisin dy fruits;black raisin in water;black raisin organic;black raisin seedless;black raisin water;black raisin with seed;black raisin with seeds;black raisin with seeds organic;black raisins;black raisins 1kg price;black raisins 250 grams with seeds;black raisins 500 grams with seeds;black raisins ahmedabad;black raisins amazon;black raisins amazon india;black raisins bangalore;black raisins benefits;black raisins benefits for weight loss;black raisins berberis vulgaris buy india;black raisins berberis vulgaris dried fruit buy india;black raisins berberis vulgaris online;black raisins buy online in india;black raisins chennai;black raisins coimbatore;black raisins delhi;black raisins for pcos;black raisins for weight loss;black raisins haryanai;black raisins health benefits;black raisins hyderabad;black raisins kolkata;black raisins mumbai;black raisins nagpur;black raisins nutrition;black raisins online;black raisins online india;black raisins online shopping;black raisins price;black raisins price in india;black raisins pune;black raisins rate;black raisins thane;black raisins with seeds 1kg;black raisins with seeds 1kg offers low price;black raisins with seeds 200gm;black raisins with seeds 250;black raisins with seeds 250 grams;black raisins with seeds 500gm;black raisins with seeds amazon;black raisins with seeds amazon india;black raisins with seeds dry fruit;black raisins with seeds in amazon pantry;black raisins with seeds in pantry;black raisins with seeds online;black raisins with seeds organic;black raisins with seeds price;black seedless afghan raisins;black seedless afghan raisins benefits;Black sun dried raisin;buy berberis vulgaris;Buy Black raisin;buy black raisin online;buy black raisins;buy black raisins online;buy black raisins online mumbai;buy online black raisin;buy raisins online;chernyy izyum;currant;drakh;Draksha kali;dried balck raisins;dried black grapes;dried black raisins;dried fruits;dried manukka;dried munakka;dry black grapes price;dry black raisin price;dry black vitis vinifera;dry fruit and nuts;dry fruits;dry grapes;dry grapes price;dry vitis vinifera;grožđica;happilo afghan black raisins;health benefits of Black raisins;Hei Putaogan;Kaala Munakka;kaale kishmish;Kaali Dakh;kala currant;kala kismis;kala Manuka;Kala Munakka;kala Munka;kali currant draksh;kali drakh;kali drakh amazon;Kali Draksh;kali draksh benefits;kali draksha;Kali Kishmis;Kali Kishmish;Kali Kishmiss;Kali Kismis;Kali Kismish;kali Manukka;Kali Munakka;kali raisins;kali raisins amazon;Kali Saugi;kalo drakh;Kalo kisamisa;Kalo Kismis;kishmish;kishmish dry fruit;kismis 250 gm price;kismis dry fruit;kismis hitam;kismis price 250 gm;Kāḷā kisamisa;Manakka;medica grapes;medica grapes variety;medica manukka;medica munaka;medica raisins;Monaka;Monakka;Munahka;Munaka;Munakka;Munaqa Siyah;Munka kala;Munkka;Munnaka;Munnakka;Munnka;online buy black raisin;pasas negras;passas pretas;Premium quality Dried Black Raisins;Product Description Black Raisins;raisin black;raisine;Raisins;raisins black;raisins black amazon india;schwarze Rosine;seeded raisins;seeded raisins dry fruit;sukha kali grapes;sukhi kali grapes;sukhi kali manukka;sultánka rozinka;tassyam premium seedless black afghan raisins;uses of black raisins;what is kishmish;Zante Corinth;черный изюм;الزبيب الأسود;نقہ س;काली किशमिश;काली मुनक्का;काले किशमिश;काळी मनुका;काळे द्राक्ष;काळे मनुके;किसमिस;तिराटकाई;मुनक्का;सौगी;অসমীয়া;কালো কিসমিস;মৈতৈলোন্;ਕਾਲੀ ਸੌਗੀ;કાળા કિસમિસ;કાળી કિસમિસ;ରେଜିଁନ୍;黑葡萄干
crimson-raisin,ACTIVE,Raisin,Crimson Jewels: Nature's Candy in Every Bite,44,Buy Crimson Raisins Online To Enjoy Natural Sweetness,53,"Buy Crimson Raisins online – sweet, plump, export-quality raisins that support digestion and boost immunity. Farm-fresh, tasty, and naturally nutritious.",153,895,3,80.0,340.0,347,australian crimson grapes;Crimson;crimson black grapes;crimson cabernet grape vines;Crimson dried grape;Crimson dried grapes;crimson dried raisin;crimson flame grape;crimson glory grape vine for sale;crimson grape;crimson grape plant;crimson grape variety;crimson grapes;crimson grapes australia;crimson grapes benefits;crimson grapes calories;crimson grapes chile;crimson grapes india;crimson grapes nutrition;crimson grapes nutrition facts;crimson grapes nutritional value;crimson grapes price;Crimson Grapes Raisins;crimson grapes USA;crimson grapes vs australian grapes;crimson grapes wikipedia;crimson majestic grapes;crimson manuka;crimson manukka;crimson pearl grape vines;crimson pearl grapes;Crimson raisin;crimson raisins;crimson raisins nutrition facts;crimson raisins uk;crimson raisins usa;crimson red grape;crimson red grapes;crimson red seedless grapes;crimson red seedless grapes calories;crimson seedless grape plants;crimson seedless grapes;crimson seedless grapes australia;crimson seedless grapes benefits;crimson seedless grapes calories;crimson seedless grapes growing;crimson seedless grapes taste;crimson seedless grapes wikipedia;crimson seedless in grapes;crimson seedless table grapes;crimson table grapes;jumbo crimson raisins;raisin crimson seedless;raisin rose crimson;raisin rouge crimson;red crimson raisins;what are crimson raisins
saffron-kesar,ACTIVE,Seasonings & Spices,Kashmiri Kesar - Buy Saffron Online | Keshar,44,Keshar | Pure Kashmiri Kesar & Kumkuma Puvvu Price,50,"GI-certified Mongra saffron from Pampore. 1g, 2g & bulk packs. Best kumkuma puvvu price — order farm-fresh keshar online today.",127,1698,6,430.0,30500.0,2046,1 g kesar price;1 gm kesar price;1 gm kesar price in india;1 gram kesar price;1 gram kesar price in india;A+ grade Kashmiri kesar;afghani kesar price;asli kesar price;authentic Kashmiri Kesar;Autumn Crocus;Azafron;Azafrán;Best Kashmiri Kesar brand;best kesar;best kesar in india;best kesar in mumbai;best quality kesar;best quality saffron;Best saffron to buy;Buy high quality Kashmiri Kesar;Buy Kashmiri Kesar in bulk;buy kashmiri kesar online;buy kesar;buy kesar online;buy kesar online at best price;buy kesar online india;buy keshar;buy pure kesar online in india;buy saffron;buy saffron near me;Buy Saffron Online;buy saffron online at best price;buy saffron online for pregnancy;cheap saffron;cost of 1 gm saffron;cost of kesar;cost of kesar in india;cost of saffron in india;Croci Stigma;Crocus Cultivé;Crocus sativus;expensive spice in the world;High quality saffron;Indian kesar;Indian keshar;Indian Saffron;Indian Safron;jafran;jafran masala price in india;japhrana;kashmir kesari;kashmir kumkuma puvvu;kashmir kumkuma puvvu original;kashmir saffron;Kashmira Kesar;Kashmiri Jafran;kashmiri kesar;Kashmiri Kesar for sale;kashmiri kesar online purchase;kashmiri kesar price;Kashmiri Kesar price comparison;kashmiri kesar price india;kashmiri kesar price per kg;kashmiri kesar saffron;kashmiri kesar saffron original;kashmiri kesar saffron original for pregnancy;Kashmiri lacha;Kashmiri saffron;kashmiri saffron online;kashmiri saffron original;kashmiri saffron original for pregnancy;kashmiri saffron price;kashmiri saffron price per kg;kesar;kesar 10 gram price in india;kesar dry fruit;kesar for Biryani;kesar ka price;kesar ka rate;kesar kashmir;kesar ke price;kesar ki price;Kesar Lacha;kesar market price;Kesar Mongra;kesar near me;kesar online;kesar online delivery;kesar online price;kesar original Kashmiri;kesar original price;Kesar Premium;kesar price;kesar price 1 gm in india;kesar price in delhi;kesar price in india;kesar price per kg;kesar purchase online;kesar rate;kesar rate in india;kesar rate per kg;kesar rates;kesar strands;kesar thread;kesar threads;kesar wholesale price in kashmir;kesara;keshar;keshar kashmir;keshar online;keshar rate;keshar zaffran threads;Kumkum;kumkum puvvu;kumkum puvvu original kashmir for pregnant women;kumkum puvvu price;kumkum puvvu price online purchase;Kumkuma;Kumkuma Puvvu;Kumkuma Puvvu Cost;kumkuma puvvu original for pregnant women;kungumapoo;kunkumappu;lacha kesar;Lacha of Kashmir;lacha saffron;lion brand saffron;Mogra kesar;mongra;mongra kesar;Mongra lacha;Mongra of Kashmir;Online shopping for Kashmiri Kesar;organic kesar;original kesar;original kesar online;original kesar price;original kesar price in india;original kesar price in india 1kg;original saffron;premium kesar;premium long kesar;premium long red kesar;premium long saffron;premium saffron;price of kesar;price of original saffron in india;price of saffron;Purchase saffron;pure Kashmiri kesar;pure kashmiri saffron;pure kashmiri saffron price;pure kesar;pure kesar price;pure kesar price in india;pure red gold;pure saffron;pure saffron online;pure saffron price;rate of kesar;rate of saffron;Raw Kesar;real kesar price;real saffron;real saffron price;saffron;saffron 1kg price in india;saffron amazon;saffron box;saffron brand;Saffron bulk;Saffron buying guide;saffron cost;saffron for sale;saffron indiamart;saffron indian;saffron kashmir;saffron kesar;saffron kesar online shop;saffron kesar price;saffron near me;saffron of Kashmir;saffron online;saffron online for pregnancy;saffron order;saffron original kashmiri;saffron original kashmiri for pregnancy;saffron Premium;saffron price;saffron price in kashmir per kg;saffron price per kg in india 2023;Saffron purchase;saffron rate;saffron rate in kashmir;Saffron shop;saffron shop near me;Saffron shop online;saffron strands;Saffron supplier;saffron threads;Saffron wholesale supplier for hotel;Safran;Safran Cultivé;Safran des Indes;Safran Espagnol;Safran Véritable;safren;Safron;sell saffron;shalimar brand saffron;spanish saffron;today kesar price in india;what is the price of kesar;what is the price of saffron;Where to buy Kashmiri Kesar;where to buy original kashmiri saffron;where to buy original saffron;Where to buy saffron;zaeafran;zafferano dell'Aquila;Zaffran;zaffran threads;Zafran;Zafran kesar;zafran price;zafran price in india;zafran price per gram;Zafran saffron;زعفران;کشمیری زعفران;ڪشميري زعفران;कश्मीरी केसर;काश्मिरी केशर;केशर;केसर;কাশ্মীরি জাফরান;কাশ্মীৰী কেশৰ;জাফরান;ਕਸ਼ਮੀਰੀ ਕੇਸਰ;ਕੇਸਰ;કાશ્મીરી કેસર;કેસર;ମାନିଙ୍ଗ ଇଂ ନୀୟ;காஷ்மீரி குங்குமப்பூ;குங்குமப்பூ;కాశ్మీరీ కుంకుమపువ్వు;ಕಾಶ್ಮೀರಿ ಕೇಸರಿ;ಕೇಸರಿ;കാശ്മീരി കുങ്കുമപ്പൂവ്;കുങ്കുമം
nutmeg-jayphal,ACTIVE,Seasonings & Spices,Buy Nutmeg - Jayphal - Jathikai,31,Buy Nutmeg - Jathikai - Jayphal - Jaiphal,41,"Buy Nutmeg Online Indian spice Jathikai nice Aroma & medicinal benefits, help in sleep-related disorders Jayphal, Jaiphal, Myristica fragrans, जायफल & जायफळ. ",158,1012,2,260.0,720.0,493,baje for babies;benefits of Jaiphal;benefits of Jayphal;buy fresh nutmeg;buy ground nutmeg;buy jaiphal online;buy jaiphal powder online;Buy jathikai;Buy jayphal Online;buy Nutmeg;buy nutmeg 1 kg buy online;buy nutmeg fruit;buy nutmeg india;buy nutmeg near me;buy nutmeg nuts;buy nutmeg oil;buy nutmeg online;buy nutmeg online india;buy nutmeg online near me;buy nutmeg powder;buy nutmeg powder online;buy nutmeg powder online india;buy nutmeg seeds;buy nutmeg spice;buy nutmeg wholesale;buy whole nutmeg;can you buy nutmeg clothing online;evergreen tree;Fragrant spice;fresh nutmeg where to buy;grated nutmeg;ground nutmeg buy india;how to buy fresh nutmeg;how to buy nutmeg;Indonesian manisan pala;jadi kai;jaiphal;Jaiphala;Jajikai;Jajikaya;Japha;Jathika;Jathikai;Jathikka;Jatikka;Jattikay;Jayaphal;Jayaphala;Jayaphalla;Jayphal;Jayphala;mace and nutmeg buy;Myristica fragrans;Nutmeg;nutmeg and mace;nutmeg buy online;nutmeg buy store;nutmeg nuts;nutmeg nuts seed;nutmeg oil where to buy;nutmeg online;nutmeg online buy;nutmeg online India;nutmeg online shop;nutmeg online shopping;nutmeg powder;nutmeg powder buy;nutmeg powder buy online;nutmeg powder online;nutmeg powder online bangalore;nutmeg powder online chennai;nutmeg powder online delhi;nutmeg powder online india;nutmeg powder online kolkatta;nutmeg powder online pune;nutmeg powder online shopping;nutmeg price;nutmeg rate;nutmeg seed;nutmeg to buy;nutmeg tree buy;nutmeg where can i buy;Nutmeg जायफळ;Nutmeg જાયફળ;nutmeg ജാതിക്ക;online medicines buy nutmeg;online nutmeg buy;pala bubuk;powder nutmeg;where can buy nutmeg near me;where can i buy fresh nutmeg;where can i buy nutmeg;where can i buy nutmeg near me;where can i buy nutmeg nuts;where can i buy nutmeg powder;where can i buy whole nutmeg near me;where can you buy nutmeg;where to buy calabash nutmeg;where to buy fresh nutmeg;where to buy fresh nutmeg near me;where to buy ground nutmeg;where to buy nutmeg;where to buy nutmeg bulk;where to buy nutmeg essential oil;where to buy nutmeg near me;where to buy nutmeg nuts;where to buy nutmeg powder;where to buy nutmeg powder at charminar;where to buy nutmeg powder in hyd;where to buy organic nutmeg in tamilnadu;where to buy whole nutmeg;Zaiphol;جائفل;जायफल;जायफळ;জায়ফল;ਜਾਫ;જાયફળ;ஜாதிக்காய்;జాజికాయ;ಜಾಯಿಕಾಯಿ;ജാതിക്ക
bhimseni-kapoor-camphor,ACTIVE,Camphor,Buy Bhimseni Kapoor Pure Desi Camphor Online Today,50,,0,"Buy premium Bhimseni Camphor and Bhimseni Kapoor for health, meditation, and air purification. All natural, chemical free. Order now for holistic well being!",157,2158,3,280.0,1380.0,294,Aarti natural Kapoor;aastha camphor;Alphaaromatica Camphor;ayurvedic camphor;ayurvedic kapoor;ayurvedic kapur;BARAS KAPUR;Barus camphor;benefits of karpur;best camphor brand in india;best quality camphor;bheem saini kapoor;Bheemasenee Kapoor;bhim kapoor;bhim kapur;bhim saini camphor;bhim saini kapoor;bhim saini kaupr;Bhimaseni Karpura;bhimsen;Bhimsen camphor;bhimsen camphor online;Bhimsen Kapoor;bhimsen kapoor near me;bhimsen kapoor online;Bhimsen Kapur;bhimseni;Bhimseni camphor;bhimseni camphor benefits;bhimseni camphor burn in water;bhimseni camphor buy;bhimseni camphor buy online;bhimseni camphor edible;bhimseni camphor in delhi;bhimseni camphor in gujarati;bhimseni camphor in hindi;bhimseni camphor in mumbai;bhimseni camphor in punjabi;bhimseni camphor in tamil;bhimseni camphor in telugu;bhimseni camphor in water;bhimseni camphor meaning;bhimseni camphor near me;bhimseni camphor oil;bhimseni camphor online;Bhimseni Camphor original;bhimseni camphor patanjali;bhimseni camphor powder;bhimseni camphor price;Bhimseni camphor pure;Bhimseni camphor pure original;bhimseni flakes;Bhimseni Kapoor;bhimseni kapoor buy online;Bhimseni Kapoor edible;bhimseni kapoor in hindi;bhimseni kapoor in pune;bhimseni kapoor mangalam;bhimseni kapoor near me;bhimseni kapoor online;bhimseni kapoor online india;Bhimseni Kapoor Original;bhimseni kapoor patanjali;bhimseni kapoor patanjali price;bhimseni kapoor price;bhimseni kapoor price in bangalore;bhimseni kapoor price in bhopal;bhimseni kapoor price in chennai;bhimseni kapoor price in delhi;bhimseni kapoor price in gurgaon;bhimseni kapoor price in hyderabad;bhimseni kapoor price in hyderanad;bhimseni kapoor price in indore;bhimseni kapoor price in jaipur;bhimseni kapoor price in karanataka;bhimseni kapoor price in kolkata;bhimseni kapoor price in rajasthan;bhimseni kapoor price in thane;bhimseni kapoor price in udaipur;bhimseni kapoor price online;bhimseni kapoor price per kg;bhimseni kapoor uses in marathi;Bhimseni Kapur;bhimseni kapur near me;bhimseni kapur online;bhimseni kapur price;Bhimseni Kapura;bhimseni karpoor;bhimseni natural camphor;Bhimseni natural insect repellent;bhimseni कपूर;Bhiseni;Bhīmasēnī kapūra;Borneo camphor;brass kapoor;Buy Bhimsen kapoor;buy bhimsen kapur;buy bhimseni;buy bhimseni camphor;buy bhimseni camphor near me;buy bhimseni camphor online;buy bhimseni kapoor;buy bhimseni kapoor online;buy bhimseni kapor online;buy bhimseni kapur;buy bhimseni kapur online;buy camphor;buy camphor online india;buy kapoor;buy original bhimseni kapoor;buy pure camphor online india;Camphire;camphor;camphor ayurvedic medicine;camphor ayurvedic medicines;camphor bhimsen;camphor bhimseni;camphor kapoor;camphor online india;camphor tablets;Cinnamomum agasthyamalayanum;Cinnamomum camphor;Cinnamomum camphora;Cinnamomum Kapoor;Desi Bhimseni Camphor;Desi Bhimseni kapur;Desi camphor;Desi Kapoor;desi kapoor price;Desi Kapur;DESI कपूर;difference between bhimseni camphor and normal camphor;Dryobalanops camphora;edible bhimseni camphor;edible bhimseni kapoor;Edible Bhimseni kapur;Edible Kapoor;Grade A Desi Camphor;Havan kapoor;how kapoor is made;how to identify pure camphor;Isoborneol Flakes;kaapur;kafur herb;kapoor;Kapoor amazon;kapoor bhimseni;kapoor buy;kapoor camphor;kapoor dani uses;kapoor dhoop benefits;Kapoor flpkart;Kapoor For Pooja Aarti;kapoor for pooja online;kapoor goli uses;kapoor ke;kapoor ki;kapoor kya hai;kapoor online;kapoor price;kapoor rate;Kapoor Tulsi;kapoor tulsi uses;kapoorarm;Kappuram for Pooja;Kapur;kapur bhimseni;kapur camphor;kapur oil online;kapur online;kapur price;Karpoora;Karpoora Nirajanm;karporarm;Karpura;Malay camphor;mangalam bhimseni camphor;mangalam camphor;mangalam camphor price;mangalam pure camphor;Natural Bhimseni camphor;Natural Camphor;Natural Kapoor;online kapoor;online kapur;original bhimseni kapoor;Original Camphor;original camphor in india;Original Kapoor;original kapoor online;original kapoor price;original kapur;pach karpura;Pacha Kapoor;Pacha Karpooram;Pacha Karpuram;Pachai Karpooram;Pachkarpoora;patanjali aastha;Patanjali Aastha Camphor;patanjali bhimseni kapoor;patanjali bhimseni kapoor price;patanjali bhimseni kapur;patanjali camphor;patanjali desi kapoor;patanjali desi kapoor price;patanjali kapoor;patanjali kapoor price;patanjali khane wala kapoor;pooja Camphor;pooja ka kapoor;pooja kapuur;Premium Desi Bhimseni Camphor;puja Camphor;Puja Kapoor;pure bhimseni camphor;pure bhimseni kapoor;pure camphor;pure camphor for pooja;pure camphor online;pure camphor price;pure kapoor;Pure White natural kapoor;shudh sambrani cups;Sumatran camphor;tulsi kapoor;what is bhimseni camphor;what is kapoor made of;where can i buy camphor;where can i buy camphor near me;White natural kapoor;औषधी कापूर;कापूर;देव पूजेसाठी वापरला जाणारा कापूर;देसी कपूर;प्राकृतिक कपूर;भीमसेन कपूर;भीमसेनी कपूर;भीमसेनी कापूर;ভীমসেন কাপুর;ਭੀਮਸੇਨੀ ਕਪੂਰ;ભીમસેન કપૂર;ભીમસેની કપૂર;பச்சை கற்பூரம்;பீமசேனி கற்பூரம்;పచ్చ కర్పూరం;భీమసేని కర్పూరం;ಭೀಮಸೇಣಿ ಕಪೂರ್;ಭೀಮಸೇನಿ ಕರ್ಪೂರ;ഭീമസേനി കര്‍പ്പൂരം
malawi-mango,ACTIVE,Mangoes,Malawi Mango - Buy Malawi mangoes online.,41,Buy Malawi Mango Online - Sweet & Juicy Mangoes,47,"We deliver fresh Malawi mangoes online, known for their sweet, juicy taste. Enjoy handpicked quality mangoes at your doorstep with fast, secure delivery.",153,1396,3,2100.0,2500.0,-122,african malawi mango;african mango;alphonso from malawi for mumbai;alphonso malawi;alphonso mango from malawi;alphonso mango malawi;alphonso mango Malawi buy;alphonso mangoes from malawi;alphonso mangoes malawi;alphonso mangoes Malawi buy;bai 5 malawi mango;bai flavored water malawi mango;bai malawi mango;bai malawi mango 18oz;bai malawi mango 6 ct;bai malawi mango 6 pack;bai malawi mango caffeine;bai malawi mango drink;bai malawi mango ebay;bai malawi mango nutrition;bai malawi mango nutrition facts;bai malawi mango online;bai malawi mango price;bai malawi mango review;bai5 malawi mango;big mango from malawi;black mango malawi;buy imported alfanso mango;buy malavi mango;buy malavi mango near me;buy malawi mango near me;Buy Malawi Mango Online;Buy Malawi mango site;buy malawi mangoes online;craig hardie malawi mangoes;does india buy malawi mangoes;fresh malawi alphonso mango;fresh malawi hapus mango;hapus mango cultivation in malawi;hapus mango in malawi;is malawi mango good;jonathan jacobs malawi mangoes;likoma island malawi mango;likoma island malawi mango bay;malavi hapus mango;malavi mango;malavi mango buy;malavi mango hit india;malavi mango in chennai;malavi mango in delhi;malavi mango in India;malavi mango near me;malavi mango online;malawi;malawi aam;malawi africa;malawi alphonso;malawi alphonso mango;malawi amba;malawi hapus;malawi hapus aam;malawi hapus amba;malawi hapus mango;malawi lake mango farming;malawi mango;malawi mango actual photo;malawi mango bai;malawi mango chief;malawi mango company;malawi mango costco;malawi mango exporters;malawi mango garden actual image;malawi mango hit india;malawi mango project actual photo;malawi mango season;Malawi mango site;Malawi mango site online;Malawi mango site rate;malawi mango vs mango;malawi mango website;malawi mango wikipedia;malawi mangochi;malawi mangochi katuli;malawi mangochi malindi;malawi mangochi namwera;malawi mangochi news;malawi mangochi stadium;malawi mangoes;malawi mangoes address;malawi mangoes ahmedabad;malawi mangoes AT mumbai;malawi mangoes bangalore;malawi mangoes bhopal;malawi mangoes buy online;malawi mangoes chennai;malawi mangoes company;malawi mangoes contact;malawi mangoes contact details;malawi mangoes contacts;malawi mangoes delhi;malawi mangoes gurgaon;malawi mangoes hyderbad;malawi mangoes ifc;malawi mangoes in ahmedabad;malawi mangoes in bhopal;malawi mangoes in chennai;malawi mangoes in delhi;malawi mangoes in gurgaon;malawi mangoes in gurugram;malawi mangoes in hyderabad;malawi mangoes in india;malawi mangoes in indore;malawi mangoes in jaipur;malawi mangoes in kerala;malawi mangoes in kolhapur;malawi mangoes in kolkata;malawi mangoes in mumbai;malawi mangoes in nagpur;malawi mangoes in NASHIK;malawi mangoes in orissa;malawi mangoes in pune;malawi mangoes in rajasthan;malawi mangoes in secunderabad;malawi mangoes in secunderbad;malawi mangoes in surat;malawi mangoes in vadodara;Malawi mangoes India;malawi mangoes indore;malawi mangoes jabalpur;malawi mangoes kolkata;malawi mangoes limited;malawi mangoes limited contact number;malawi mangoes logo;malawi mangoes ltd;malawi mangoes management team;malawi mangoes mauritius;malawi mangoes mauritius limited;malawi mangoes mumbai;malawi mangoes noida;malawi mangoes online;malawi mangoes online shopping;malawi mangoes pdf;malawi mangoes price;malawi mangoes price in india;malawi mangoes project;malawi mangoes pune;malawi mangoes salima;Malawi mangoes site;malawi mangoes surat;malawi mangoes taste;malawi mangoes team;malawi mangoes vacancies;malawi mangoes vadodara;malawi mangoes website;malawi mangoes.com;malawi mangos ceo;malawi mangos limited;malawi ratnagiri;malawi ratnagiri alphonso;mango drift likoma island malawi;mango drift malawi;mango flights to malawi;mango malawi;mango malawi unaida;mango malawi unaids;mango network malawi;mango production in malawi;mango season in malawi;mangoes from malawi;mangoes in malawi;mangoes malawi;mangoes season in malawi;mangos malawi;peter mango malawi;salima mango;salima mangoes;South African haapus arrives at Vashi market;south african Hapus mango;south african malavi mango;south african malavi mangoes;south african malawi mango;south african malawi mangoes;south african malawi state mango;south african malawi state mango farm;the mango club malawi;the mango club malawi high res photos;types of mangoes in malawi;varieties of mangoes in malawi;when is mango season in malawi;where do the wild mangoes grow in malawi;who bought malawi mango;yellow malawi mangoes
strawberry,ACTIVE,Berries,Strawberry Buy Online | Mahabaleshwar Strawberry,48,,0,"Buy Strawberry Online If you cannot visit Mahabaleshwar for Strawberries, we bring you the experience of the premium Mahabaleshwar strawberry from farm to home.",160,1023,2,75.0,210.0,-5,best place to buy strawberries;best place to buy strawberries in mahabaleshwar;best place to buy strawberries in nashik;best place to buy strawberries near me;best places to buy strawberries in hooghly;best places to buy strawberries in kolkata;best strawberr farm in mahabaleshwar;best strawerry famrs in mahaba;eshwar;Buy Export Quality Premium Strawberry Online;buy fresh strawberries;buy fresh strawberries kolkata;buy fresh strawberries online;buy fresh strawberries online mumbai;buy fresh strawberry;buy fresh strawberry online india;buy fresh strawberry online mumbai;buy frozen strawberries;buy frozen strawberries online;buy mahabaleshwar strawberry;buy online strawberry at nagpur;buy online strawberry at SURAT;buy organic strawberries;buy original mahabaleshwar strawberry;buy original strawberry;buy original strawberry fruit;buy strawberries bulk;buy strawberries fruit online;buy strawberries in chandigarh;buy strawberries in delhi;buy strawberries in gachibowli;buy strawberries in hyderabad;buy strawberries in mumbai;buy strawberries in pune;buy strawberries in thane;buy strawberries in walkeshwar;buy strawberries near me;buy strawberries online;buy strawberries online delhi;buy strawberries online hyderabad;buy strawberries online india;buy strawberries online kolkata;buy strawberries online mumbai;buy strawberries wholesale;buy strawberry;buy strawberry amazon;buy strawberry bangalore;buy strawberry big basket;buy strawberry bigbasket;buy strawberry chennai;buy strawberry delhi;buy strawberry fruit;buy strawberry fruit chennai;buy strawberry fruit in india;buy strawberry fruit in india amazo;buy strawberry fruit in india amazon;buy strawberry fruit online;buy strawberry fruit online bangalore;buy strawberry fruit online bigbasket;buy strawberry fruit online india;buy strawberry fruit online mumbai;buy strawberry fruit online pune;buy strawberry fruit online thane;buy strawberry fruits online;buy strawberry grofers;buy strawberry hyderabad;buy strawberry in delhi;buy strawberry kolkata;buy strawberry mumbai;buy strawberry naturefresh;buy strawberry near me;buy strawberry online;buy strawberry online ahmedabad;buy strawberry online bandra;buy strawberry online bangalore;buy strawberry online chennai;buy strawberry online delhi;buy strawberry online ernakulum;buy strawberry online gurugaon;buy strawberry online gurugram;buy strawberry online hyderabad;buy strawberry online kolkata;buy strawberry online lucknow;buy strawberry online mumbai;buy strawberry online navi mumbai;buy strawberry online noida;buy strawberry online pune;buy strawberry online secunderabad;buy strawberry pune;buy white strawberry;buy wild strawberries;buy wild strawberries fruit;can you buy strawberries in spencers;dried strawberry buy india online;fresh strawberries;fresh strawberry;Fresh strawberry Benefits;fresh strawberry buy;fresh strawberry buy online;fresh strawberry fruit buy online;fresh strawberry fruite buy online;fresh strawberry online;fresh sweet charlie strawberry;fresh sweet charlie strawberry fruit;gift strawberry;gift strawberry online;how to buy strawberries;how to buy strawberry online chennai;laxmi strawberry;mahabaleshwar strawberries;mahabaleshwar strawberry;mahabaleshwar strawberry online;mahabaleshwar strawberry price;nabila strawberries;Nabila Strawberry;online buy strawberry;online strawberry fruit buy;online strawberry shop;organic strawberry online;panchgani strawberry;red strawberry;shops in ahmedabad to buy strawberries;shops in bangalore to buy strawberries;shops in chennai to buy strawberries;shops in delhi to buy strawberries;shops in kolkata to buy strawberries;shops in surat to buy strawberries;shops in trivandrum to buy strawberries;shops in vadodara to buy strawberries;should i buy organic strawberries;should you buy strawberries organic;straberry price in pune;strawberries;strawberries buy online in india;strawberries near me;Strawberry;strawberry buy;strawberry buy gurdaspur;strawberry buy india;strawberry buy online;strawberry buy online kerala;strawberry buy online kolkata;strawberry buy online on amazon india;strawberry buy shop near me;strawberry buy shop near me in allahabad;strawberry delhi;Strawberry Diabetes;Strawberry Diabetics;Strawberry for Diabetes;Strawberry for Diabetics;strawberry from Mahabaleshwar;strawberry fruit buy;strawberry fruit buy shop near me in allahabad;strawberry hyderabad;strawberry kolkata;strawberry mahabaleshwar;strawberry mumbai;strawberry near me;strawberry online;strawberry online amazon;strawberry online bangalore;strawberry online chennai;strawberry online hyderabad;strawberry online india;strawberry online mumbai;strawberry online navi mumbai;strawberry online near me;strawberry online pune;strawberry online shop;strawberry online shop Mumbai;strawberry online shop pune;strawberry online shop thane;strawberry online thane;strawberry panchgani;strawberry picking mahabaleshwar;strawberry picking near pune;strawberry price in mahabaleshawr;strawberry pune;strawberry season in india;strawberry season in mahabaleshwar;strawberry season in mumbai;strawberry season in pune;strawberry suppliers in mahabaleshwar;strawberry Vai;strawberry wai;strawberry where to buy;strawberrys buy online;strowberi;sweet charlie strawberry;sweet charlie strawberry taste;Sweet Sensation Strawberry;vai strawberry;wai mahabaleshwar strawberry;wai strawberry;what to buy in strawberry;when is the best time to buy strawberries;when to buy strawberries;where can i buy strawberries;where can i buy strawberries near me;where can i buy strawberry;where to buy california giant strawberries;where to buy candied strawberries near me;where to buy cheap strawberries;where to buy cheap strawberries in delhi;where to buy dried strawberries near me;where to buy fresh strawberries;where to buy fresh strawberries in bulk;where to buy fresh strawberries near me;where to buy fresh strawberry online;where to buy fresh wild strawberries;where to buy good strawberries;where to buy homegrown strawberries near me;where to buy large strawberries;where to buy local strawberries near me;where to buy organic strawberries;where to buy organic strawberries near me;where to buy strawberries;where to buy strawberries in ahmedabad;where to buy strawberries in bangalore;where to buy strawberries in bhopal;where to buy strawberries in bulk;where to buy strawberries in chennai;where to buy strawberries in delhi;where to buy strawberries in ernakulum;where to buy strawberries in gurgaon;where to buy strawberries in hyderabad;where to buy strawberries in india;where to buy strawberries in indore;where to buy strawberries in kolkata;where to buy strawberries in mahabaleshwar;where to buy strawberries in mumbai;where to buy strawberries near me;where to buy strawberries wholesale;where to buy strawberry fruit in lucknow;where to buy strawberry in amritsar;where to buy strawberry in baguio;where to buy strawberry in bangalore;where to buy strawberry in chandigarh;where to buy strawberry in delhi;where to buy strawberry in patiala;where to buy strawberry in pune;where to buy white strawberries;where to buy white strawberries near me;where to buy wild strawberries;winter down strawberry;Winterdown Strawberry;महाबळेश्वर स्ट्रॉबेरी;स्ट्रॉबेरी;स्ट्रॉबेरी महाबळेश्वर;स्त्रावबेरी
pairi-mango,ACTIVE,Mangoes,Pairi Mango - Payari Mango,26,Authentic Pairi Mango | Buy Amrut Payari Online (Konkan),56,"Buy original Pairi mangoes online from Konkan, Maharashtra. Known as Amrut Payari, this 100% carbide-free, extremely juicy mango is the choice for pure Aamras.",159,1220,1,2799.0,2799.0,0,Amrut Pairi;amrut pairi mango;Amrut Payari;amrut payari mango;amrut payri mango;Buy amrut pairi mango online;Buy amrut pairi mangoes;Buy amrut pairi mangoes online;Buy amrut payari mango;buy amrut payari mango online;Buy amrut payari mangoes online;buy pairi mango online;buy pairi mangoes;buy payari mango online;cheruku mango;cheruku rasalu mango;chinna rasalu mango;devgad amrut pairi;devgad amrut payari;how to eat pairi mango;Juicy Mango;mango buy;mango payri;mango variety pairi;mango variety payri;pairi;pairi amba;pairi mango;pairi mango benefits;pairi mango bhav;pairi mango daam;pairi mango in english;pairi mango in hindi;pairi mango in kannada;pairi mango in marathi;pairi mango in tamil;pairi mango in telugu;pairi mango information;pairi mango online;pairi mango origin;pairi mango plant;pairi mango price;pairi mango rate;pairi mango taste;pairi mango tree;pairi mango uses;pairi mango wiki;pairi mangoes online;pairi mangoes price;pari mango;paris mango clothing;paris mango website;payari amba;payari mango;payari mango bhaav;payari mango daam;payari mango price;payari mango rate;payari mango tree;payari mangoes;Payiri Mango;payri amba;payri mango;payri mango buy online;payri mango image;payri mango in bangalore;payri mango in delhi;payri mango in mumbai;payri mango in pune;payri mango kolkata;payri mango mumbai;payri mango online;payri mango pune;payri mango rate;payri mangoes;payri mangoes online;pyari mango;rasalu mango;rasalu mango Karnataka;ratnagiri amrut pairi;ratnagiri amrut payari;ratnagiri pairi mango;SHIPPING BOX;son pari mango;son pari mango tree;son pari mango variety;what is pairi mango;अमृत ​​पायरी;अमृत ​​पायरी आंबा;पायरी आंबा
aamras-ambyacha-ras,ACTIVE,Fruit Sauces,Aamras - Ambyacha ras - Keri No Ras,35,Buy Aamras Online - Pure Alphonso Mango Ras,43,Enjoy fresh Aamras online made from ripe Alphonso mangoes. Thick sweet and ready to serve we deliver delicious mango pulp to your doorstep.,139,902,3,150.0,575.0,0,aamras;aamras and puri order online;aamras buy;aamras fruit;aamras in delhi online;aamras mumbai online;Aamras Near Me;aamras online;aamras online buy;aamras online mumbai;aamras online order;aamras online order food panda;aamras online order in delhi;aamras online order swiggy;aamras order online;aamras providing hotel near me;aamras puri;aamras puri near me;aamras puri online;aamras recipe in hindi;aamras thali near me;aamras wholesale near ulwe;best aamras near me;buy aamra;buy aamra in bengali;buy aamras;buy aamras near me;buy aamras online;buy paperboat aamras;order aamras online;paper boat aamras online;sheetal aamras;sheetal aamras andheri;sheetal aamras andheri supplier;sheetal aamras near me;sheetal aamras online;sheetal aamras rate;unlimited aamras thali near me
mazafati-date,ACTIVE,Dates,Mazafati Dates Online - Iranian Date - Kimia Dates,50,Buy Kimia Dates Online 500 gms | Original Khajoor Price,55,Explore the rich taste of Mazafati Dates from Iran. Discover Kimia Dates online at AlphonsoMango.in. Shop now for freshness and quality in every bite.,150,483,2,238.0,415.0,561,ajfan dates;almas mazafati dates;aRABIAN DATES;are mazafati dates good;bam dates;bam dates calories;bam dates fresh;bam dates iran;bam dates nutrition;bam dates price;bam dates price in india;bam fresh dates iran;bam irani mazafati dates;bam kerman dates;bam mazafati dates;bam mazafati dates price in india;bam sun dates;bam super dates;bami dates;buy ajwa dates;buy ajwa dates online;buy dates;buy dates near me;buy dates online india;buy fresh dates;buy fresh dates online;buy kimia date;buy kimia dates bangalore;buy kimia dates bihar;buy kimia dates chennai;buy kimia dates delhi;buy kimia dates hyderabad;buy kimia dates lucknow;buy kimia dates luknow;buy kimia dates mumbai;buy kimia dates muzaffarnagar;buy kimia dates near me;buy kimia dates online;buy kimia dates pune;buy mazafati date;buy mazafati dates;buy mazafati dates amazon;Buy Mazafati dates online;Buy mazafati dates wholesale;buy mazafati soft dates;buy medjool dates;buy medjool dates online;buy soft dates;Buy soft khajoor;Buy soft khajur;candy mazafati dates;caspian mazafati dates;crystal bam mazafati dates;date palm;dates;dates fraiches mazafati;dates majafati;dates mazafati;dates mazafati dates;dates online;dates store the mazafati dates;emperor dates iranian mazafati;excellent mazafati dates;farah mazafati date;farah mazafati dates;how to identify original kimia dates;how to store mazafati dried dates;imported gresh soft mazafati dates;iran mazafati dates;iran mazafati dates price in india;irani khajoor;irani khajur;iranian bam dates;iranian dates;Iranian Mazafati dates;khajoor;khajur;kimia;kimia date;kimia dates;kimia dates 500 gm price;kimia dates 500 gm rate;kimia dates benefits;kimia dates box;kimia dates buy online;kimia dates calories;kimia dates cost;kimia dates during pregnancy;kimia dates health benefits;kimia dates iran;kimia dates near me;kimia dates near me online;kimia dates nutrition;kimia dates online;kimia dates origin;kimia dates pack;kimia dates price;kimia dates price in chennai;kimia dates price in dmart;kimia dates price in india;kimia dates price reliance;kimia dates rate;kimia dates rates;kimia dates review;kimia dates suppliers;kimia dates use;kimia dates uses;kimia dates vs lion dates;kimia dates wholesale;kimia dates wholesale in chennai;kimia dates wholesale in mumbai;kimia dates wiki;kimia gold dates;kimia Khajoor;kimia khajoor online;kimia khajur;kimia zar dates;kurma mazafati dates;majafati;majafati dates;majafati dates iran;malgudi mazafati dates;mazafati;mazafati 2 dates;mazafati bam dates;mazafati date;mazafati date palm;mazafati date price;mazafati date rate;mazafati dates;mazafati dates 1kg;mazafati dates 500g;mazafati dates 5kg;mazafati dates adalah;mazafati dates ahmedabad;mazafati dates amazon;mazafati dates and fresh zahidi dates suppliers gwalior;mazafati dates and fresh zaidi dates supplier gwalior;mazafati dates bangalore;mazafati dates benefits;mazafati dates buy online;mazafati dates calories;mazafati dates canada;mazafati dates canty;mazafati dates chennai;mazafati dates delhi;mazafati dates dry fruits;mazafati dates exporters;mazafati dates factory;mazafati dates for roza;mazafati dates fruit;mazafati dates glycemic index;mazafati dates harga;mazafati dates health benefits;mazafati dates hyderabad;mazafati dates importers in india;mazafati dates in dubai;mazafati dates in usa;mazafati dates india;mazafati dates iran;mazafati dates iran address;mazafati dates iran contact number;mazafati dates khajoor iran dates 1;mazafati dates khajoor iran dates 1 1kg price;mazafati dates khajoor iran dates 1 kg;mazafati dates kopen;mazafati dates loading on container;mazafati dates manufacturers in india;mazafati dates meaning;mazafati dates mumbai;mazafati dates near me;mazafati dates nutrition;mazafati dates nutrition fact;mazafati dates nutrition facts;mazafati dates nutrition value;mazafati dates nz;mazafati dates online;Mazafati dates online at best price;mazafati dates origin;mazafati dates original 1kg;mazafati dates pregnancy;Mazafati dates Price;mazafati dates price in delhi;mazafati dates price in india;mazafati dates price in iran;mazafati dates price in mumbai;mazafati dates price in pune;mazafati dates price indiamart;mazafati dates pune;mazafati dates rate;mazafati dates recipes;mazafati dates review;mazafati dates shelf life;mazafati dates sifat;mazafati dates singapore;mazafati dates specification;mazafati dates storage;mazafati dates storage in chennai;mazafati dates storage in mumbai;mazafati dates storage unit or refrigerator or room;mazafati dates supplier;mazafati dates suppliers;mazafati dates suppliers in india;mazafati dates suppliers near me;mazafati dates surat;mazafati dates taste;mazafati dates tree;mazafati dates uk;mazafati dates vs kimia dates;mazafati dates vs medjool;mazafati dates where to buy;mazafati dates wholesale;mazafati dates wikipedia;mazafati dry dates;mazafati fresh dates;mazafati fresh dates calories;mazafati Irani Khajoor;mazafati iranian dates;mazafati iranian fresh dates;medjool dates;order mazafati dates;organic mazafati dates;original kimia dates;original kimia dates 500g;original kimia dates benefits;original kimia dates price;original kimia dates price in india;ozel mazafati dates;palm date;premium mazafati dates;ranian Dates;roasta omani mazafati dates;royal crown mazafati dates;royal mazafati dates;sadra mazafati dates bam;SAFAVI mazafati dates;sahara mazafati dates;saras mazafati dates;shirin kimia dates;sultan mazafati dates;types of mazafati dates;what are mazafati dates;what is kimia dates;where to buy mazafati date;where to buy mazafati dates;zahra mazafati dates
persimmon-amarphal-online,ACTIVE,Fruits & Vegetables,Buy Persimmon Fruit - Buy Amarphal Online - Sharon fruit,56,"Buy Persimmon Fruit (Amarphal, Sharon) Online ",46,"Buy Persimmon Fruit, Buy Amarphal Online, at the lowest price. Sharon fruit now available in India for you imported directly from Spain delicacy fruit.",151,1253,3,240.0,580.0,0,amar fal;amar fal fruit;amar fal online;amar fhal;amar fruit;amar phal;amar phal benefits;amar phal buy online;amar phal kaisa hota hai;amar phal ke fayde;amar phal near me;amar phal nutrition;amar phal online;amar phal uses;amarfal;amarfal fruit;amarphal;amarphal benefits;amarphal buy online;amarphal during pregnancy;amarphal fruit;amarphal fruit benefits;amarphal fruit in english;amarphal fruit in hindi;amarphal fruit in india;amarphal fruit in pregnancy;amarphal fruit online;amarphal how to eat;amarphal in english;amarphal in hindi;amarphal india;amarphal information in hindi;amarphal ke fayde;amarphal kya hai;amarphal near me;amarphal online;Amarphal Online at Best Price;amarphal price;amlok;amra phal near me;amraphal in himalaya;amrphal fruit;buy a persimmon;Buy amar fal;buy amar phal;buy amar phal near me;buy amar phal online;buy amarphal;buy amarphal near me;buy amarphal online;buy amarphal online delhi;buy amarphal online india;buy asian persimmon;buy fresh persimmons online;Buy Fresho Persimmon;buy fuyu persimmons online;buy persimmon;buy persimmon fruit;buy persimmon fruit in india;buy persimmon fruit near me;Buy Persimmon Fruit Online;Buy persimmon fruit online india;buy persimmon in india;buy persimmon online;buy persimmon online india;buy persimmon pulp online;buy persimmons near me;can you buy persimmons;can you buy persimmons year round;Caucasian persimmon;Cīmaip paṉiccai;DATE PALIM IN INDIA;date plum;date plum benefits;date plum fruit;date plum in hindi;DATE PLuM IN INDIA;Diospyros;Diospyros kaki;Diospyros peregrina;divine fruit;dried persimmon;Eureka;Fuyu;fuyu persimmon near me;fuyu persimmon online;fuyu persimmon order online;Gosho;Hachiya;hachiya persimmon for sale near me;hachiya persimmon near me;hachiya persimmon online;help to buy persimmon;Honan Red;how much do persimmon fruit cost;how to buy persimmon;how to eat persimmon fruit;indian persimmon;is persimmon available in india;japanese persimmon;japani fal;Japani phal;Japani Phal Amlok;Japani Phal Amlok amarphal;Jiro;kaaku  fruit;khurama fal;koka;koka fruit;lilac persimmon;order persimmon fruit online;Oriental persimmon;persimmon;persimmon 2021;persimmon amarfal;persimmon amazon;persimmon benefits;persimmon buy;persimmon buy online;persimmon cost;persimmon cost in india;persimmon during pregnancy;persimmon eating;persimmon for diabetes;persimmon for sale;persimmon for sale near me;persimmon for weight loss;persimmon fruit;persimmon fruit amazon;persimmon fruit benefits;persimmon fruit buy;persimmon fruit buy online;persimmon fruit cost;persimmon fruit cost in india;persimmon fruit for babies;persimmon fruit for sale;persimmon fruit for sale near me;persimmon fruit how to eat;persimmon fruit in hindi;persimmon fruit in India;persimmon fruit in mumbai;persimmon fruit in pune;persimmon fruit in tamil;persimmon fruit in telugu;persimmon fruit kerala;persimmon fruit near me;persimmon fruit online;persimmon fruit online bangalore;persimmon fruit online hyderabad;persimmon fruit online india;persimmon fruit online shopping;persimmon fruit price in delhi;persimmon fruit price in india;persimmon fruit price in india per kg;persimmon fruit rate in india;persimmon fruit sale;persimmon fruit shop near me;persimmon fruit tamil name;persimmon fruit where to buy;persimmon fruits;persimmon fruits in india;persimmon how to eat;persimmon in hindi;persimmon in india;persimmon in mumbai;persimmon japanese;persimmon japanese fruit;persimmon Japani phal;persimmon meaning;persimmon near me;persimmon online;persimmon online india;persimmon online mumbai;persimmon online order;persimmon pickup near me;persimmon price;persimmon price in india;persimmon price in mumbai;persimmon price per kg;persimmon price per kg in ahmedabad;persimmon price per kg in bangalore;persimmon price per kg in chennai;persimmon price per kg in india;persimmon price per kg in kolkata;persimmon price per kg in mumbai;persimmon price per kg in pune;persimmon rate;persimmon rate in chennai;persimmon rate in delhi;persimmon rate in india;persimmon rate in kerala;persimmon rate in kolkata;persimmon rate in madhya pradesh;persimmon rate in pune;persimmon rate in uttar pradesh;persimmon sites near me;persimmon sold near me;persimmon to buy;persimmon where to buy;Persimmons Fuyu;persimon;persimon fal;persimon fruit;persimon fruit online;persimon fruits;persimon phal;persimon price;red persimmon near me;Saijo;sharon fruit;sharon fruit persimmon;Sharon phal;Tamopan;Tanenashi;Tembhra;tendu fruit;Tendu Fruits;to buy persimmon;Triumph;tuniki kaya;Tuniki pandu;when to buy persimmons;where can i buy persimmon fruit;Where can I buy persimmon fruit in India;where to buy japanese persimmon;where to buy persimmon;where to buy persimmon fruit near me;where to buy persimmons near me;where to find persimmon near me;who sells persimmons near me;अमरफल;अमलोक;ख़ुरमा फल;जापानी फल;जापानी फल amlok;तेंदू का फल;तेंदू परसीमन फल;तेंदू फल;परसीमन;पर्सिमॉन;পার্সিমন;বিলিতি গাব;ટીમરુ;પર્સિમોન;பெர்ஸிம்மோன் பழம்;பேரிச்சம் பழம்;ఖర్జూరం;పెర్సిమోన్;ಪರ್ಸಿಮನ್
sandgi-mirchi,ACTIVE,Seasonings & Spices,Sandgi Mirchi,13,Sandgi Mirchi | Kondattam Molagu | Dahi Mirchi,46,"Sandgi Mirchi (Kondattam Molagu, Dahi Mirchi) green Mirchi stuffed with spices sun-dried from Konkan vacuum packed available online tastes awesome with rice.",157,139,1,250.0,250.0,19,buy curd chilli;buy curd chillies online;buy sandgi mirchi;buy sandgi mirchi online;buy sun dried curd chillies online;Challa Mirapakaya;Challa Mirapakayalu;Chillies Sun Dried;Curd Chilli;curd chilli amazon;curd chilli benefits;curd chilli bigbasket;curd chilli buy;curd chilli buy online;curd chilli fry;curd chilli online;curd chilli price;curd chilli recipe;Curd Chilli Vathal;Curd Chillies;curd chillies buy online;Curd Chillies Dry;curd chillies recipe;Curd Chilly;Curd Chilly Dry;curd chilly online;curd mirchi;dahi Mirchi;dahi mirchi online;Dahi Mirchi Recipe;deep fried bean curd with salt and chilli;Dhai Mirchi;Dried Curd Chillies;dry chilli with curd fry buy;Dry curd chillies;green chilli in curd;green chilli in curd online;Homemade Challa Mirapakaya;how to make curd with red chilli;Ikkiyam Curd Dip Sun Dry Chilly;kondattam chilli;Kondattam Molagu;Kondattam Molagu amazon;Kondattam Molagu bigbasket;Long Curd Chilli;madhurasrecipe sandgi mirchi;Majjiga Mirapakaya;Majjiga Mirapakayalu;Majjige Mirapakaya;Mor Milagai;mor molaga;More Milagai;Moru Mulaku;Oora Mirapakayalu;recipe of sandgi mirchi;salt and chilli bean curd;salt and chilli bean curd recipe;salted curd chillies;sandagi mirchi;sandgi mirchi;sandgi mirchi buy;sandgi mirchi buy online;sandgi mirchi deep fried;sandgi mirchi in hyadrabad;sandgi mirchi in hyderabad;sandgi mirchi online;sandgi mirchi photography;sandgi mirchi price;sandgi mirchi receipe;sandgi mirchi recipe;sandgi mirchi recipe in marathi;Stuff Dried Chili;Stuffed Dried Chili;Sun Dried Curd Chilli;Sun Dried Curd Chillies;sun dried curd chillies online;sun dried curd mirchi;sun dried yogurt chillies;कोकणातली पारंपरिक सांडगी मिरची;कोकणातली सांडगी मिरची;चटपटीत सांडगी मिर्ची;दही मिर्ची;पारंपरिक सांडगी मिरची;सांडगी मिर्ची
kokum,ACTIVE,Seasonings & Spices,Buy Kokum Aamsul Online Kokum Rind,34,Buy Kokum Aamsul Online Kokum Rind Garcinia Indica,50,"Buy Kokum Online, often known as amsul, kokam, Kokum Rind, Garcinia Indica, for tasty curries Konkan recipes substitute tamarind, Sol Kadhi, & Kokum Sherbet.",157,924,3,200.0,640.0,875,aamsul;aamsul fruit;aamsul in english;aamsul in hindi;aamsul marathi;aamsul online;aamsul Tail;aamsul tel;amsool;amsul;amsul fruit;amsul in english;amsul in marathi;amsul kokum;benefits of kokum;best kokum butter manufacturers;best kokum dried;bulk kokum butter;buy aamsul online;buy amsul;buy dried kokum;buy dried kokum rinds;buy dried kokum rinds online;buy dry Kokum;buy Garcinia indica;buy kokum;Buy Kokum Aamsul Online;buy kokum amsul online;buy kokum bangalore;buy kokum butter;buy kokum butter australia;buy kokum butter online;buy kokum butter online india;buy kokum butter soap;buy kokum chennai;buy kokum delhi;buy kokum fruit;buy kokum fruits;buy kokum hyderabad;buy kokum in ahmedabad;buy kokum in bangalore;buy kokum in bhopal;buy kokum in chennai;buy kokum in gurgaon;buy kokum in hyderabad;buy kokum in indore;buy kokum in jaipur;buy kokum in kolkata;buy kokum in lucknow;buy kokum in mumbai;buy kokum in noida;buy kokum in pune;buy kokum in rajasthan;buy kokum in shillong;buy kokum in tamil nadu;buy kokum in thane;buy kokum in udaipur;buy kokum juice online india;buy kokum mumbai;buy kokum near me;buy kokum online;buy kokum pune;buy kokum rind on;line;buy kokum secunderabad;buy kokum seeds online;buy kokum syrup online;buy organic kokum butter;buy organic kokum online;can kokum reduce weight;cocam fruit;coccum;cocom fruit;dried kokum;dried kokum fruit;dried kokum health benefits;dried kokum near me;dried kokum online;dried kokum rinds;dried kokum rinds online;dry kokam;dry Kokum;dry kokum amsul;dry kokum benefits;dry kokum curry;dry kokum images;dry kokum in english;dry kokum in hindi;dry kokum juice recipe;dry kokum online;dry kokum price;dry kokum rate;dry kokum recipe;dry kokum sharbat recipe;dry kokum uses;dry kokum vs wet kokum;fresh kokum;Garcinia indica;garcinia kokum;goa kokum;goa kokum online;goan kokum;how to dry kokum;how to dry kokum fruit;how to eat dry kokum;how to make dry kokum;how to use dry kokum;how to use dry kokum in cooking;how to use kokum butter;how to use kokum dry;is kokum butter good for hair;is kokum butter good for skin;kakum butter;khokum;kokam;kokam fruit;kokam gujarat;kokam ka fool;kokam online;kokam price;kokam reseller;kokam taste;kokum;kokum 1kg price;kokum agal;Kokum Amsul;kokum available near me;kokum benefits for hair;kokum berry;kokum black dry;kokum black dry in tamil;kokum black dry uses;kokum butter price per kg;kokum buy;kokum buy online;kokum buy uk;kokum dried;kokum dry;kokum dry fruit;kokum dry how to use;kokum dry jungle plum;Kokum Dry spice;kokum dryden;kokum for diabetes;kokum for skin;kokum fruit;kokum fruit online;kokum fruit price;kokum fruit price per kg;kokum fruit taste;kokum goa;kokum half kg price;kokum how to use;kokum in assamese;kokum in kerala;kokum juice buy online;kokum juice from dry kokum;kokum juice with dry kokum;kokum kadhi;kokum kokum;kokum liquid;kokum near me;kokum online;kokum online amazon;kokum online big basket;kokum online buy;kokum online flipkart;kokum online grofers;kokum online rate;kokum per kg price;kokum phool price;kokum price;kokum price in India;kokum price in mumbai;kokum products;kokum rate;kokum rind;kokum rinds;kokum seeds;kokum sharbat;kokum shop near me;kokum spice;kokum syrup;kokum tamarind;kokum to buy;kokum uses;kokum vegetable;kokum vs tamarind;konkan kokum;koukum;Niger  kokamseed;Niger seed;organic kokum online;ratamba;ratamba fruit;sun dried kokum;sweet kokam;sweet kokum fruit;thekera tenga;thekera tenga benefits;types of tamarind in india;when to drink kokum juice for weight loss;where can i buy kokum;where can i buy kokum butter;where can i buy kokum fruit;where can i buy kokum in chennai;where can i buy kokum in uk;where to buy fresh kokum;where to buy kokum;where to buy kokum butter;where to buy kokum butter near me;where to buy kokum fruit;where to buy kokum in chennai;where to buy kokum in goa;where to buy kokum in singapore;where to buy kokum in uk;where to buy kokum in usa;where to buy kokum juice;अमसुल;आमसूल;कोकम;कोकम fruit;कोकम in english;કોકમ;కొఖమ్ శర్భధ్;ಕೋಕಂ
brazil-nuts,ACTIVE,Nuts & Seeds,Shop Fresh Premium Brazil Nuts Online,37,Shop Fresh Premium Brazil Nuts Online from Alphonso Mango,57,Buy premium Brazil nuts online at AlphonsoMango.in. Enjoy rich flavor and nutrition in every bite. Perfect healthy snack in a 200 gm pack. Order now!,149,1091,3,815.0,3450.0,142,amazon india online shopping brazil nuts;amazon nut;amazon online shopping brazil nuts;best brazil nuts to buy;best brazil nuts to buy in india;bolivia brazil nut buy;brazil nut;Brazil Nuts;Brazil Nuts bulk order;brazil nuts buy;brazil nuts buy in brazil;brazil nuts buy india;brazil nuts buy online;brazil nuts buy online in india;brazil nuts buy online india;Brazil Nuts deals;Brazil Nuts for sale;brazil nuts in india;brazil nuts near me;Brazil Nuts near me chennai;Brazil Nuts near me delhi;Brazil Nuts near me kolkata;brazil nuts nearby;Brazil Nuts offers;brazil nuts online;brazil nuts online amazon;brazil nuts online buy;brazil nuts online buy at mart.com;brazil nuts online india;brazil nuts online purchase;brazil nuts online shop in india;brazil nuts online shopping;brazil nuts online shopping india;brazil nuts seeds online;Brazil Nuts Selenium;brazil nuts to buy;brazil nuts where to buy;brazil nuts with shell buy;BrazilNut;buy brazil nut;buy brazil nut in shell;buy brazil nut online;buy brazil nut pod;buy brazil nuts;buy brazil nuts ahmedabad;buy brazil nuts amazon;buy brazil nuts australia;buy brazil nuts canada;buy brazil nuts chennai;buy brazil nuts delhi;buy brazil nuts hyderabad;buy brazil nuts in ahmedabad;buy brazil nuts in bangalore;buy brazil nuts in bulk;buy brazil nuts in chandigarh;buy brazil nuts in chennai;buy brazil nuts in delhi;buy brazil nuts in india;buy brazil nuts in india cheap;buy brazil nuts in Mumbai;buy brazil nuts in shell;buy brazil nuts in shell uk;buy brazil nuts in surat;buy brazil nuts india;buy brazil nuts indore;buy brazil nuts kolhapur;buy brazil nuts mumbai;buy brazil nuts near me;buy brazil nuts near me shop;buy brazil nuts nz;buy brazil nuts online;buy brazil nuts online bangalore;buy brazil nuts online chennai;buy brazil nuts online delhi;buy brazil nuts online india;buy brazil nuts online kolkata;buy brazil nuts online mumbai;buy brazil nuts pune;buy brazil nuts singapore;buy brazil nuts surat;buy brazil nuts thane;buy brazil nuts uk;buy chocolate brazil nuts;buy dark chocolate brazil nuts;Buy fresh Brazil Nuts;buy organic brazil nuts;buy trader joe's brazil nut body butter;Buy whole Brazil Nuts;Discounted Brazil Nuts;do you need to buy organic brazil nuts;Get Brazil Nuts online;happilo brazil nuts;in pune aundh where can i buy brazil nuts;online shopping brazil nuts in indore;Order Brazil Nuts online;Purchase Brazil Nuts;Secure Brazil Nuts purchase;Shop Amazon Nuts;want to buy brazil nuts;where can i buy brazil nuts;where can i buy brazil nuts near me;where can you buy brazil nuts;where to buy brazil nut;where to buy brazil nuts;where to buy brazil nuts from brazil;where to buy brazil nuts in bangalore;where to buy brazil nuts in canada;where to buy brazil nuts in delhi;where to buy brazil nuts in india;where to buy brazil nuts in singapore;where to buy brazil nuts locally;where to buy brazil nuts near me;Where to buy Brazil Nuts online;where to buy organic brazil nuts;where to buy raw brazil nuts;where to get brazil nuts in india online;why are brazil nuts so expensive
california-almonds-badam,ACTIVE,Nuts & Seeds,Buy California Almonds Online: Convenient and Nutritious Snacks,63,Buy California Almonds Online Healthy Crunchy Snack,51,"Buy California almonds online – fresh, crunchy, and nutrient rich. Perfect for snacking or cooking. Shop premium quality almonds with fast delivery today!",154,1799,3,355.0,1360.0,732,1 kg almond price;1 kg almond price in bangalore;1 kg almond price in chennai;1 kg almond price in flipkart;1 kg almond price in india;1 kg almond price in india today;1 kg almond price in kolkata;1 kg almond price in mumbai;1 kg almond price in punjab;1 kg badam buy online;100 gm almond price;100gm almond price;1kg almond price;1kg almond price in india today;250 gm almond price;250 gram almond price;250g almond price;50 gm almond price;500g almond price;almond badam buy online;almond nuts online;almond online lowest price;almond online shopping in india;almond price;almond price 1 kg;almond price 100 gm;almond price 1kg;almond price 1kg in india;almond price 1kg in jaipur;almond price 250 gm;almond price 500 gm;almond price california.;almond price chennai;almond price delhi;almond price hyderabad;almond price in ahmedabad;almond price in america;almond price in bangalore;almond price in big bazaar;almond price in california;almond price in delhi;almond price in delhi khari baoli;almond price in delhi per kg;almond price in dmart;almond price in hyderabad;almond price in india;almond price in india 1kg;almond price in india per kg;almond price in jammu;almond price in kashmir;almond price in kerala;almond price in kolkata;almond price in lucknow;almond price in ludhiana;almond price in market;almond price in mumbai;almond price in odisha;almond price in patna;almond price in punjab;almond price in usa;almond price india;almond price jaipur;almond price kerala;almond price kolkata;almond price mumbai;almond price online;almond price per kg;almond price per kg in delhi;almond price per kg in india;almond price pune;almond price punjab;almond price today;almond price usa;almond price wholesale;almond rate;almond roca where to buy;almond seeds online;almonds;almonds 1kg;almonds 500 gm online price;almonds 500gm online;Almonds Nutritional Value;almonds online;almonds online 1KG;almonds online amazon;almonds online paytm;almonds online price;almonds online Shopping;almonds to buy online;almonds wholesale online;amazon almond price;american almond;american almond price;american badam;bada badam;badam;Badam Badam;badam buy online;badam buy online at best price;badam buy online bangalore;badam buy online india;badam mamra buy;badam nuts buy online;badam pisin buy online india;badam pista nuts to buy;badam seeds 1kg 500 we want where to buy;baddam;best almond online;best almond price;best almonds online;best almonds to buy in india;best quality almond price in india;best quality almonds online india;buy 1kg badam online;buy almond;buy almond bread;buy almond flour in bulk;buy almond flour uk;buy almond in bulk;buy almond meal;buy almond meal online india;buy almond milk in bulk;buy almond milk online;buy almond online;buy almond roca;buy almond stuffed dates;buy almond tree;buy almonds;buy almonds ahmedabad;buy almonds banagalore;buy almonds bhopal;buy almonds cheap;buy almonds cheap online;buy almonds chennai;buy almonds delhi;buy almonds hyderabad;buy almonds india;buy almonds indore;buy almonds kolkata;buy almonds mumbai;buy almonds online;buy almonds online 1kg;buy almonds online bangalore;buy almonds online cheap;buy almonds online india;buy almonds online pune;buy almonds pune;buy almonds secunderabad;buy almonds surat;buy badam;buy badam 1kg;buy badam at lowest rates;buy badam bulk;buy badam online;buy badam online bangalore;buy badam online chennai;buy badam online mu;buy badam online mumbai;buy badam online nutrabay;buy badam online paytm;buy badam online wholesale;buy badam rogan online;buy badam with shell;buy bitter almonds;buy blue diamond almonds;buy California Almonds Online;buy cashew nuts and badam in hyderabad;buy fresh almonds;buy green almonds online india;buy indian badam online;buy kaju and badam;buy mamra almonds online;buy mamra badam;buy mamra badam online india;buy mamra giri badam online india;buy memory badam;buy natural badam;buy online badam nuts;buy premium quality badam;buy raw almonds;buy whole almonds;cadbury roast almond price;cadbury roasted almond price;california almond price in delhi;california almond price in india;California Almonds;california almonds buy online;california almonds online;candied almonds buy;cheap almonds online;cuddapah almond buy online;d mart almond price;dairy milk almond price;dairy milk roast almond price;dairy milk roasted almond price;dairy milk roasted almond price 165g;dairy milk silk almond price;dairy milk silk roast almond price;dairy milk silk roasted almond price;dmart almond price;green almond price;gurbandi almond price;gurbandi almonds online india;gurbandi badam buy online;happilo almond;happilo california almond;indian almond price;Indian bafam;jiomart almond price;Jumbo Almonds;jumbo badam;kaju and badam online buy;kaju badam buy online;kashmir almond price;kashmiri almond price;kashmiri badam;kellogg's corn flakes honey and almond price;mamra almond price;mamra almond price 1kg;mamra badam buy;mamra badam buy online;mishrambu kesaria badam buy online;nutraj almonds;oneplus 7 pro almond price;oneplus 7 pro almond price in india;online almond price;patanjali almond price;ramu mamra badam;roasted almond price;silk roasted almond price;skinny dipped almonds where to buy;today almond price;tulsi almonds online;where can i buy raw almonds;where to buy almond butter;where to buy almond meal;where to buy almond paste;where to buy almonds cheap;where to buy almonds in bulk;where to buy cheap almonds in dubai;where to buy ground almonds;where to buy raw almonds;where to buy roasted almond;where to buy roasted almonds;wholesale almond price;अमेरिकन बदाम;कॅलिफोर्निया बदाम;बदाम;मामरा बदाम
ajwa-dates-ajwa-khajoor,ACTIVE,Dates,Buy Ajwa Dates Online: Ajwa Khajoor near m,42,Authentic Ajwa Dates Online | Premium Ajwa Khajoor from Medina,62,Order authentic Medina Ajwa Dates online. In stock now. ₹1150-₹2050. Express shipping across India with a 100% damage replacement guarantee. Add to cart.,153,1542,2,1150.0,2050.0,75,aajwa;advantage of eating dates;advantages of dates;advantages of eating dates;ajooba khajur;ajua khejur;ajuwa khajur;ajva khajur;ajwa;ajwa date;ajwa dates;ajwa dates 1kg;ajwa dates 1kg price in india;ajwa dates 1kg price in saudi arabia;ajwa dates 500g offers low price;ajwa dates and nuts;ajwa dates benefits;ajwa dates buy online;ajwa dates history;ajwa dates images;ajwa dates in mumbai;ajwa dates mumbai;ajwa dates near by;ajwa dates near me;ajwa dates original;ajwa dates original madina;ajwa dates original madina 250g;ajwa dates price in chennai;ajwa dates price in india;ajwa dates price in ksa;ajwa dates price in mumbai;ajwa dates price per kg in india;ajwa dates pune;ajwa dates rates;ajwa dates saudi arabia;ajwa dates thane;ajwa dates to buy;ajwa khajoor;ajwa khajoor benefits;ajwa khajoor ke fayde;ajwa khajoor near me;ajwa khajoor price in delhi;ajwa khajoor price in india;ajwa khajoor price in mumbai;ajwa khajoor rate;ajwa khajur;ajwah dates;ajwain nutrition;al fruit dates;amazon saudi;arabian dates benefits;arabian khejur;are ajwa dates good for you;are dates good for diabetes;are dates good for pregnancy;are dates good in pregnancy;azwa dates;azwa khajur;azwa meaning;benefits of ajwa dates;benefits of ajwa khajoor;benefits of date palm;benefits of dates during pregnancy;benefits of dates for womens;benefits of dates in pregnancy;benefits of dates in weight loss;benefits of dry dates;benefits of eating dates;benefits of eating dates everyday;benefits of having dates;benefits of khajoor;benefits of khajur;benefits of raw dates;best dates in india;best place to buy ajwa dates in madinah;best time to eat dates for weight loss;black dates;black dates benefits;black dates is good for pregnancy;buy ajwa date;buy ajwa dates;buy ajwa dates canada;buy ajwa dates from madinah;buy ajwa dates gurgaon;buy ajwa dates in bulk;buy ajwa dates near me;buy ajwa dates online chennai;buy ajwa dates online delhi;buy ajwa dates online hyderabad;buy ajwa dates online india;buy ajwa dates online kerala;buy ajwa dates online pune;buy ajwa dates online thane;buy ajwa dates online trichy;buy ajwa dates online uk;buy ajwa dates singapore;buy ajwa dates surat;buy ajwa dates sydney;buy ajwa dates uk;buy ajwa khajoor;buy ajwa khajoor online;buy dates online from saudi;buy fresh ajwa dates online;buy khajoor;buy khajur;calories in khajur;can diabetic eat dates;can i eat dates during pregnancy;can we eat dates during pregnancy;costliest dates;costly dates;date fruit benefits;date fruits;date in saudi arabia;date ingredients;date khajoor;date nutrition;date palm nutrition;date water benefits;dates advantages;dates ajwa;dates and diabetes;dates benefits during pregnancy;dates benefits for diabetes;dates benefits for men;dates benefits for weight loss;dates benefits for women;dates benefits in pregnancy;dates diet;dates during pregnancy;dates eating benefits;dates for diabetes;dates from saudi arabia;dates health benefits;dates in diabetes;dates ingredients;dates is good for diabetes;dates is good for pregnancy;dates nutrition;dates rich in;dates seeds benefits;dates vs prunes;dates water benefits;do dates have sugar;does dates contain sugar;dried dates for diabetes;dry dates benefits;dry dates benefits for female;dry dates for weight loss;dry dates glycemic index;dry dates health benefits;dry dates nutrition;dry khajoor benefits;eating 3 dates a day;eating 7 ajwa dates;eating dates at night is good or bad;eating dates everyday;finest ajwa dates;finest language in india;fresh dates fruit benefits;health benefits of dry dates;holy dates;holy khajoor;how long do ajwa dates last;how many ajwa dates in 1 kg;how many ajwa dates per day;how many ajwa dates to eat;how many ajwa dates to eat daily;how many dates should i eat a day;how many dates to eat daily;how many types of ajwa dates;how much dates per day;how to buy ajwa dates;how to eat dates for weight gain;how to eat dates for weight loss;how to eat dry dates;how to find original ajwa dates;importance of dates;india 7 ajuba image;is dates good for pregnant women;karjuram benefits;khajoor;khajoor benefits for male;khajoor benefits for men;khajoor for diabetes;khajoor in pregnancy;khajoor meaning in english;khajoor nutrition;khajur;khajur benefit;khajur benefits;khajur fruit benefits;khajur fruit in english;khajur in pregnancy;khajur nutrition;khejur benefit;khejur english;makka ka ped;most expensive dates in india;most expensive dates in the world;natural food for sperm booster;natural seprm booster;natural sperm boosters fertility;nutrition in dates;original ajwa khajoor price in india;pregnant women can eat dates;price saudi arabia;saudi arabia date and time;saudi arabia dates;saudi arabia khajur;saudi arabian dates;saudi dates;saudi dates online;saudi dates price;saudi ka 100 india ka kitna;saudi khajur;saudi price;saudi riyal rate today in lucknow;saudi sends oxygen to india;sugar in dates good or bad;sukkari dates benefits;today date in saudi arabia;types of dates in saudi arabia;use of dates;uses of eating dates;what are dates;what are the benefits of dates;what is dates;where can i buy ajwa dates;where to buy ajwa dates;where to buy ajwa dates in chennai;where to buy ajwa dates in delhi;where to buy ajwa dates in dubai;where to buy ajwa dates in hyderabad;where to buy ajwa dates in london;where to buy ajwa dates in luknow;where to buy ajwa dates in melbourne;where to buy ajwa dates in mumbai;where to buy ajwa dates in singapore;where to buy ajwa dates in toronto;where to buy ajwa dates in uk;where to get ajwa dates;which type of dates are good for health;why is ajwa dates expensive;تمر;अजवा;अजवा खजूर;अजवा खजूर के फायदे;खजूर;আজওয়া খেজুর
buy-anjeer-dried-fig,ACTIVE,dry fruit,Buy Dried Anjeer | Dried Fig | Fig Dry Fruit,44,Buy Dried Anjeer and Fig Dry Fruit from Alphonso Mango,54,"Buy dried anjeer online – premium imported figs rich in iron, fiber, minerals & vitamins. Healthy fig dry fruit delivered fresh to your doorstep.",145,1680,3,580.0,2110.0,432,1kg anjeer price;afghan anjeer;afghan fig;amjeer dry fruits happilo;anjeer;anjeer 100gm price;anjeer 1kg;anjeer 1kg price;anjeer 1kg price in hyderabad;anjeer 1kg price in india;anjeer amazon;anjeer benefits;anjeer buy;anjeer buy amazon;anjeer buy online;anjeer dried benefits;anjeer dry fig;anjeer dry figs;anjeer dry food;anjeer dry fruit;anjeer dry fruit benefits;anjeer dry fruit buy online;anjeer dry fruit during pregnancy;anjeer dry fruit online purchase;anjeer dry fruit price;anjeer dry fruit rate;anjeer dry fruits;anjeer dry fruits 1kg;anjeer dry fruits 1kg offer big size;anjeer dry fruits 1kg offers low price;anjeer dry fruits 250gm;anjeer dry fruits 500gm;anjeer dry fruits online;anjeer fal;anjeer fig fruit;anjeer figs;anjeer food;anjeer for diabetes;anjeer fruit;anjeer fruit buy;anjeer fruit buy online;anjeer fruit dry;anjeer fruit price;anjeer fruit price in bangalore;anjeer fruit price in hyderabad;anjeer fruit price in india;anjeer fruit price per kg;anjeer ka price;anjeer ke price;anjeer kg price;anjeer market price;anjeer near me;anjeer online buy;anjeer organics;anjeer per kg price;anjeer price;anjeer price 1 kg;anjeer price 1kg;anjeer price in delhi;anjeer price in dmart;anjeer price in india;anjeer price in nagpur;anjeer price india;anjeer price per kg in delhi;anjeer price per kg in india;anjeer price per kg in mumbai;anjeer rate;anjeer roll;anjeer shop near me;anjeer tree buy online;anjeer wholesale price;anjeers;anjir near me;best dried figs online;best dry fruits online dried fig;buy afghanistan figs;buy anjeer;buy anjeer benefits;buy anjeer dried online;buy anjeer dry fruit;buy anjeer dry fruit online;buy anjeer dry online;buy anjeer fruit;buy anjeer fruit online india;buy anjeer in bangalore;buy anjeer online;buy anjeer online assam;buy anjeer online chennai;buy anjeer online delhi;buy anjeer online india;buy anjeer online mumbai;buy anjeer online near me;buy anjeer online north east;buy anjeer roll;buy california dried figs;buy cashew nuts and badam in hyderabad;buy dried anjeer;buy dried anjeer online;buy dried fig;buy dried fig uk;buy dried figs;buy dried figs ahmedabad;buy dried figs chennai;buy dried figs delhi;buy dried figs hyderabad;buy dried figs in bulk;buy dried figs kolkata;buy dried figs mumbai;buy dried figs online;buy dried figs online in india;buy dried figs online uk;buy dried figs surat;buy dried figs uk;buy dried mission fig;buy dry anjeer;buy dry anjeer online;buy dry anjeer online mumbai;buy dry california figs online;buy dry fig;buy dry figs;buy figs;buy figs dry fruit;buy figs online;buy figs online india;buy figs online near me;buy fresh anjeer online;buy fresh california figs online;buy fresh dried figs;buy fresh figs online;buy fresh figs online india;buy organic dried figs;buy turkey figs;buy turkish figs;california figs;can i buy fresh figs online;dried anjeer;dried anjeer during pregnancy;dried anjir during pregnancy;dried fig;dried fig buy online;dried fig calories;dried fig during pregnancy;dried fig for diabetes;dried fig fruit;dried fig nutrients;dried fig nutrition;dried fig online;dried fig price;dried fig turkey;dried fig where to buy;dried figs;dried figs benefits;dried figs calories;dried figs for diabetes;driy anjeer during pregnancy;dry anjeer;dry anjeer figs;Dry Anjeer Fruit;dry anjeer fruit online;dry anjeer online;dry anjeer price;dry anjeer price in mumbai;dry anjeer price in pune;dry anjeer price per kg;dry anjeer rate;dry anjir during pregnancy;Dry fig Fruit;dry figs anjeer;dry figs online;dry figs online india;dry fruit anjeer;dry fruit anjeer price in delhi;dry fruit figs;fig;fig anjeer;fig anjir;fig dry fruit;fig dry fruit online shopping;fig dry fruits;fig dry fruits online;fig fruit;fig fruit buy online;fig fruit in marathi;fig fruit online;fig fruit online bangalore;fig fruit online purchase;fig fruit online shopping;fig in tamil;fig in telugu;fig near me;fig online india;fig online purchase;fig online shopping;fig online store;figgy fruit;figs;figs during pregnancy;figs flipkart;figs fruit where to buy;figs near me;figs online;figs online shop;fresh anjeer price per kg;fresh fig fruit online;fresh figs fruit online purchase;fresh figs online;fresh figs online india;happilo anjeer;how many anjeer to eat in a day;how many dry anjeer to eat daily;how many dry anjeer to eat daily during pregnancy;how much dry anjeer to eat daily;how to use anjeer;is anjeer good;is dry anjeer good for health;online purchase figs;online purchase of fig tree;online shopping for dry figs;order figs online;order figs online chennai;order fresh figs online;order fresh figs online chennai;patanjali anjeer price;patanjali anjeer price per kg;price of anjeer per kg;purchase dried figs online;ramu figs;turkey anjeer;turkey figs;turkish figs online;what is anjir;what is dried fig called;what is the benefits of eating anjeer;where can i buy dried fig;where can i buy dried figs;where can i buy dried sour figs;where can i order fresh figs online;where to buy anjeer;where to buy dried fig;where to buy dried figs in singapore;where to buy dried figs online;where to buy dry fig;where to buy dry figs;where to buy figs;where to buy figs online;which anjeer is best;why anjeer is costly;सूखी अंजीर;सूखे अंजीर;સૂકા અંજીર
green-cardamom-elaichi,ACTIVE,masala spice,Green Cardamom | Elaichi | Elakkai | ilaayachee | Elakki | Yalakulu,67,Elaichi | Green Cardamom Pods – Bold Kerala Aroma,49,"Farm-fresh Kerala green cardamom pods, FSSAI certified. Intense aroma, premium quality. Order online for swift delivery across India.",133,604,4,415.0,3900.0,192,amazon cardamom;amazon elaychi powder pack;amazon ilaychi;badi elaichi buy online;badi elaichi powder buy online india;best buy cardamom;best elaichi brand in india;best green cardamom;best green cardamom in india;best place to buy cardamom;best place to buy cardamom kerala;best substitute for cardamom;black cardamom powder buy online india;black cardamom seeds 1 kg buy;black cardamom seeds where to buy;black elaichi vs green elaichi;brown cardamom buy online;buy baba elaichi;buy baba elaichi online;buy best elaichi online;buy black cardamom;buy cardamom;buy cardamom from kerela;buy cardamom green tea;buy cardamom in bulk;buy cardamom in mudigere;buy cardamom near me;buy cardamom online;buy cardamom online near me;buy cardamom plant;buy cardamom pods near me;buy cardamom pods online;buy cardamom powder;buy cardamom powder online;buy cardamom seed online;buy cardamom seeds for planting;buy cardamom seeds to grow;buy cardamom seeds uk;buy cardamom spice;buy cardamom tea;buy cardamom wholesale;buy crushed cardamom seeds;buy elaichi;buy elaichi online;buy Elakkai;buy Elakki;buy Elakki near me;Buy Elam Ancha;buy ethiopian cardamom;buy green cardamom;buy green cardamom bangalore;buy green cardamom delhi;buy green cardamom hyderabad;buy green cardamom kolkata;buy green cardamom nagpur;buy green cardamom online;buy green cardamom pods;buy green cardamom powder;buy green cardamom pune;buy green cardamom thane;buy green coffee online;buy green elaichi;Buy Green velchi online;buy ground cardamom;buy horlicks elaichi online;buy ilaayachee;buy ilaayachee online;buy online elaichi kerala;buy organic cardamom;buy organic cardamom from kerela;buy sangis cardamom big bazaar;buy vimal elaichi;buy whole cardamom seeds;buy whole green cardamom;buy Yalakulu;buying cardamom seeds;buying green cardamom pods;can we eat elaichi everyday;can you buy cardamom seeds;Cardamom;cardamom 1 kg buy online;cardamom 1kg buy online;cardamom 8mm online;cardamom benefits;cardamom buy;cardamom buy online;cardamom buying today;cardamom garland online;cardamom garland online price;cardamom how to buy best;cardamom mala online;cardamom near me;Cardamom online;cardamom online auction;cardamom online india;cardamom online order;cardamom online price;cardamom online price today;cardamom online purchase;cardamom online sale;cardamom online shopping;cardamom plant buy;cardamom plant buy online;cardamom plant online;cardamom pods;cardamom pods where to buy;cardamom powder;cardamom powder buy;cardamom powder buy online;cardamom powder buy online india;cardamom powder online buy india;cardamom price;cardamom price in chennai;cardamom price in delhi;cardamom price in india;cardamom price in kerala;cardamom price in kolkata;cardamom price in mumbai;cardamom price in pune;cardamom price per kg;cardamom price today;cardamom price today in kerala;cardamom rate;cardamom rate today;cardamom seeds;cardamom seeds 1 kg buy;cardamom seeds online;cardamom tea online;cardamom tree buy;cardamom video;cardamon near me;chandan natures treat elaichi fennel mix buy online;cheapest cardamom in world;choti elaichi;choti Elaichi online;Elaichi;elaichi 1kg price;elaichi banana buy online;elaichi biscuit buy online;elaichi buy;elaichi buy online;elaichi buy online india;elaichi dana;elaichi online;Elaichi online near me;elaichi price;elaichi price 1kg;elaichi price in india;elaichi rate;elaichi to buy online;Elakkai near me;Elakkai online;Elakki;Elakki near me;Elakki online;Elakki online near me;elam;Elam Ancha;elaychi;elaychi pods;green cardamom;green cardamom 1 kg price in india;green cardamom buy;green cardamom hd images;green cardamom online;green cardamom online buy;green cardamom online india;green cardamom online shopping;green cardamom pods where to buy;green cardamom price;green cardamom suppliers;green cardamom where to buy;homewood cardamom tea online;how can buy cardamom farm in keral;how can buy cardamom farm in kerala;how long does cardamom take to grow;how to buy good quality elaichi;how to grow green cardamom;how to grow green cardamom plant;how to sell cardamom online;ilaayachee;ilaayachee near me;ilaayachee online;Ilaychee;is elaichi and cardamom the same thing;is elaichi good for health;is green cardamom good for health;is green cardamom good for weight loss;is green cardamom the same as cardamom;large cardamom buy online;masala elaichi;online cardamom trading;price of 1 kg cardamom;price of 1kg cardamom;price of green cardamom in india;price of green cardamom per kg;sell cardamom online;silver cardamom seeds buy;True cardamom;Velchi;Velchi Choti Elaichi;vimal elaichi buy;vimal elaichi buy online;what are the benefits of elaichi;what is the cost of 1kg elaichi;what is the price of elaichi 1 kg;what is the price of elaichi 100 gm;what is the price of elaichi 500 gm;when i buy plain cardamom is it green or black;where buy badi elaichi in himachal pradesh;where can i buy cardamom;where can i buy cardamom pods;where can i buy cardamom powder;where can i buy cardamom seeds;where can i buy green cardamom;where can i buy green cardamom in the polaris area;where can i buy green cardamom pods;where can i buy ground cardamom;where can you buy cardamom;where can you buy cardamom seeds;where cardamom is grown in india;where is cardamom found in india;where is green cardamom grown in india;where to buy black cardamom;where to buy black cardamom pods;where to buy cardamom;where to buy cardamom near me;where to buy cardamom pods;where to buy cardamom pods near me;where to buy cardamom powder;where to buy cardamom seeds;where to buy cardamom seeds in the philippines;where to buy cardamom seeds in toronto;where to buy cardamom spice;where to buy green cardamom;where to buy green cardamom pods;where to buy ground cardamom;which cardamom is best;wholesale cardamom price;whrre to buy green cardamom;why elaichi is so expensive;why green cardamom is so expensive;why is elaichi so expensive in india;why is green cardamom so expensive;will cardamom price increase;will cardamom price increase 2021;Yalakulu;Yalakulu buy;Yalakulu near me;ഏലം
dried-apricot,ACTIVE,Apricots,Buy Dried Apricot | Khubani | Pitted Apricot,44,Buy Dried Apricot – Premium Pitted Khubani Online,49,"Buy premium Dried Apricot (Khubani) online. Enjoy sweet, pitted dried apricots that are rich in taste and nutrients. A healthy snack you’ll love to order now! ",159,1257,3,300.0,1240.0,779,1kg apricot price in india;apicots;appricot fruit;apricot;apricot 1kg price;apricot brand;apricot buy india;apricot buy online;apricot buy online india;apricot cost;apricot cost per kgapricot cost per kg;apricot dried;apricot dry buy;apricot dry fruit;apricot dry fruit benefits;apricot dry fruit buy online;apricot dry fruit images;apricot dry fruit in hindi;apricot dry fruit in marathi;apricot dry fruit online;apricot dry fruit price;Apricot Dry Fruits;apricot fruit buy;apricot fruit buy online;apricot fruit images;apricot fruit online;apricot fruit online india;apricot fruit online shop;apricot fruit pictures;apricot fruit price in india;apricot fruits online;apricot india;apricot is located at;apricot khubani;apricot malatya fruit;apricot nuts online;apricot online;apricot online discount;apricot online india;apricot online purchase;apricot online sale;apricot online shopping;apricot online store;apricot photos;apricot picture;apricot pictures;apricot pitted turkish;apricot price in india;apricot price in mumbai;apricot price online;apricot price per kg;apricot price per kg in india;apricot rate;apricot rate per kg;apricot similar foods;apricot to buy;apricot turkel;apricot turkey;apricot turkish pitted;apricot uses;Apricot without seed;apricots dried;apricots dry fruits;apricots images;apricots potassium;Badami;benefits of apricot dry fruit;benefits of apricot kernels;buy afghan apricot;buy apricot;buy apricot amazon;buy apricot flipkart;buy apricot fruit;buy apricot indiamart;buy apricot online;buy apricots;buy cherries online turkey;Buy Dried Apricot;buy dried apricot online;buy dried apricots;buy dried apricots near me;buy dried apricots online;buy dried fruits online;buy dry apricot;buy fresh apricots online;buy fresh apricots online india;buy khubani;buy khubani near me;buy khubani online near me;buy khumani;buy Seedless Apricot;buy turkey figs;buy turkish apricot;dried apricot;dried apricot benefits;dried apricot images;dried apricot in telugu;dried apricot price;dried apricot rate;dried apricots;dried apricots 1kg;dried apricots 1kg price;dried apricots bhav;dried apricots buy online;dried apricots calories;dried apricots daam;dried apricots in tamil;dried apricots near me;dried apricots nutrition;dried apricots online;dried apricots online ahmedabad;dried apricots online bangalore;dried apricots online chennai;dried apricots online hinjewadi;dried apricots online hyderabad;dried apricots online india;dried apricots online indore;dried apricots online kolkata;dried apricots online pune;dried apricots online surat;dried apricots online vadodara;dried apricots price;dried apricots rate;dried Khubani;dry apricot benefits;dry apricot fruit;dry apricot images;dry apricot in hindi;dry apricot price;dry apricot price per kg;dry apricots;dry fruit apricot;dry fruits apricot;dry khubani;fresh apricot fruit online;fresh apricot online;fresh apricot online india;Gluten Free apricot;how to eat apricot dry fruit;how to eat dried apricot;how to eat dry apricot fruit;image of apricot;images of apricot;images of dry apricot;Immunity Booster;indian apricot;Jaldharu pandu;Jaldharu pandu online;jardaloo;Jardalu;jardalu seedless;jardalu without seed;khubani;khumani;NON - GMO  apricot;order apricots online;pic of apricot;picture of apricot;pictures of apricot;pitted apricot;price of apricot;price of dried apricot;price of dried apricots;Prunus armeniaca;ripe apricot;Saara Paruppu;Sarkkarai;Sarkkarai Badami;Sarkkarai Badami online;Seedless Apricot;Seedless Apricot online;Seedless jardalu;Seedless khubani;Seedless khumani;Seema badam;Sheema pazham;sun pitted apricot;turkel;turkel apricot;turkel dried apricot;turkel khumani;turkel pitted apricot;turkey apricot;turkey khumani;turkish apricot;turkish apricot online;turkish apricots;turkish apricots benefits;turkish jardalu;turkish khumani;what is apricot;where can i buy apricots;where can i buy dried apricots;where can i buy fresh apricots;where can i buy fresh apricots near me;where to buy apricots;where to buy dried apricot;where to buy dried apricots;Ēprikaṭa;खुबानी;जर्दाळू;சர்க்கரை பாதாமி;ആപ്രിക്കോട്ട്
dried-blueberries,ACTIVE,Berries,Dried Blueberries | Dry Blueberry,33,Buy Dried Blueberries Online At An Affordable Price ,52,"Buy dried blueberries online. Packed with nutrients and natural sweetness, these dry blueberries add a delicious twist to snacks, cereals, and recipes.",151,1447,3,280.0,1890.0,331,are dried blueberries as healthy as fresh;are dried blueberries good for diabetics;are dried blueberries good for weight loss;are dried blueberries good for you;are dried blueberries healthy;are freeze dried blueberries healthy;augason farms freeze dried whole blueberries;baking with dried blueberries;benefits of blueberry dry fruit;benefits of dried cranberries and blueberries;benefits of dry blueberries;benefits of dry blueberry;benefits of eating dried blueberries;best dried blueberries;best place to buy dried blueberries;blue berries in telugu;blue berry fruit;blue berry fruit in telugu;blue berry in telugu;blueberries bangalore;blueberries chennai;blueberries Delhi;blueberries dried online buy;blueberries dry fruit;blueberries hyderabad;blueberries in bangalore;blueberries in chennai;blueberries in delhi;blueberries in hyderabad;blueberries in kolkata;blueberries in Mumbai;blueberries in telugu;blueberries in telugu language;blueberries kolkata;blueberries uses;blueberry bangalore;blueberry chennai;blueberry delhi;blueberry dried;blueberry dried online buy;blueberry dried online buy 1kg;blueberry dry cake;blueberry dry fruit;blueberry dry fruit benefits;blueberry dry fruit benefits in hindi;blueberry dry fruit online;blueberry dry fruit price;blueberry fruit images;blueberry fruit in tamil;blueberry fruit in telugu;blueberry fruits;blueberry hyderabad;blueberry kolkata;blueberry muffin recipe with dried blueberries;blueberry muffins using dried blueberries;blueberry muffins with dried blueberries;blueberry mumbai;blueberry sauce with dried blueberries;brownwood acres dried blueberries;bulk unsweetened dried blueberries;buy blueberry;buy blueberry fruit near me;buy blueberry fruit online india;buy blueberry in bangalore;buy blueberry near me;buy blueberry online;buy blueberry online bangalore;buy blueberry online delhi;buy blueberry online hyderabad;buy blueberry online mumbai;buy blueberry online thane;buy blueberry plants near me;buy blueberry plants online;buy dried blueberries;buy dried blueberries 100gm online india;buy dried blueberries online;buy dried blueberries online india;buy dried blueberries online urban platter;buy dried blueberry;Buy Dried Blueberry near me;buy dried blueberry online;buy dried blueberry online india;buy dried blueberry online near me;buy freeze dried blueberries;buy freeze dried blueberry;buy online dried blueberries;buy organic dried blueberries;calories in 1 tbsp dried blueberrieS;calories in 100g dried blueberries;can i use dried blueberries instead of fresh;carnival blueberries dried;chocolate covered dried blueberries;dessert recipes with dried blueberries;dried berries online;dried blueberries;dried blueberries 1kg;dried blueberries amazon;dried blueberries antioxidants;dried blueberries buy india;dried blueberries calories 100g;dried blueberries coles;dried blueberries costco;dried blueberries costco canada;dried blueberries during pregnancy;dried blueberries for baby;dried blueberries for diabetics;dried blueberries for sale;dried blueberries for weight loss;dried blueberries glycemic index;dried blueberries good for you;dried blueberries health benefits;dried blueberries in hindi;dried blueberries in pregnancy;dried blueberries india;dried blueberries keto;dried blueberries market;dried blueberries no sugar added;dried blueberries nutrition facts;dried blueberries nutritional benefits;dried blueberries nutritional information;dried blueberries online;dried blueberries online india;dried blueberries target;dried blueberries uk;dried blueberries uses;dried blueberries vs dried cranberries;dried blueberries vs fresh;dried blueberries vs raisins;dried blueberries walmart;dried blueberries wholesale;dried blueberries woolworths;dried blueberry;dried blueberry benefits and side effects;dried blueberry benefits during pregnancydried blueberry benefits during pregnancydried blueberry benefits during pregnancy;dried blueberry benefits for skin;dried blueberry buy india;dried blueberry buy online india;dried blueberry cake;dried blueberry india online;dried blueberry muffins;dried blueberry pancakes;dried blueberry powder;dried blueberry price;dried blueberry recipes;dried blueberry sauce;dried blueberry scones;dried blueberry smoothie;dried blueberry taste;dried cranberries and blueberries;dried wild blueberries;dried wild blueberries health benefits;dried wild blueberries no sugar;dry berries online;dry berries online india;dry blueberries online buy;dry blueberries price;dry blueberries rate;dry blueberry;dry blueberry during pregnancy;dry blueberry images;Dry Blueberry online;dry blueberry price;dry blueberry price in india;dry blueberry rate;dry pint blueberries;freeze dried blueberries;freeze dried blueberries bulk;freeze dried blueberries near me;freeze dried blueberries nutrition;freeze dried blueberries recipes;freeze dried blueberries uk;freeze dried blueberries vs dried blueberries;freeze dried blueberries walmart;freeze dried blueberries woolworths;freeze dried blueberry powder;freeze dried blueberry powder benefits;freeze dried blueberry powder walmart;freeze dried wild blueberries;freeze dried wild blueberry powder;fresh blueberries dry pint;fresh blueberries in bangalore;fresh blueberries in chennai;fresh blueberries in delho;fresh blueberries in hyderabad;fresh blueberries in kolkata;fresh blueberries in Mumbai;fruits blueberry;granola with dried blueberries;highbush dried blueberries;how many calories in dried blueberries;how many dried blueberries per day;how many dried blueberry per day;how to dry blueberries in a dehydrator;how to dry blueberries in the microwave;how to dry blueberries in the sun;how to eat dried blueberries;how to eat dry blueberries;how to freeze dry blueberries;how to make blueberry jam with dried blueberries;how to make dried blueberries;how to store dried blueberries;how to use dried blueberries in cake;how to use dried blueberries in muffins;how to use dry blueberry;is dried blueberry healthy;kirkland dried blueberries nutrition;kirkland organic dried blueberries;mariani dried blueberries;nutritional value of dried blueberries;online order for blueberry dry fruits;organic dried blueberries;organic dried blueberries bulk;organic dried blueberries costco;organic dried blueberries no added sugar;organic dried blueberries unsweetened;organic freeze dried blueberries;organic freeze dried blueberry powder;recipes using dried blueberries;rehydrate dried blueberries;substituting dried blueberries for fresh;sugar free dried blueberries;sun dried blueberries;sweetened dried blueberries;trader joe's dried blueberries;true elements dried blueberries;unsweetened dried blueberries canada;unsweetened dried blueberries nutrition facts;unsweetened dried wild blueberries;using dried blueberries in baking;using dried blueberries in muffins;what are dried blueberries called;where can i buy dried blueberries;where can i buy freeze dried blueberries;where to buy dried blueberries;where to buy dried blueberry;where to buy dry blueberries;where to buy dry blueberry;where to buy freeze dried blueberries;whole foods dried blueberries
hazelnuts-nuts-seeds,ACTIVE,Nuts & Seeds,Buy Hazelnut: The King of Nuts,30,Buy Premium Hazelnut Online,27,"Buy Hazelnut Online and experience the Crunchy Goodness, a delicious & healthy snack that is perfect for any time of day, with its rich nutty flavour cravings.",159,1276,3,750.0,3000.0,144,advantages meaning in malayalam;almond benefits in marathi;benefits of eating almonds empty stomach;brazil nuts sperm;butter fruit in malayalam;Buy Hazelntuts;Buy Hazelntuts online;chestnut meaning in malayalam;chicken liver benefits in hindi;cholesterol malayalam;cobnuts;define hazelnut;diet chart for weight gain for male in marathi;difference between hazelnut and walnut;filbert nut;filberts;filberts health benefits;hassle nut;hazel fruit;hazel meaning in malayalam;hazel meaning in marathi;hazel meaning in telugu;hazel meaning in urdu;hazel more;hazel nuts;hazelnut 1kg price in india;hazelnut amazon;hazelnut and walnut;hazelnut benefits in hindi;hazelnut benefits in pregnancy;hazelnut benefits in tamil;hazelnut benefits side effects;Hazelnut Buy Online;hazelnut calories;hazelnut cost;hazelnut cost in india;hazelnut dry fruit;hazelnut factory near me;hazelnut fruit;hazelnut fruit in hindi;hazelnut fruit in marathi;hazelnut health benefits;hazelnut hindi name;hazelnut images;hazelnut in bangladesh;hazelnut in bengali;hazelnut in english;hazelnut in gujarati;hazelnut in hindi meaning;hazelnut in hindi name;hazelnut in hindi with image;hazelnut in india;hazelnut in kerala;hazelnut in malay;hazelnut in malayalam;hazelnut in marathi;hazelnut in marathi meaning;hazelnut in punjabi;hazelnut in tamil;hazelnut in tamil language;hazelnut in tamil nadu;hazelnut in tamil name;hazelnut in telugu;hazelnut in urdu;hazelnut kernels;hazelnut kya hota hai;hazelnut malayalam;hazelnut marathi meaning;hazelnut meaning;hazelnut meaning in bengali;hazelnut meaning in gujarati;hazelnut meaning in hindi;hazelnut meaning in malayalam;hazelnut meaning in marathi;hazelnut meaning in punjabi;hazelnut meaning in tamil;hazelnut meaning in telugu;hazelnut meaning in urdu;hazelnut means;hazelnut milk;hazelnut nutrition;hazelnut nutrition facts;hazelnut online;hazelnut photo;hazelnut pics;hazelnut picture;hazelnut powder;hazelnut price;hazelnut price in india;hazelnut price in mumbai;hazelnut price per kg in india;hazelnut pronunciation;hazelnut protein;hazelnut side effects;hazelnut tamil name;hazelnut tree in india;hazelnut uses;hazelnut uses in tamil;hazelnut vs walnut;hazelnuthazelnut;Hazelnuts;hazelnuts for sale;hazelnuts meaning in hindi;hazelnuts meaning in marathi;hazelnuts near me;health mix ingredients list in malayalam;health news malayalam;hessle meaning;hezal meaning;hindi meaning of hazelnut;hindi name hazelnut in hindi;how to eat hazelnuts;huzzle nuts;is hazelnut good for health;list of nuts with pictureslist of nuts with pictureslist of nuts with pictures;nutella benefits in hindi;nuts malayalam meaning;nuts pictures and names;panacea meaning in tamil;pecan nuts in telugu;raw hazelnuts;the hazelnut;what animals eat hazelnuts;what is hazelnut called in hindi;what is hazelnut called in india in hindi;what is hazelnut called in marathi;what is hazelnut in hindi;हेज़लनट;हेझलनट
fresh-red-globe-grapes,ACTIVE,Grapes,Fresh Red Globe Grapes,22,Buy Fresh Red Globe Grapes Online at Alphonso Mango,51,"Buy Red Globe Grapes with seeds online. These fresh, mildly sweet grapes are less tangy than flame seedless and are imported fresh as per the season.",149,516,3,350.0,2400.0,0,african red globe grapes;australian grapes red globe;australian red globe grapes;australian red globe grapes price;benefit of red globe grapes;benefits of red globe grapes;black grapes buy online;buy angoor online;buy angur online;buy draksha online;buy fresh muscadine grapes online;buy grape online;buy grapes;buy grapes online;buy red globe angur online;buy red globe grapes;buy red globe grapes online;calories in one red globe grape;calories in red globe grapes with seeds;calories in red globe seedless grapes;china red globe grapes;draksha;eating red globe grape seeds;grapes;grapes red globe seed usa;green grapes buy online;how many calories in one red globe grape;indian red globe grapes;lal draksha;online sale of red globe grapes;online sale of red globe grapes from australia in india;red draksha;red globe;red globe draksha;red globe grape seeds 250grams price in chennai;red globe grapes;red globe grapes benefits;red globe grapes calories;red globe grapes carbs;red globe grapes during pregnancy;red globe grapes for prostate;red globe grapes for ulcerative colitis;red globe grapes health benefits;red globe grapes in ahmedabad;red globe grapes in bangalore;red globe grapes in chennai;red globe grapes in delhi;red globe grapes in hindi;red globe grapes in hyderabad;red globe grapes in jaipur;red globe grapes in mumbai;red globe grapes in pune;red globe grapes in surat;red globe grapes in vadodara;red globe grapes india;red globe grapes indian;red globe grapes indian in pregnancy;red globe grapes nutrition;red globe grapes nutrition information;red globe grapes online;red globe grapes origin;red globe grapes price;red globe grapes price in india;red globe grapes price in mumbai;red globe grapes price in pune;red globe grapes price in thane;red globe grapes seedless;red globe grapes south africa;red globe grapes taste;red globe grapes uk;red globe grapes uses;red globe grapes with basket;red globe grapes with seeds nutrition;red globe seeded grapes;red globe seeded grapes benefits;red globe seedless grapes calories
buy-avocado-fruit-online,ACTIVE,Avocados,Buy Avocado Fruit | Online | Imported,37,Buy Fresh Avocado Online Imported from Alphonso Mango,53,"Buy fresh avocado online – premium imported fruit from Mexico. Ideal for salads, smoothies & baby food. Healthy choice for Indian & global recipes.",147,802,4,315.0,2950.0,0,alligator pear;avocado;avocado available near me;Avocado Benne Hannu;avocado buy bangalore;avocado buy big basket;avocado buy in pune;avocado buy mumbai;avocado buy near me;avocado buy online;avocado buy online big basket;avocado buy online chennai;avocado buy online delhi;avocado buy online hyderabad;avocado buy online india;avocado buy online mumbai;avocado buy online pune;avocado fruit;avocado fruit available near me;avocado fruit buy;avocado fruit buy in india;avocado fruit buy online;avocado fruit buy online in india;avocado fruit buy online india;avocado fruit buy online shop;avocado fruit in india;avocado fruit near me;avocado fruit online;avocado fruit online amazon;avocado fruit online buy in india;avocado fruit online flipkart;avocado fruit online india;avocado fruit online purchase in india;avocado fruit online shopping;avocado fruit price;avocado fruit price in indian market;avocado fruit shop near me;avocado fruits online buy;avocado in india;avocado near me;avocado online;avocado online amazon;avocado online bangalore;avocado online big basket;avocado online buy india;avocado online chennai;avocado online delhi;avocado online india;avocado online mumbai;avocado online shop;avocado online shop near me;avocado price;avocado price in india;avocado price in mumbai;avocado shop;avocado shop near me;avocado store near me;avocado to buy;avocado vegetable;avocados;benne hannu;best place to buy avocado in mumbai;best place to buy avocados;butter fruit;butter fruit online;butterfruit;buy alligator pear;buy avocado;buy avocado delhi;buy avocado fruit;buy avocado fruit near me;buy avocado fruit online;buy avocado fruit online ahmedabad;buy avocado fruit online bangalore;buy avocado fruit online chennai;buy avocado fruit online delhi;buy avocado fruit online in delhi;buy avocado fruit online in hyderabad;buy avocado fruit online mumbai;buy avocado fruit online surat;buy avocado fruits near me;buy avocado in ahmedabad;buy avocado in bangalore;buy avocado in delhi;buy avocado in gurgaon;buy avocado in guwahati;buy avocado in hyderabad;buy avocado in india;buy avocado in jaipur;buy avocado in jalandhar;buy avocado in kolkata;buy avocado in mumbai;buy avocado in navi mumbai;buy avocado in pimpri;buy avocado in pune;buy avocado in surat;buy avocado in thane;buy avocado india;buy avocado mumbai;buy avocado near me;buy avocado nz;buy avocado online;buy avocado online bangalore;buy avocado online chennai;buy avocado online delhi;buy avocado online in delhi;buy avocado online in mumbai;buy avocado online india;buy avocado online kolkata;buy avocado online malaysia;buy avocado online mumbai;buy avocado online philippines;Buy Avocado Online thane;buy avocado plant in india;buy avocado vegetable;buy avocado vegetable near me;buy avocados online nz;buy butter fruit;buy fresh avocados online;fresh avocado near me;Fruit Avocado;fruit avocado online;how to buy a good avocado;how to buy a ripe avocado;how to buy avocado;how to buy avocado fruit;how to buy avocado fruit in india;how to buy avocado in india;how to buy avocados for the week;How to cut Avocado;How to Cut Avocado frui;How to Identify Raw and Ripe Avocado;Identify raw and ripe avocado;indian avocado;indian avocado price;Indian butter fruit;makhan phal;makhanpal;makhanphal;nikocado avocado;Online avocado buy;order avocados online;Persea americana;venna pandu;vennai pazham;vennapazham;what color avocado to buy;where can i buy avocado;where can i buy avocado in india;where can i buy avocado in surat;where can i buy avocado near me;where can i buy florida avocados;where can i get avocado in mumbai;where can i get avocado near me;where to buy avocado;where to buy avocado fruit in hyderabad;where to buy avocado in amritsar;where to buy avocado in bangalore;where to buy avocado in chennai;where to buy avocado in delhi;where to buy avocado in india;where to buy avocado in mumbai;where to buy avocado in trivandrum;where to buy avocado oil for hair;where to buy avocados from mexico;where to buy avocados near me;ایواکاڈو;अवोकॅडो;एवोकाडो;আভাকাডো;ਆਵਾਕੈਡੋ;એવોકાડો;பட்டர் ஃபுரூட்;வெண்ணெய் பழம்;అవకాడో;അവോക്കാഡോ
beauty-pear,ACTIVE,Fruits & Vegetables,Buy Beauty Pear,15,Buy Fresh Beauty Pears Online Juicy Sweet and Imported,54,"Buy Beauty Pear online – imported, fresh, and fiber-rich. This sweet, green-yellow pear with a red blush is a healthy fruit delivered straight to your door.",156,774,2,140.0,275.0,0,Beauty Pear Online;buy beauty pear;buy beauty pear online;Buy Pear;Buy Pear fruits;where to buy pear beauty
fresh-blueberries,ACTIVE,Berries,Buy Fresh Blueberries Online,28,Buy Fresh Blueberries Online from Alphonso Mango,48,"Buy fresh blueberries online, sweet, juicy, deep blue fruits with a purple hue. Enjoy premium imported blueberries delivered fresh to your doorstep.",148,658,1,282.0,282.0,0,best blueberries to buy;blueberries;blueberries america buy online;blueberries buy online;blueberries for sale near me;blueberries fruit near me;blueberries in tamil buy online;blueberries market near me;blueberries near me;blueberries near me to pick;blueberries online;blueberries online buy india;blueberries online order in pune;blueberries online purchase;blueberries online review;blueberry available near me;blueberry buy ahmedabad;blueberry buy amazon;blueberry buy big basket;blueberry buy delhi;blueberry buy flipkart;blueberry buy groffer;blueberry buy gurgaon;blueberry buy india;blueberry buy kolkata;blueberry buy noida;blueberry buy online;blueberry buy online grofers;blueberry buy online india;blueberry buy surat;blueberry dried online buy;blueberry dried online buy 1kg;blueberry dry fruit online;blueberry fruit buy online;blueberry fruit near me;blueberry fruit online;blueberry fruit online india;blueberry fruits buy online;blueberry location near me now;blueberry market near me;blueberry near me;blueberry near me supermarket;blueberry online bangalore;blueberry online chennai;blueberry online delhi;blueberry online india;blueberry online mumbai;blueberry online price;blueberry online shopping;blueberry online store;blueberry shop near me;blueberry shop online;blueberry store near me;bulk blueberries near me;buy blueberries;buy blueberries bulk;buy blueberries in bulk\;buy blueberries in delhi;buy blueberries in hyderabad;buy blueberries in pune;buy blueberries near me;buy blueberries nz;buy blueberries online;buy blueberries online australia;buy blueberries online chennai;buy blueberries online delhi;buy blueberries online hyderabad;buy blueberries online in chandigarh;buy blueberries online mumbai;buy blueberries online nz;buy blueberries online pune;buy blueberries online thane;buy blueberry;buy blueberry fruit near me;buy blueberry fruit online india;buy blueberry in bangalore;buy blueberry near me;buy blueberry online;buy blueberry online bangalore;buy blueberry online delhi;buy blueberry online hyderabad;buy blueberry online mumbai;buy blueberry online thane;buy blueberry plants near me;buy blueberry plants online;buy dried blueberries;buy dried blueberries online;buy dried blueberries online india;buy freezed blueberry fruit near me;buy fresh blueberries;buy fresh blueberries online;buy fresh blueberries online delhi;buy fresh blueberries online india;buy fresh blueberry online india;buy frozen blueberries;buy frozen blueberries online;buy online blueberries;buy organic blueberries online;buy wild blueberries;buy wild blueberries online;buy wild blueberry;buy wild blueberry online;cheap blueberries near me;dried blueberries for sale near me;dried blueberries near me;dried blueberries online india;dry blueberry online;freeze dried blueberries near me;fresh blueberries for sale near me;fresh blueberries in india online;fresh blueberries near me;fresh blueberries online;fresh blueberries online purchase in mumbai;fresh blueberry online bangalore;fresh blueberry online india;frozen blueberries buy;frozen blueberries near me;frozen blueberries online;frozen blueberries online india;frozen blueberry online india;frozen wild blueberries near me;order blueberries online;order blueberries online india;order fresh blueberries online;organic blueberries near me;should i buy organic blueberries;u pick blueberries near me;where can i buy blueberries;where can i buy blueberries near me;where can i buy blueberry near me;where to buy blueberries;where to buy blueberries in hyderabad;where to buy blueberries near me;where to buy blueberry;where to buy dried blueberries;where to buy freeze dried blueberries;where to buy fresh blueberries in mumbai;where to buy fresh blueberries in pune;where to buy organic blueberries;where to buy wild blueberries;where to get fresh blueberries near me;where to pick wild blueberries near me;wild blueberries near me;you pick blueberries near me;ब्लूबेरी
donut-peach,ACTIVE,Peaches & Nectarines,Buy Imported Donut Peach Online,31,Buy Imported Donut Peach Online From Alphonso Mango,51,"Buy imported Donut Peach online. It is a juicy, sweet, and packed with flavor. Enjoy the delicious taste of fresh Donut Peaches at affordable rate. Order now!",158,668,1,880.0,880.0,0,
golden-kiwi,ACTIVE,Kiwis,Buy Premium Golden Kiwi Online,30,,0,Buy Fresh Golden Kiwi Imported from New Zealand golden kiwi has a pale golden yellow flesh buy online one of the topmost Kiwi from sweet & a bit of tangy.,154,464,3,200.0,1750.0,0,
grape-fruit,DRAFT,Grapefruits,Grape Fruit,11,,0,,0,307,1,0.0,0.0,0,
green-kiwi,ACTIVE,Kiwis,Buy Premium quality Green Kiwi Online,37,,0,"Green Kiwi As the name suggests, the Green kiwi has green and translucent flesh. The deep purple or black seeds are present in them. Imported from New Zealand. ",160,469,3,250.0,1000.0,0,Green Kiwi;kiwi
imported-cherry-fruit,ACTIVE,Cherries,Imported Fresh Cherries online - Cherry Fruit,45,,0,"Buy Imported fresh Cherries fruits (cherry) Online from chile big size grew authentic, beautiful red color tasty heart-shaped hand-harvested cherry imported",156,486,4,500.0,3900.0,0,1 kg cherry price in india;about cherry online;amarena cherries where to buy;american black cherry buy in india;Bigarreau Napoleon;Bigarreau Noir Gross;bing cherries buy online india;black cherry fruit online;black cherry online shop;Black Heart cherry;Black Republican cherry;Black Tartarian;buy box of cherries online;buy canned cherries online india;buy cherries;buy cherries cochin;buy cherries online;buy cherries online australia;buy cherries online brisbane;buy cherries online chile;buy cherries online hyderabad;buy cherries online india;buy cherries online new zealand;buy cherries online nz;buy cherries online singapore;buy cherries online south africa;buy cherries online turkey;buy cherries online uk;buy cherries online usa;buy cherry fruit;buy cherry fruit box;buy cherry fruit gurgaon;buy cherry fruit imported;buy cherry fruit online;buy cherry fruit online chennai;buy cherry fruit online in india;buy cherry fruit online india;buy cherry gurgaon;buy cherry jam india;buy cherry online;buy cherry online amazon;buy cherry online india;buy cherry online noida;buy cherry online noida fruit;buy fresh cherries online;buy fresh cherries online india;buy fresh cherry online;buy imported cherry fruit rajko;buy imported cherry fruit rajkot;buy imported cherry rajkot;buy jamaica cherry fruit online india;buy jamaica cherry fruits online india;buy jamaican cherry;buy kashmir cherry;buy kashmir double cherry;buy mature cherry fruit;buy michigan cherries online;buy preserved cherry;buy rainier cherries online;buy tart cherries;buy winter cherry;canned sour cherries where to buy;Cheree;cherries buy online india;cherries for sale online;cherries online buy;cherries online hyderabad;cherries online india;cherries online shop;Cherry;cherry berry online shopping;cherry buy in bhu aneswar;cherry buy in bhuaneswar;cherry buy online india;cherry fresh fruit online buy;cherry from chile;cherry fruit;cherry fruit 1kg price in india;cherry fruit bigbasket;cherry fruit buy online;Cherry Fruit imported;Cherry Fruit Indian;cherry fruit near me;cherry fruit online;cherry fruit online purchase;cherry fruit online purchase india;cherry fruit online shopping;cherry fruit price in bangalore;cherry fruit price in chennai;cherry fruit price in delhi;cherry fruit price in hyderabad;cherry fruit price in india;cherry fruit price in kolkata;cherry fruit price in mumbai;cherry fruit price per 200 gm;cherry fruit price per 500 gm;cherry fruit price per kg;cherry mart online shopping;cherry online;cherry online buy;cherry online price;cherry online shop;cherry online shopping;cherry online shopping app;cherry online shoppinh website;cherry online store;cherry packet price;cherry price in gujarat;cherry price in punjab;cherry season online;cherry wholesale price;Cherrypazham;chukar cherries where to buy;dried cherries online india;dry cherry online;Early Purple Black Heart;Early Rivers cherry;fresh cherries online;fresh cherries online india;fresh cherry fruit 1kg price;fresh cherry fruit near me;fresh cherry fruit online;fresh cherry fruit online india;fresh cherry price;frozen tart cherries where to buy;Guigne Noir Hative;Guigne Pour ova Precece;Guigne Pour ova Precece cherry;how to buy cherries;how to make cherry fruit;imported cherry price;jamaica cherry fruit buy online india;jamaican cherry fruit in india buy online;jamaican cherry fruit where to buy in india;jamaican cherry in india buy online;karonda cherry buy;karonda cherry buy online;Kashmir Mishri Cherry;kimoji cherry buy online;kimoji cherry buy online amazon;kookaburra red cherry buy;Lambert Cherry;Mishri cherries;Mishri Cherry;Napoleon White CHerry;order cherries online;order fresh cherries online;Pink Early Cherry;ranco cherries;ranco cherries where to buy;ranco cherry;red cherry;red cherry fruit buy online;red cherry fruit online;red cherry fruit price;seedless cherries where to buy;Stella Cherry;sweet cherry;sweetened cherris best buy banglore;Van Cherry;where can i buy a cherry fruit;where can i buy capulin cherry fruit;where can i buy cherry;where can i buy cherry fruit in philippines;where can i buy fresh cherries near me;where can i buy fresh cherry fruit;where can i buy fresh sour cherries near me;where can i buy red cherry;where can i buy seedless cherries;where to buy black cherry fruit;where to buy blue cherry fruit;where to buy cherry fruit;where to buy cherry fruits in nairobi;where to buy cherry plum fruit;where to buy cornelian cherry fruit;where to buy fresh cherries in manila;where to buy fresh sour cherries near me;where to buy ground cherry fruit;where to buy maraschino cherries;where to buy morello cherries;where to buy sour cherries near me;where to buy tart cherries;where to buy tart cherries near me;White Heart;wild cherry online;چیری;گِلاسہٕ;चॅरी;चेरी;चेरी fruit;चेरी फल;चेरी फळ;চেরি;প্রুনাস অভিয়াম;ਚੈਰੀ;ચેરી;ચેરી fruit;செர்ரி;சேலாப்பழம்;చెర్రీ;చెర్రీ  fruit;చెర్రీ పండు;ಚೆರಿ
longan-fruit,DRAFT,Longan,Longan Fruit,12,,0,,0,313,1,0.0,0.0,0,
mandarin-orange,DRAFT,Oranges,Mandarin Orange,15,,0,,0,345,1,400.0,400.0,0,mandarian orange;orange
mulberry-shahtoot,ACTIVE,Berries,Mulberry | Mulberries,21,"Buy Mulberry Fruit (Mulberries, Shahtoot Fruit)",47,Mahabaleshwar Exotic Mulberry or Mulberries(Shahtoot or Shehtoot) long oval-shaped fruit with deep purple or black hue Sweet & Sour taste direct from farms.,156,439,1,160.0,160.0,0,black mulberry online buy;Buy Exotic Mulberry;buy fresh mulberries;buy fresh mulberries online;buy morus;buy Morus alba;buy mulberries;buy mulberries in mumbai;buy mulberries near me;buy mulberries online;buy mulberry;buy mulberry extract;buy mulberry fruit;buy mulberry fruit india;buy mulberry fruit online;buy mulberry fruit online india;buy mulberry fruit price;buy mulberry handbags online;buy mulberry online;buy mulberry online india;buy mulberry online mumbai;buy mulberry online navi mumbai;buy mulberry online thane;buy mulberry online uk;buy online mulberry fruit;buy shahtoot;buy shahtoot fruit;buy shahtoot fruit online;buy shahtoot mulberry;buy shehtoot fruit;buy shehtoot fruit online;buy SHETOOT;buy SHETOOT online;buy sundried mulberries;buy white mulberry;dried mulberry online india;indian mulberry buy;indian mulberry fruit;indian mulberry hindi name buy online;is mulberry fruit good for diabetes;Morus alba;morus fruit;mulberries;mulberries in mumbai;mulberry;mulberry benefit;Mulberry Black;mulberry buy online;mulberry dry fruit;mulberry fresh;mulberry fruit;mulberry fruit benefits;mulberry fruit buy online;mulberry fruit images;mulberry fruit in hindi;mulberry fruit in kannada;mulberry fruit in kolkata;mulberry fruit in marathi;mulberry fruit in pregnancy;mulberry fruit in tamil;mulberry fruit in telugu;mulberry fruit near me;mulberry fruit online;mulberry fruit online india;mulberry fruit price;mulberry fruit price per kg in india;mulberry fruit side effects;mulberry fruit uses;mulberry online buy;mulberry online pune;mulberry price;mulberry price per kg;mulberry tree leaves and fruit;mulberry where to buy;Online Fruit Delivery;red mulberry fruit;shahtoot;shahtoot fruit;shahtoot fruit online;shehtoot;shehtoot fruit;shehtoot fruit online;SHETOOT;where can i buy fresh mulberries;where can i buy mulberries;where can i buy mulberry fruit;where can you buy mulberry fruit;where to buy dried mulberries;where to buy fresh mulberries;where to buy fresh mulberries near me;where to buy mulberries;where to buy mulberries in bangalore;where to buy mulberries in mumbai;where to buy mulberry dry fruit in chennai;where to buy mulberry fruit;where to buy mulberry fruit in chandigarh;where to buy mulberry fruit in india;where to buy mulberry fruit in singapore;where to buy mulberry in chandigarh;white mulberry fruit;शहतूत
nectarine,ACTIVE,Peaches & Nectarines,Buy Premium Imported Nectarine Online,37,,0,Buy Imported Nectarine fruit online has a close resemblance to peach. It is comparatively smaller and has red skin with hints of tasty yellow fruits online.,156,431,1,500.0,500.0,0,Nectarine
packham-pear,ACTIVE,Pears,Buy Packham Pear Online,23,,0,Imported Packham Pear fruit online is irregular-shaped fruit with a light green hue. This medium-sized fruit has a bulging bottom & a slender top sweet fruit.  ,160,446,1,450.0,450.0,0,Imported Pears
pink-lady-apple,DRAFT,Apples,Pink Lady Apple,15,,0,,0,308,1,0.0,0.0,0,
pomegranate,DRAFT,Pomegranates,Pomegranate,11,,0,,0,327,1,0.0,0.0,0,
raspberry,DRAFT,Berries,Raspberry,9,,0,,0,323,1,0.0,0.0,0,
red-anjou-pears,DRAFT,Pears,Red Anjou Pears,15,,0,,0,327,1,0.0,0.0,0,
red-globe,DRAFT,Grapes,Red Globe,9,,0,,0,325,1,0.0,0.0,0,
royal-gala-apples,DRAFT,Apples,Royal Gala Apples,17,,0,,0,319,1,0.0,0.0,0,
sweet-tamarind,ACTIVE,Tamarindo,Sweet Tamarind: Meethi Imli A Delicious Treat at AlphonsoMango.in,65,Sweet Tamarind: Meethi Imli A Delicious Treat at AlphonsoMango.in,65,"Experience the authentic taste of Thailand with our Thai Sweet Tamarind Box. Enjoy rich, natural sweetness in every bite perfect for snacking or adding flavour.",160,1959,1,282.0,282.0,140,ambli fruit;arabian sweet tamarind online;best dried sweet tamarind;best sweet tamarind thailand;box  of sweet tamarind;Buy Fresho Tamarind Sweet;buy sweet emli online;buy sweet imli;buy sweet tamarind;buy sweet tamarind box online;buy sweet tamarind during pregnancy;buy sweet tamarind for pregnancy;buy sweet tamarind for pregnant;buy sweet tamarind online;buy sweet tamarind online chennai;buy sweet tamarind online india;buy sweet tamarind online mumbai;buy sweet tamarind online near me;buy sweet thai tamarind online;buy sweet thai tamarind online india;can i eat sweet tamarind during pregnancy;chinch;chinch box;chinch fruit;chinch fruit in english;chinch sweet tamarind box;Chintapandu;dried imli;dried imli thailand;dried tamarind;dried tamarind thailand;emli near me;fresh sweet tamarind;fresh sweet tamarind recipes;fresh tamarind;fresh tamarind box;fresh tamarind during pregnancy;fresh tamarind from thailand;fresh tamarind ka dabba;fresh thai tamarind;how to store tamarind;image imli;imali ka photo;imali photo;imli;imli box;imli fruit;imli in english;imli ki picture;imli near me;imli photo;imli pic;imli sweet;imly near me;immli;is sweet tamarind good for health;mall of travancore sweet tamarind;Meethi Eemli;meethi emli;Meethi imli;mithi imli;non sweet tamarind online;order online tamarind rice mix from grand sweets;Puli;raw tamarind benefits;sweet and sour tamarind;sweet chutney without tamarind;sweet dried tamarind thailand;sweet Eemli;sweet emli;sweet emli thailand;sweet hybrid tamarind seeds india;sweet imli;sweet imli box;sweet imli thailand;sweet tamaraind;sweet tamarind;sweet tamarind ahmedabad;sweet tamarind bangalore;sweet tamarind benefit;sweet tamarind benefits;Sweet Tamarind Box;sweet tamarind box online;sweet tamarind box online india;sweet tamarind box price;sweet tamarind brand;sweet tamarind buy;sweet tamarind buy online;sweet tamarind buy online buy;sweet tamarind buy online in india;sweet tamarind buy online in mumbai;sweet tamarind buy online in pune;sweet tamarind candy buy online;sweet tamarind chennai;sweet tamarind chutney;sweet tamarind chutney pregnancy;sweet tamarind cultivation in india;sweet tamarind delhi;sweet tamarind during pregnancy;sweet tamarind for sale;sweet tamarind fruit best online;sweet tamarind imli;sweet tamarind in pregnancy;sweet tamarind in pregnancy 4th month;sweet tamarind india;sweet tamarind india box buy;sweet tamarind india red box buy;sweet tamarind india red box buy gwalior;sweet tamarind indore;sweet tamarind kerala;sweet tamarind near me;sweet tamarind near me online;sweet tamarind nutrition;sweet tamarind online;sweet tamarind online buy;sweet tamarind online india;sweet tamarind online kolkata;sweet tamarind price;sweet tamarind price in delhi;sweet tamarind price in india;sweet tamarind price in jammu;sweet tamarind price in Mumbai;sweet tamarind product of thailand;sweet tamarind pune;sweet tamarind rate;sweet tamarind seeds sale;sweet tamarind surat;sweet tamarind thailand;sweet tamarind thailand farming;sweet tamarind thailand price;sweet tamarind tree;sweet tamarind tree thailand;sweet tamarind trichy;sweet tamarind USA;sweet tamarind variety in india;sweet tamarind where to buy;sweet thai tamarind online buy;tamarind box;tamarind buy online;tamarind craving;tamarind fruit;tamarind images;tamarind imli;tamarind is a fruit or vegetable;tamarind near me;tamarind online;tamarind picture;tamarind pods;tamarind pregnancy;tamarind sweet at checkout counter yogya indonesia;tamarind sweet at checkout counter yojana;tamarind sweet thailand;tamarind sweets south india;tamarind sweets southern india;tamarind thailand;tamarind thailand sweet;tamarind thailand sweet thailand tamarind sweet;tamarind where to buy;Tamarindo;tamarindo box;Tentuli;tetul;thai imly near me;thai sweet tamarind box;thailand imli;Thailand Mithi Imli;thailand sweet Imli box;thailand sweet tamarind;thailand sweet tamarind box;thailand sweet tamarind in india;thailand sweet tamarind in pune;thailand tamarind imly near me;thailand tamarind near me;thailand tamarind sweet;tumkur sweet tamarind purchase online;what is a special about natural sweet tamarind whole of thailand;what is apecial about natural sweet tamarind whole of thailand;what is tamarind;where can i buy sweet tamarind;where to buy sweet tamarind;where to buy sweet tamarind in bangkok;where to buy sweet tamarind in India;where to buy sweet tamarind in singapore;why thailand sweet tamarind is famous;इमली;चिंच;चिंच गोळी;তেতুল;ਇਮਲੀ;ਮਿੱਠੀ ਇਮਲੀ;આમલી;મીઠી આમલી;ତେନ୍ତୁଲି;இனிப்பு புளி;చిಂತపండు;ಸಿಹಿ ಹುಣಸೆಹಣ್ಣು;ಹುಣಸೆಹಣ್ಣು;പുളി;മധുര പുളി
tangerine,DRAFT,Tangelos,Tangerine,9,,0,,0,340,1,0.0,0.0,0,
medjool-dates-medjoul-khajoor,ACTIVE,Dates,Premium Medjool Dates – Sweet & Soft Medjoul Khajoor,52,Buy Jumbo Medjoul Khajoor (1kg) | Order Fresh Medjoul Dates,59,Treat yourself to sweet jumbo Medjool dates online. We deliver fresh Medjool khajoor packed with natural goodness and perfect for a healthy snack.,146,1636,2,1050.0,1900.0,189,1 date calories;1 date protein;1 khajoor calories;100g sugar calories;amber dates;arabian dates online;arabian dates online india;arabian dates price in india;arabian khajur;are medjool dates the same as dried dates;barari medjool dates;bard valley medjool dates buy india online;best date varieties;best dates khajoor;best dates online;best khajoor;best khajoor in india;best khajur;best medjool dates in india;best place to buy medjool dates;best variety of dates;big dates;big size dates;black dates calories;buy arabian dates online;buy dates;buy dates near me;buy dates online;buy dates online from saudi;buy dates online india;buy fresh medjool dates;buy israeli medjool dates;buy khajoor online;buy medjool date;buy medjool dates;buy medjool dates in bulk;buy medjool dates in bulk uk;buy medjool dates in singapore;buy medjool dates mumbai;buy medjool dates near me;buy medjool dates online;buy medjool dates online canada;buy medjool dates online delhi;buy medjool dates online india;buy medjool dates online mumbai;buy medjool dates online uk;buy medjool dates uk;buy medjoul dates;buy online medjool dates;buy organic medjool date;buy organic medjool dates;buy organic medjool dates in bulk;California Dates;California khajoor;California medjool dates;date dry fruit;date fruit fresh;date nuts;dates best quality;dates company;dates for constipation;dates khajur;dates medjool;dates nutrients;dates nutrition facts 100g;dates nutritional value;dates nuts;dates online;dates online price;dates online shopping;dates pack;dates price;dates sugar content;dates to eat;dates where to buy;deglet noor dates;deglet vs medjool dates;different type of dates;different types of dates;different types of dates fruit;dried dates benefits;dry dates fruit;dry fruit dates;dubai khajur;dubai khajur price;elworld organic medjoul natural dates jumbo 500 g;expensive dates;flyberry gourmet medjoul dates;flyberry gourmet medjoul dates 1 kg;flyberry gourmet medjoul dates price;flyberry medjoul dates;fresh dates calories;fresh dates fruit;fresh dates tree;fresh medjool dates;good quality dates;health benefits of medjool dates;high quality dates;how many dates in 100 grams;how many types of dates are there;imported dates india;kalmi dates origin;khajoor near me;khajoor online;khajoor price in india;khajoor quality;khajur nutrition facts 100g;khajur online;khajur price;khajur price in delhi;khajur price in india;kinds of dates;king medjool dates;king medjoul dates;king solomon dates medjoul;king solomon dates medjoul natural dates;king solomon medjool dates;king solomon medjool dates 5kg;king solomon medjoul dates;king solomon medjoul natural dates;king solomon organic medjool dates;large date pitted;large dates;Madjhoola;Majhool;majhool dates near me;Medjool;medjool date;medjool date palm;medjool date seeds buy online;medjool dates;medjool dates 1kg price;medjool dates and diabetes;medjool dates benefit;medjool dates benefits;medjool dates buy online;medjool dates buy online india;medjool dates calories;medjool dates chennai;medjool dates costco;medjool dates delhi;medjool dates for babies;medjool dates fresh;medjool dates health benefit;medjool dates health benefits;medjool dates hyderabad;medjool dates images;medjool dates in hyderabad;medjool dates in mumbai;medjool dates india;medjool dates jordan river;medjool dates jumbo;medjool dates kimia buy;medjool dates king of dates;medjool dates king soopers;medjool dates near me;medjool dates nutrition;medjool dates nutrition facts;medjool dates online;medjool dates online india;medjool dates online purchase;medjool dates online rate;medjool dates organic;medjool dates origin;medjool dates price;medjool dates price in india;medjool dates price in karnataka;medjool dates price in kerala;medjool dates price in telangana;medjool dates rate;medjool dates rate online;medjool dates to buy;medjool dates tree;medjool dates vs ajwa dates;medjool fresh dates;medjool jordan dates benefits;medjool khajoor;medjool khajoor price;medjool khajur;medjool natural dates;medjool or medjoul;medjool price;Medjoul;medjoul dates;medjoul dates 5kg;medjoul dates ariha;medjoul dates asda;medjoul dates near me;medjoul dates palestine;medjoul dates palestine 5kg;medjoul dates uk;medjoul dateskmedjool dates;medjoul natural dates;medjoul natural dates benefits;medjoul natural dates india;medjoul natural dates price;medjul;medjul dates;medjul khajoor;medjul khajur;medjul khazur;mejdool dates;natural dates;natural dates medjoul;natural dates medjoul jordan river;online dates order;online dates purchase in india;order dates online;organic dates;organic medjool dates;palestinian medjoul dates;palestinian medjoul dates 1kg;palestinian medjoul dates 5kg;pitted dates;pitted dates meaning;pitted medjool dates;protein in one date;saudi dates online;small date pitted;soft dates;sweet dates;types of dates;types of dates fruit;types of dates in world;varieties of dates;variety types of dates;wet dates;what are medjool dates;what is medjool dates;where can i buy medjool dates;where can i buy medjool dates in nz;where can i buy medjool dates in uk;where can i buy medjool dates near me;where can i buy medjoul dates;where can you buy medjool dates;where can you buy medjoul dates;where do you buy medjool dates;where to buy medjool dates;where to buy medjool dates cheap;where to buy medjool dates in bulk;where to buy medjool dates in dubai;where to buy pitted medjoul dates;which date or what date;which dates;which type of dates are good for health;without seed dates;yaffa medjoul dates;yellow khajoor;zaytoun medjoul dates;தேதி
kalmi-dates-safawi-dates,ACTIVE,Dates,Kalmi Dates | Safawi Dates,26,Buy Premium Black Kalmi Dates - Best Safawi Khajoor,51,Looking for a healthy sweet snack idea or a dry fruit shop near you? Buy authentic Saudi Arabia Khajur online. Check our Kalmi dates Khajur 1kg price today!,156,1551,3,590.0,4050.0,561,3 safawi dates;7 dates;ajwa dates tree;arab dates;arab khajoor;arab khajor;arab khajur;arabian dates fruit;arabic dates;arabic khajoor;arabic khajur;are medjool dates better than other dates;are medjool dates the same as dried dates;are omani dates better than safawi dates;barari;barari dates;barari safawi dates;bateel;bateel dates;bateel dates delhi;bateel dates india;bateel dates khajoor;bateel dates mumbai;bateel delhi;bateel india;bateel Kahjoor;bateel khajoor;bateel khajur;benefits of black dates;benefits of dates for women;benefits of safawi dates;best dates in the world;best dates in world;best kahjoor in world;best quality dates in the world;best type of dates;best types of dates;buy bateel khajur;buy date online;buy kalmi date online;buy kalmi dates;Buy kalmi khajoor;buy kalmi khajur;buy kalmi khajur mumbai;buy kalmi khajur online;buy khajoor online;buy khajor online;buy khajur online;buy safawi dates online;buy safawi dates online india;calories in zahidi dates;date biscuits;date eat benefits;date varieties;dates chinese;dates dubai;dates from saudi arabia;dates fruit in tamil;dates in ahmedabad;dates in bangalore;dates in chennai;dates in delhi;dates in dubai;dates in hyderabad;dates in jammu;dates in kolkata;dates in meerut;dates in mumbai;dates in saudi;dates in saudi arabia;dates in surat;dates organic;dates safawi 500gm;dates shop;dates types;diwali gift set;diwali gift sets;diwali khajoor;diwali khajur;dry dates in marathi;emperor safawi dates;falcon safawi dates india;gift boxes amazon;gifts for ramadan;grofers mother's choice safawi dates;health benefits of safawi dates;how many calories in 1 piece of dates;how to store safawi dates;is kalmi dates good;is khajoor good for health;is kimia dates good;kalami khajur;kalima dates;kalmi date;kalmi date online;kalmi dates;kalmi dates 5kg;kalmi dates ahmedabad;kalmi dates bangalore;kalmi dates benefits;kalmi dates benefits in hindi;kalmi dates box price;kalmi dates calories;kalmi dates chennai;kalmi dates delhi;kalmi dates health benefits;kalmi dates hs code;kalmi dates hyderabad;kalmi dates images;kalmi dates jewel farmer;kalmi dates kolhapur;kalmi dates kolkata;kalmi dates Mumbai;kalmi dates nashik;kalmi dates nutrition;kalmi dates nutrition facts;kalmi dates online;kalmi dates origin;kalmi dates price;kalmi dates price 1kg;kalmi dates price in ajmer;kalmi dates price in bangalore;kalmi dates price in bangladesh;kalmi dates price in chennai;kalmi dates price in delhi;kalmi dates price in hyderabad;kalmi dates price in india;kalmi dates price in lucknow;kalmi dates price in lukhnow;kalmi dates price in meerut;kalmi dates price in mumbai;kalmi dates price in nagpur;kalmi dates price in pakistan;kalmi dates price in pune;kalmi dates price in saudi arabia;kalmi dates price in up;kalmi dates pune;kalmi dates rate;kalmi dates sangli;kalmi dates siliguri;kalmi dates surat;kalmi dates thane;kalmi dates vs medjool;kalmi dates wholesale price;kalmi dates wikipedia;kalmi imported dates india;kalmi khajoor;kalmi khajoor benefits;kalmi khajoor online;kalmi khajoor price;kalmi khajor online;kalmi khajur;kalmi khajur bangalore;kalmi khajur hyderabad;kalmi khajur mumbai;kalmi khajur online;kalmi khajur pune;kalmi saudi dates;kalmi wet dates;khajoor;khajoor box;khajor;khajur;khejur;khejur benefits;khenaizi dates vs safawi;khudri and safawi dates;luxury sweets dubai;mabroom dates and safawi dates;medjool & safawi dates diffrence;medjool vs safawi dates;online safawi dates;organic dates;ph kalmi dates;premium safawi dates;price of 500 g tomoor safawi dates in hanifa malasia;price oh 500 g tomoor safawi dates in hanifa malasia;price oh 500 g tomoor safawi dates uae;queen kalmi dates review;ramadan dates;ramadan gift;ramadan gift box;ramadan gifts;ramadan gifts ideas;ramadan khajoor;ramadan khajur;ramadan mubarak gift;ramadan mubarak gifts;ramadan zakat;rostaa kalmi dates;safawi;safawi black va kalmi dates;safawi date south arabia;safawi dates;safawi dates 1kg price;safawi dates and ajwa dates;safawi dates benefits;safawi dates boule pic png;safawi dates calories;safawi dates cup pic png;safawi dates go well with;safawi dates health benefits;safawi dates images;safawi dates in arabic;safawi dates in chennai;safawi dates india;safawi dates meaning;safawi dates meaning in hindi;safawi dates nutrient;safawi dates nutrition;safawi dates online india;safawi dates origin;safawi dates per kg price;safawi dates pic png;safawi dates price;safawi dates price in india;safawi dates price in saudi arabia;safawi dates price in uae;safawi dates saudi;safawi dates saudi arabia;safawi dates single pic png;safawi dates storage;safawi dates storage temperature;safawi dates taste;safawi dates vacuum packed;safawi dates vs medjool;safawi dates wiki;safawi dates with almonds;safawi flavoured khajoor;safawi khajoor;safawi khajoor benifit;safawi vs ajwa dates;safawi vs fard dates;saudi arabia dates;saudi arabian dates;saudi dates;sweet dates;types of dates;types of dates fruit;varieties of dates;variety of dates;what is kalmi dates;where can i buy best quality safawi dates in bangalore;پرسکون ہو جاؤ khajur;کلمی تاریخیں۔;कीमिया खजूर price;खजूर;खजूर buy;खजूर dry;खजूर price
jardalu,ACTIVE,Dried Fruits,Dried Apricot | Jardalu | Non-Pitted | Khumani,46,,0,Buy JARDALU Dried apricot online premium quality Khumani sun-dried for you vacuum packed for retaining the freshness of all dry fruits pan India Delivery.,154,1237,3,285.0,970.0,291,1kg apricot price in india;apricot 1 kg price;apricot buy online india;apricot cost;apricot dry fruit;apricot dry fruit benefits;apricot dry fruit buy online;apricot dry fruit images;apricot dry fruit in hindi;apricot dry fruit in marathi;apricot dry fruit online;apricot dry fruit price;Apricot Dry Fruits;apricot dry fruits online;apricot fruit buy online;apricot ke fayde;apricot khane ke fayde;apricot khubani;apricot online shopping;apricot price;apricot price in india;apricot price per kg;apricot rate in india;apricots;apricots from kashmir;apricots khane ke fayde;benefits of apricot dry fruit;buy apricot;buy apricot fruit;buy apricot online;buy Dried Apricot near me;buy dried apricot online;buy dried apricots;buy dried apricots near me;buy dried apricots online;buy dry apricot;buy fresh apricots online;buy japanese apricot;buy japanese apricot tree;buy jardalu;buy jardalu near mw;buy jardalu online;buy jardaluy;buy khubani;buy khubani near me;buy khubani online near me;buy khumani;buy organic apricot seeds;buy peach apricot;buy qurbani dry fruit;buy zardalu;buy zardalu online;do dried apricots have seeds;dried apricot calories 100g;Dried Apricot Online;Dried Apricot Online near me;Dried Apricot price;Dried Apricot rate;dried apricot turkey;dried apricots;dried apricots 1kg;dried apricots 1kg price;dried apricots buy online;dried apricots online;dried apricots online ahmedabad;dried apricots online bangalore;dried apricots online chennai;dried apricots online hinjewadi;dried apricots online hyderabad;dried apricots online india;dried apricots online indore;dried apricots online kolkata;dried apricots online pune;dried apricots online surat;dried apricots online vadodara;dried apricots price;dry apricot;dry apricot price per kg;dry jardalu;dry khubani;fresh apricot price per kg;how to buy Dried Apricot  with seed;how to use apricot agate;indian apricots;jardaloo;Jardalu;jardalu 250 gm price;jardalu 500 gm price;jardalu dry fruit;jardalu dry fruit benefits;jardalu fruit;jardalu fruit in english;jardalu in english;jardalu online shopping;jardalu price;jardalu rate;kashmiri apricots;khubani;khubani 1kg price;khubani dry fruit;khubani fal;khubani fruit price;khubani in bengali;khubani in english;khubani in hindi;khubani in marathi;khubani in tamil;khubani in Telegu;khubani khane ke fayde;khubani meaning in english;khubani near me;khubani online;khubani online shopping;khubani price online;khubani rate;khumani online shopping;qurbani dry fruit;qurbani dry fruit online;qurbani dry fruits;turkish apricots;what is apricot called in hindi;what is khubani;when to eat dried apricots;where to buy apricot;where to buy apricots near me;where to buy raw apricot seeds;zardalu;zardalu dry fruit;zardalu near me;zardalu online;zardalu online shopping;खुबानी
dried-blackberries,ACTIVE,Berries,Dried Blackberries,18,Order Dried Blackberries – Your Healthy & Tasty Snack,53,Buy premium Dried Blackberries online. These are imported from the USA. These nutrient-rich berries are perfect for healthy snacking and everyday nutrition.,156,1098,3,740.0,2516.0,0,blackberries;blackberry;blackberry fruit;blackberry fruit price;blackberry price;buy blackberries;buy blackberry;buy blackberry fruit;buy blackberry fruit online;buy blackberry online;Buy dried blackberry online;Buy Dry Blackberries;Dried Blackberry;Dry Blackberries
dried-cranberry-cranberries,ACTIVE,Berries,Dried Cranberry | Cranberries,29,Tasty Dried Cranberries You Can Enjoy Anytime ,46,"Buy premium Dried Cranberry from the USA. These sweet, tangy cranberries contain no added flavor or color—just a tasty, natural treat for your taste buds",153,1960,3,280.0,950.0,703,benefits of cranberry dried;benefits of dried cranberries;benefits of dried cranberry;benefits of dry cranberry;benefits of eating dried cranberries;benefits of eating dry cranberry;berries;berry;buy cranberries;buy cranberries bangalore;buy cranberries chennai;buy cranberries delhi;buy cranberries hyderabad;buy cranberries kochi;buy cranberries mumbai;buy cranberries near me;buy cranberries online;buy cranberries online near me;buy cranberries trichy;buy cranberry;buy cranberry fruit online india;buy cranberry juice online india;buy cranberry near me;buy cranberry online;buy cranberry plants;buy dried cranberries;buy dried cranberries online;buy fresh cranberries online;buy fresh cranberry fruit online india;buy fresh cranberry online;buy fresh cranberry online india;buy frozen cranberries online;buy real cranberry juice online india;buy unsweetened cranberry juice;calories in dried cranberries;can berry;carnberry;craisin;craisins;cranberries;cranberries dried;cranberries online;cranberry;cranberry benefits;cranberry benefits in telugu;cranberry buy online;cranberry buy online india;cranberry called in hindi;cranberry dried;cranberry dried benefits;cranberry dry;cranberry dry fruit;cranberry dry fruit benefits;cranberry dry fruit in telugu;cranberry dry fruit online;cranberry dry fruit online india;cranberry dry fruit price;cranberry dry fruit uses;cranberry dry fruits;cranberry dry online india;cranberry fruit in hindi name;cranberry fruit online;cranberry in hindi;cranberry in pregnancy;cranberry indian name;cranberry juice online;cranberry juice online purchase;cranberry juice order online;cranberry juice without sugar online;cranberry nutrition facts;cranberry online;cranberry online ahmedabad;cranberry online chennai;cranberry online mumbai;cranberry online pune;cranberry online purchase;cranberry online shop;cranberry online surat;cranberry taste;del monte dried cranberries;dried berries;dried berry;dried cranberries;dried cranberries benefits;dried cranberries benefits skin;dried cranberries calories;dried cranberries calories 100g;dried cranberries during pregnancy;dried cranberries good for you;dried cranberries in hindi;dried cranberries near me;dried cranberries online;dried cranberries online india;dried cranberries price;dried cranberries rate;dried cranberry;dried cranberry benefits;dried cranberry benefits and side effects;dried cranberry bread recipes;dried cranberry for diabetes;Dried Cranberry Fruit;dried cranberry in hindi;dried cranberry in pregnancy;dried cranberry nutrition;Dried Cranberry Online;dried cranberry price;dried cranberry recipe;dried cranberry recipes;dried sweetened cranberry;dried unsweetened cranberries;dried whole cranberries;dry cranberries;dry cranberry;dry cranberry benefits;dry cranberry for diabetes;dry cranberry fruit;dry cranberry price;dry cranberry price in india;dry cranberry rate;dry cranberry rate in india;fresh cranberries online;frozen cranberries online;how to eat dried cranberries;how to eat dry cranberry;order cranberry juice online;pure cranberry juice online;regency dried cranberries;sweetened cranberry;sweetened dried cranberry;unsweetened cranberries;unsweetened dried cranberries;what is cranberry called in hindi;what is cranberry called in india;where can i buy cranberry juice;where can i buy fresh cranberries near me;where can you buy pure cranberry juice;where to buy cranberry beans;where to buy cranberry in chennai;where to buy cranberry juice concentrate;where to buy natural cranberry juice;where to buy raw cranberry juice;where to buy real cranberry juice;कैनबेरी
dried-prunes-dried-plums-sun-dried,ACTIVE,dry fruit,Dried Prunes | Dried Plums | Sun-Dried,38,Buy Dried Plums - A Tasty and Healthy Fruit Snack,49,"Buy dried plums online. These sweet, sun-dried prunes are perfect for snacking, baking, or desserts. Enjoy premium quality dried plums at great prices. ",152,1254,3,280.0,950.0,650,Alu Bukhara;are dried prunes good;are plum products available offline;are prunes available in india;are prunes dried fruit;are prunes dried plums;are prunes good for health;are prunes grown in india;best dried prunes to buy;Black Plum Seedless;buy agen prunes;buy dried plum near me;buy dried plum online;buy dried plums;buy dried prunes;buy dried prunes online;buy dry berries online;buy dry fruit;buy dry fruit tray online;buy dry fruits;buy dry fruits in bulk;buy dry fruits near me;buy dry fruits online;buy dry fruits online cheap;buy dry fruits online delhi;buy dry fruits online india;buy dry fruits online mumbai;buy dry fruits wholesale;buy dry plum;buy dry plum fruit;buy Dry Plum online;buy dryfruits online mumbai;buy fresh prunes;buy organic prunes;buy organic prunes online;buy pitted prunes in bulk;buy plum;buy plum online;buy plum products;buy prune;buy prunes;buy prunes in banagalore;buy prunes in bulk;buy prunes in chennai;buy prunes in delhi;buy prunes in gandhinagar;buy prunes in gurgaon;buy prunes in kolkata;buy prunes in nepal;buy prunes in pakistan;buy prunes near me;Buy Prunes online;buy prunes online ahmedabad;buy prunes online kolhapur;buy prunes online mumbai;buy prunes online near me;buy prunes online pakistan;buy prunes online pune;buy prunes online sangali;buy prunes online surat;buy prunes uk;buy prunes with pit;buy sunsweet prunes;can i buy prunes;can plums be dehydrated;can we buy drones in india;can you buy fresh prunes;can you buy prunes;can you eat too many dried prunes;can you rehydrate dried prunes;chinese dry plum;Dried Aalu Bukhara;dried plum;dried plum chinese;dried plum near me;dried plum online;dried plum organic;dried plum price;Dried Plumberry fruit;dried plums online;dried prune near me;dried prunes;dried prunes amazon india;dried prunes near me;dried prunes online;dried prunes organic;dried prunes packet;dried prunes price in india;dried prunes to buy;dried prunes uses;dry date plum;dry date plum benefits;dry fruit shop near me;dry pitted plum benefits;dry plum;dry plum benefits;dry plum buy online;dry plum chinese;dry plum chinesse;Dry Plum Fruit;dry plum fruits;dry plum fruits online;dry plum near me;dry plum online;dry plum online buy;dry plum price;dry plum price per kg;dry plum rate;dry plum side effects;dry plum to buy;dry plum uses;dry prunes near me;dry red plum;how can you buy prunes;how do you buy prunes;how long can you keep dried prunes;how long will dried prunes last;how many dried prunes a day;how many dried prunes can you eat a day;how many dried prunes for constipation;how many dried prunes in 1.5 oz;how many dried prunes in a serving;how many dried prunes per day;how many dried prunes should i eat for constipation;how many dried prunes to eat for constipation;how many dried prunes to eat to poop;how many prunes a day for baby;how many prunes to eat in a day;how much dried prunes;how much dried prunes for constipation;how much prunes to eat per day;how to buy prunes;how to buy prunes for constipation;how to dry plums uk;how to make dry plum;is plum a dry fruit;is plum good for dry skin;is plum products good for dry skin;is prunes good for health;is there a shortage of dried prunes;Khatta Meetha Dry Alubukhara;near by dry fruit shop;near dry fruit shop;nearbuy pune;online prunes buy;pitted dried plum;pitted dried prunes;Pitted Prunes Dry Fruit;places to buy prunes;plum;plum buy;plum dry fruit;plum dry fruits;plum for dry skin;plums where to buy;price of plum fruit;price of prunes;price online of prunes;prune buy;prune buy online;prune juice buy online;prune price;prune where to buy;prunes;prunes buy;prunes buy online;prunes dried benefits;prunes dry fruit;prunes for baby;prunes for buy;prunes fruit;prunes order online;prunes to buy;should you buy organic prunes;Sukha Aalu Bukhara;Sukha Allubukhara;Sukha Aloo Bukhara;Sukhe Aalu Bukhara;the best dried prunes;ways to buy prunes;what can i make with dried prunes;what is a good substitute for prunes;what is dry plum;where are dried prunes in grocery store;where are dried prunes in walmart;where can i buy dried prunes;where can i buy prunes from;where can i buy prunes in london;where can i buy prunes near me;where can i buy prunes with pits;where can you buy fresh prunes;where do dried prunes come from;where to buy best prunes;where to buy dried plum candy;where to buy dried prunes;where to buy dried prunes in singapore;where to buy dried prunes in the philippines;where to buy dried prunes in toronto;where to buy dried prunes uk;where to buy dry plum;where to buy dry prunes;where to buy fresh plums;where to buy fresh prunes near me;where to buy prune;where to buy prune online;where to buy prunes;where to buy prunes for babies;where to buy prunes in grocery store;where to buy prunes in philippines;where to buy prunes near me;where to buy smoked prunes;where to buy stewed prunes;where to buy unpitted prunes;where to get dried prunes;which plum product is best;why are dried prunes good for you;why are prunes healthy;why are prunes so expensive;why can't i buy prunes;why is there a shortage of prunes;आलू बुखारा;सूखे प्रून;ਸੁੱਖਾ ਆਲੂ ਬੁਖਾਰਾ;சுகா ஆலு புக்காரா;సుఖ ఆలూ బుఖారా;സുഖ ആലൂ ബുഖാറ
mamra-badam,ACTIVE,Nuts & Seeds,Mamra Badam | Mamra Almonds,27,Mamra Badam | Gurbandi Almonds,30,"Buy Mamra Badam(Almonds) online, imported from the United States, premium quality boosting your memory, cholesterol-free good for hair, skin, memory, & Health.",159,905,3,850.0,2890.0,435,afganistan mamra almonds price in delhi;almond giri;almond gurbandi;almond kernel;almond mamra;almond mamra price;almond mamro;almond name origin;almonds near me;badam giri in english;badam gurbandi almonds;badam mamra;badam mamra online;badam mamra price;badam mamro;best gurbandi almonds brand in india;best mamra almonds;best mamra almonds brand in india;best mamra badam online;best quality mamra badam online;buy badam mamra;buy Gurbandi Badam;buy Gurbandi Badam online;buy kashmiri mamra almond india;buy mamra almond;buy mamra almond in shell;buy mamra almond online india;buy mamra almonds;buy mamra almonds near me;buy mamra almonds online;buy mamra almonds online delhi;buy mamra almonds online india;buy mamra badam;buy mamra badam delhi;buy mamra badam giri online india;buy mamra badam online;buy mamra badam online chennai;buy mamra badam online delhi;buy mamra badam online india;buy mamra badam online mumbai;buy mamra giri badam online india;buy mamra giri online;buy mamro almond;buy mamro badam;buy ramu mamra;buy ramu mamra giri;buy ramu mamra giri online;cost of mamra almonds;cost of mamra badam;difference between american almond and mamra;difference between california almonds and mamra almonds;difference between mamra and american almond;difference between mamra and california almond;difference between mamra badam and normal badam;difference between mamra badam and normal badam in hindi;difference in mamra badam and normal badam;dry fruit mamra almond from masjid mumbai online;dry fruit mamra almond mumbai online;gurbandi almond benefits;gurbandi almond price;gurbandi almonds;gurbandi almonds benefits;gurbandi almonds online;gurbandi almonds price;gurbandi badam;gurbandi badam 1kg price;gurbandi badam benefits;gurbandi badam giri;gurbandi badam giri price;gurbandi badam ke fayde;gurbandi badam oil;gurbandi badam online;gurbandi badam price;gurbandi badam price per kg;gurbandi badam rate;gurbandi badam wholesale price;health benefits of mamra badam;how much price of almond in india;how to check mamra badam;how to eat mamra badam;iran mamra badam buy online;kashmiri mamra almonds;kashmiri mamra badam online;mamara badam;mamara kernel;mamra;mamra almond;mamra almond in shell buy online;mamra almond near me;mamra almond online;mamra almond online india;mamra almond online purchase;mamra almond price 1kg;mamra almond price in delhi;mamra almond price in india;mamra almond price in mumbai;mamra almond price online;mamra almond price per kg;mamra almonds;mamra almonds benefits;mamra almonds buy online;mamra almonds near me;mamra almonds online;mamra almonds online mumbai;mamra almonds online uk;mamra almonds online usa;mamra almonds price;mamra almonds price in delhi;mamra almonds price in india;mamra almonds price in mumbai;mamra almonds vs normal almond;mamra badam;mamra badam 1kg price in mumbai;mamra badam 250g online;mamra badam benefits vs normal badam;mamra badam buy;mamra badam buy online;mamra badam giri;mamra badam images;mamra badam ke fayde;mamra badam near me;mamra badam nutrients;mamra badam online;mamra badam online 500 gm;mamra badam online buy;mamra badam online delhi;mamra badam online in india;mamra badam online india;mamra badam online price;mamra badam online pune;mamra badam online purchase;mamra badam online shopping;mamra badam origin;mamra badam price;mamra badam price 1kg;mamra badam price in delhi;mamra badam price in mumbai;mamra badam price in thane;mamra badam price online;mamra badam price per kg;mamra badam rate;mamra badam rate in india;mamra badam vs badam;mamra badam vs normal badam;mamra badam vs regular badam;mamra badama price;mamra giri;mamra giri almond;mamra giri almond kernel;mamra giri almond online;mamra giri almonds;mamra giri badam;mamra giri online;mamra giri price;mamra giri rate;mamro almond;mamro badam;nutritional value of mamra almonds;order mamra badam online;price of almond in kerala;price of badam rogan;price of mamra almond;price of mamra almond in delhi;price of mamra almonds;price of mamra badam;price of mamra badam in delhi;price of mamra giri;ramu mamra badam;ramu mamra badam online;ramu mamra giri almond online;rate of almond;rate of badam;rate of badam giri;rate of mamra almond;rate of mamra almonds;rate of mamra badam;tuksi mamra badam;what is mamra badam;what is mamra badam almond;what is special about mamra almonds;what is the difference between badam and mamra badam;what is the difference between mamra badam and normal badam;what is the price of mamra badam;where do almonds grow in india;where to buy mamra almonds in bangalore;where to buy mamra almonds in chennai;where to buy mamra almonds in delhi;where to buy mamra almonds in uk;where to buy mamra almonds in usa;where to buy mamra badam in bangalore;where to buy mamra badam in delhi;which almond is better mamra or american;which badam is better mamra or american;which mamra badam is best;why is mamra badam better;why mamra badam are costly;why mamra badam is expensive;ममरा बदाम;मामरा बदाम;मामरा बादाम
w240-cashew-online,ACTIVE,cashew nuts,W240 Cashew Nuts - Buy Premium Large Whole Kaju Online | Konkan Farms,69,Buy W240 Cashew Nuts Online - Large Premium Kaju | Konkan Farms | AlphonsoMango.in,82,"Buy W240 premium large cashew nuts online from Konkan farms. 220-240 kernels/lb, buttery flavour, 16.5g protein, low GI 22. Best for cooking biryanis, gravies & kaju katli. Vacuum-packed, preservative-free. Free pan-India delivery. Order fresh kaju at AlphonsoMango.in.",269,1075,3,340.0,1155.0,431,1 kg cashew price in india;1 kg kaju price in india;1 kg kaju price in up;2 cashew nut calories;240 cashew;50 gm cashew nuts;50 gm cashew nuts price;50 gm cashew price;50 gm kaju price;aldi roasted salted cashew nuts;are cashews nuts bad for you;best cashew brand in india;best cashew in india;best cashew nuts;best cashew nuts in goa;best kaju;best kaju grade;best kaju in india;best quality cashew nuts in goa;best quality cashew nuts in india;best quality kaju in india;big cashew nuts;big size cashew nuts;biggest cashew nut size;broken cashew nuts price;broken cashew price;buy 1kg cashew nuts;buy a cashew nut;buy best cashew online;buy broken cashew;buy cashew;buy cashew bag;buy cashew benefits;buy cashew butter;buy cashew from goa;buy cashew in bulk;buy cashew in goa;buy cashew in sri lanka;buy cashew kaju online;buy cashew milk;buy cashew near me;buy cashew nut;buy cashew nut online;buy cashew nut paste;buy cashew nuts;buy cashew nuts 100g;buy cashew nuts and badam in hyderabad;buy cashew nuts in bulk;Buy cashew nuts online;buy cashew nuts online bangalore;Buy Cashew Nuts Online big;buy cashew nuts online india;buy cashew nuts wholesale;buy cashew online;buy cashew online india;buy cashew online sri lanka;buy cashew packet;buy cashew paste;buy cashew powder;buy cashew seeds;buy cashew seeds online;buy cashew wholesale;buy cashew wholesale online;buy cashewnuts kaju online;buy cashewnuts online;buy cashewnuts online bhopal;buy cashewnuts online chennai;buy cashewnuts online hyderabad;buy cashewnuts online indore;buy cashewnuts online kerala;buy cashewnuts online mumbai;buy cashewnuts online pune;buy cashewnuts online surat;buy cashewnuts seeds online;buy cashews;buy cashews cheap;buy cashews online;buy cashews online india;buy kaju;buy kaju online;buy kaju packet;buy kaju tin;buy kaju wholesale online;buy kajunuts online;buy raw cashew;buy raw cashew nuts;buy raw cashew nuts online;buy raw cashews near me;buy roasted cashew;buy vegan cashew;buy vegan kaju;buy w240 cashew online;buy zantye cashew nuts online;buy zantye cashew online;buy zantye kaju online;can kaju gain weight;can you buy cashew;can you buy raw cashews;cashew;cashew 1 kg price in india;cashew 1kg buy online;cashew 240 vs 320;cashew 500g price;cashew buy;cashew buy now pay later;cashew cost;cashew cost per kg;cashew dukan goa;cashew kaju;cashew lowest price;cashew near me;cashew nut 240;cashew nut 500g price;cashew nut price;cashew nut price in goa;cashew nut w240;cashew nut w240 price in ahmedabad;cashew nut w240 price in bangalore;cashew nut w240 price in delhi;cashew nut w240 price in goa;cashew nut w240 price in hyderabad;cashew nut w240 price in mumbai;cashew nut w240 price in surat;cashew nut w240 rate;cashew nut w240 wholesale price;cashew nut w320 vs w240;Cashew nuts;cashew nuts buy online;cashew nuts for dry skin;cashew nuts for fair skin;Cashew Nuts For Skin;cashew nuts online;cashew nuts shop near me;cashew online;cashew online 1 kg;cashew price;cashew price in india;cashew price in india today;cashew price per kg;cashew rate;cashew rate 1 kg;cashew roosteren;cashew shop goa;cashew shop near me;cashew shops in goa;cashew vs nuts;cashew vs pine nuts;cashew w 240;cashew w210 vs w240;cashew w240 grade price;cashew w240 means;cashew w240 price;cashew w240 vs w320;cashew w240 vs w320 which is better;cashew w240 w320 difference;cashews buy online;cashews near me;cheap cashews near me;cheap kaju near me;cheapest cashew in india;cheapest kaju in india;cost of cashew nuts;difference between cashew 240 and 320;fresh cashew near me;goa cashew nut w240 price;goa cashew nuts;happilo cashew;how many calories in a cashew nut roast;how many cashew in a day;how many cashews a day;how many cashews are in a cashew apple;how much cashew a day;how much cashew is good for health;how much cashew nuts can i eat a day;how much cashew nuts per day;how much cashews should i eat a day;how to buy a cashew;how to buy cashew nuts from jamtara;how to identify good cashew nuts;how to tell if cashew nuts are bad;kaju;kaju 240;kaju 240 size;kaju 50 gm price;kaju cost;kaju cost per kg;kaju dry fruit price;kaju half kg price;kaju ka price;kaju ka rate;kaju ke rate;kaju lowest price;kaju market rate;kaju near me;kaju online;kaju online price;kaju online shopping;kaju packet;kaju packet price;kaju price 50 gm;kaju price in india;kaju price in india per kg;kaju rate;kaju rate in india;kaju rate per kg;kaju shop;kaju shop goa;kaju shop near me;kaju w240 price;kaju w240 rate;kaju w240 size;kajui w240;Roasted cashew nuts;roasted cashew nuts online;w 240 cashew;w 240 cashew nuts;w 240 cashew price;w240;w240 cashew;w240 cashew kaju;w240 cashew means;w240 cashew nuts;w240 cashew online;w240 cashew price;w240 cashew price in bangalore;w240 cashew specification;w240 cashew wholesale price;w240 kaju;w240 kaju online;w240 w320 cashew;w320 cashew price;wholesale cashew;zantye cashew;zantye cashew goa online;zantye cashew nuts;zantye cashew nuts delhi;zantye cashew nuts in goa;zantye cashew nuts near me;zantye cashew nuts online;zantye cashew nuts shop;zantye cashew shop goa;zantye kaju;zantye kaju near me;zantye kaju online
w320-cashew-nuts,ACTIVE,Nuts & Seeds,W320 Cashew Nuts - Buy Regular Whole Kaju Online | Best Value | Konkan Farms,76,Buy W320 Cashew Nuts Online - Best Value Regular Kaju | Konkan Farms | AlphonsoMango.in,87,"Buy W320 cashew nuts online - India's best value regular kaju from Konkan farms. 300-340 kernels/lb, 16.5g protein, low GI 22, heart-healthy fats. Perfect for cooking, snacking & bulk buying. Vacuum-packed, preservative-free. Free pan-India delivery at AlphonsoMango.in.",270,1031,3,310.0,1055.0,444,1 kg cashew price in bangalore;1 kg cashew price in delhi;1 kg kaju price in allahabad;1 kg kaju price in andhra pradesh;1 kg kaju price in assam;1 kg kaju price in bangalore;1 kg kaju price in bhopal;1 kg kaju price in delhi;100 grams cashew nuts price;250g cashew nuts price;50 gm cashew nuts price;500g cashew nuts price;achal cashew centre bangalore;african cashew nuts price;andiparippu;benin cashew nuts price;best cashew nuts in goa;best place to buy kaju in goa;broken cashew nuts price;bulk buy cashew nuts;buuy kaju online;buy ben heggy’s whole cashew nuts;buy bulk cashew nuts;Buy cashew nut;buy cashew nuts;buy cashew nuts 100g;buy cashew nuts and badam in hyderabad;buy cashew nuts in bulk;Buy cashew nuts online;buy cashew nuts online bangalore;Buy Cashew Nuts Online big;buy cashew nuts online in bangalore;buy cashew nuts online india;buy cashew nuts wholesale;buy cheap cashew nuts online;buy haldiram kaju;BUY KAJU;buy kaju online;buy kaju online india;buy online kaju;buy raw cashew nuts;buy roasted and salted cashew nuts;buy roasted cashew nuts;buy salted cashew nuts;cashew bangalore;cashew in bangalore;cashew kaju;cashew nut;cashew nut 1kg price in bangalore;cashew nut dealers in bangalore;cashew nut industry in bangalore;cashew nut manufacturer in bangalore;cashew nut price delhi;cashew nut price in bangalore;cashew nut price in bangalore per kg;cashew nut price in delhi;cashew nut price in goa;cashew nut price per kg in bangalore;cashew nut rate in bangalore;cashew nut w320;cashew nut w320 meaning;cashew nut w320 price;cashew nut w320 price in chennai;cashew nut w320 vs w240;cashew nut wholesale dealers in bangalore;cashew nut wholesale price in bangalore;cashew nut wholesalers in bangalore;cashew nuts 100g price;cashew nuts 1kg price in india;cashew nuts 250 gm price;cashew nuts 500g price;cashew nuts buy;cashew nuts buy online;cashew nuts market price;cashew nuts online;cashew nuts online bangalore;cashew nuts online buy;cashew nuts price 1 kg;cashew nuts price 500 gm;cashew nuts price in bangalore;cashew nuts price in chennai;cashew nuts price in goa;cashew nuts price in hyderabad;cashew nuts price in india;cashew nuts price in palasa;cashew nuts price in surat;cashew nuts price in vijayawada;cashew nuts price per kg;cashew nuts price per kilo;cashew nuts price philippines;cashew nuts price south africa;cashew nuts to buy;cashew nuts w180 price;cashew nuts w320;cashew nuts w320 100 gm price;cashew nuts w320 1kg price;cashew nuts w320 250 gm price;cashew nuts w320 500 gm price;cashew nuts wholesale price;cashew nuts wholesale price in india;cashew nuts wholesale price in mumbai;cashew nuts wholesale price in sri lanka;cashew online;cashew per kg in bangalore;cashew price in bangalore;cashew price in delhi;cashew price per kg in bangalore;cashew rate in bangalore;cashew rate in delhi;cashew rate per kg in bangalore;cashew rates in bangalore;cashew rates in delhi;cashew w180 vs w320;cashew w240 vs w320;cashew w240 vs w320 which is better;cashew w240 w320 difference;cashew w320;cashew w320 grade;cashew w320 price;cashew w320 price in chennai;cashew w320 price in delhi;cashew w320 price per kg in india;cashew w320 vs w400;cashew w320 vs w400 which is better;cashew w400 vs w320 which is better;cashew wholesale dealers in bangalore;cashew wholesale in bangalore;cashew wholesale price in bangalore;cashew wholesale price in delhi;current market price of cashew nuts;difference between w320 and w400 cashew;difference w180 w210 w240 w320 cashews;flavoured cashew nuts buy online;flavoured cashew nuts price;goa cashew nuts;goa cashew nuts price;Goan cashew nut;good life w320 cashew 500g;good quality cashew nuts price;haldiram kaju;haldiram kaju mixture;haldiram kaju price;haldiram salted kaju price;happilo cashew;happilo kaju;how to buy kaju from jamtara;international price for cashew nuts;jamtara cashew nuts price;jamtara jharkhand kaju shop;jeedipappu;jeedipappu price;kaju;kaju badam buy online;kaju buy;kaju buy online;kaju online;kaju online buy;kaju price;kaju price 1kg;kaju price 1kg in ahmedabad;kaju price in bangalore;kaju price in goa;kaju price per kg in bangalore;kaju rate in bangalore;kaju w320;kaju w320 price;kaju w320 wholesale price;market price of cashew nuts;mori cashew nuts price;nigeria cashew nuts price;Online kaju;online kaju buy;patanjali cashew nuts price;price cashew nuts 250 gm;price cashew nuts 500 gm;price cashew nuts per kg;price of 1 kg cashew nuts in india;price of cashew in bangalore;price of cashew nuts;price of cashew nuts in assam;price of cashew nuts in bangalore;price of cashew nuts in delhi;price of cashew nuts in goa;price of cashew nuts in india;price of cashew nuts in india per kg;price of cashew nuts in international market;price of cashew nuts in kenya;price of cashew nuts in kerala;price of cashew nuts in kolkata;price of cashew nuts in meghalaya;price of cashew nuts in mizhoram;price of cashew nuts in mumbai;price of cashew nuts in nepal;price of cashew nuts in nigeria;price of cashew nuts in tanzania;price of cashew nuts in usa;price of cashew nuts kg;price of cashew nuts per kg;price of cashew nuts per kg in india;price of kaju in bangalore;price of kaju in delhi;price of processed cashew nuts;price of raw cashew nuts in international market;price of roasted cashew nuts;roasted cashew nuts buy online;roasted cashew nuts price;roasted cashew nuts price in india;roasted cashew nuts price in sri lanka;roasted cashew nuts price per kg;rostaa kaju;Salted Cashew Nuts Price;salted cashew nuts price in india;split cashew nuts price;w320 cashew;w320 cashew means;w320 cashew nut;w320 cashew nut price;w320 cashew nuts;w320 cashew price;w320 cashew price 1kg;w320 cashew price in chennai;w320 cashew price in india;w320 cashew price in kolkata;w320 cashew price in mumbai;w320 cashew rate;w320 cashew size;w320 cashew wholesale price;w320 kaju;w320 kaju price;w320 vs w240 cashew;w320 vs w400 cashew;w400 vs w320 cashew;what is difference between w240 and w320 cashew;what is the price of cashew nuts in goa;where to buy cashew nuts;where to buy cashew nuts in goa;where to buy kaju in goa;which cashew is better w320 or w400;wholesale cashew nuts price;wholesale price of cashew nuts;wholesale price of cashew nuts in bangalore;wholesale price of cashew nuts in chennai;wholesale price of cashew nuts in delhi;wholesale price of cashew nuts in goa;wholesale price of cashew nuts in hyderabad;wholesale price of cashew nuts in mumbai;wholesale price of cashew nuts in panaji;wholesale price of cashew nuts in panruti;wholesale price of kaju;zantye cashew nuts price
walnut-akhrot-kernel-half-akhrot-giri,ACTIVE,dry fruit,Walnut (Akhrot) Kernel half Akhrot Giri,39,,0,Buy Walnut (Akhrot) Kernel half online premium quality California Akhrots (walnuts) Giri deshelled other dry fruits Kashmiri walnuts excellent energy source.,157,1365,3,520.0,1770.0,423,100 gram akhrot price;250g akhrot price;250g walnut price;akhrot  walnut giri;akhrot 1kg price;akhrot 250gm price;akhrot badam price;akhrot best price;akhrot buy;akhrot fruit price;akhrot giri;akhrot giri 1 kg;akhrot giri 1 kg price;akhrot giri 250 gram;akhrot giri benefits;akhrot giri in english;akhrot giri ka rate;akhrot giri ke fayde;akhrot giri khane ke fayde in hindi;akhrot giri khane ke kya fayde hain;akhrot giri kya bhav hai;akhrot giri on amazon;akhrot giri online;akhrot giri price;akhrot giri price 1kg;akhrot giri price 1kg in haryana;akhrot giri price in bangalore;akhrot giri price in chennai;akhrot giri price in Chhattisgarh;akhrot giri price in delhi;akhrot giri price in haryana;akhrot giri price in india;akhrot giri price in jaipur;akhrot giri price in jammu;akhrot giri price in kolkata;akhrot giri price in mirzapur;akhrot giri price in mumbai;akhrot giri price in punjab;akhrot giri price in rajasthan;akhrot giri price in udaipur;akhrot giri price per kg;akhrot giri price per kg in delhi;akhrot giri rate;akhrot giri wholesale price;akhrot ka kya price hai;akhrot ka price;akhrot ki price;akhrot lowest price;akhrot price;akhrot price 1 kg;akhrot price 100 gm;akhrot price 1kg;akhrot price 1kg in ahmedabad;akhrot price 1kg in delhi;akhrot price 1kg in haryana;akhrot price 1kg in jaipur;akhrot price 250 gm;akhrot price 500 gm;akhrot price amazon;akhrot price delhi;akhrot price in agra;akhrot price in ahmedabad;akhrot price in amravati;akhrot price in assam;akhrot price in bhopal;akhrot price in bihar;akhrot price in chennai;akhrot price in dmart;akhrot price in gurgaon;akhrot price in haryana;akhrot price in himachal pradesh;akhrot price in hindi;akhrot price in india;akhrot price in jammu;akhrot price in kashmir;akhrot price in kg;akhrot price in kolkata;akhrot price in lucknow;akhrot price in ludhiana;akhrot price in madhyapradesh;akhrot price in meghalaya;akhrot price in mumbai;akhrot price in nagpur;akhrot price in nashik;akhrot price in noida;akhrot price in odisha;akhrot price in patna;akhrot price in pune;akhrot price in punjab;akhrot price in punjab 1 kg;akhrot price in rajasthan;akhrot price in srinagar;akhrot price in surat;akhrot price in up;akhrot price india;akhrot price jaipur;akhrot price jammu;akhrot price online;akhrot price per kg;akhrot price per kg in india;akhrot price per kg in jaipur;akhrot price per kg in jammu;akhrot price per kg in kolkata;akhrot price per kg in mumbai;akhrot price today;akhrot rate;akhrot rate today;akhrot wholesale price;akhrot with shell price;benefits of akhrot giri;best akhrot giri;best akhrot price;best buy walnut;black walnut price in india;black walnut price in Uae;buy akhrot;buy akhrot giri online;buy akhrot near me;buy akhrot online;buy akhrot online india;buy walnut;buy walnut 1 kg;buy walnut coimbatore online;buy walnut dowel;buy walnut giri kernel;buy walnut in bulk;buy walnut in shell;buy walnut kernel;buy walnut kernels;buy walnut kernels online india;buy walnut near me;buy walnut online;buy walnut online bangalore;buy walnut online india;buy walnut paste;buy walnut powder;buy walnut wholesale;cost of 1 kg akhrot;cost of akhrot per kg;cost of walnuts;how many walnuts can i have a day;how much price akhrot;kashmiri akhrot giri price 1kg;mark premium akhrot giri light amber 1 kg;nutraj akhrot giri;online akhrot giri;price of akhrot;price of akhrot 1kg;price of akhrot giri in delhi;price of akhrot per kg;price of akhrot per kg in india;price of walnut;rate of akhrot giri;rate of akhrot giri in delhi;sabut akhrot price;tower walnut 500g price;trader joe's walnuts price;vinod akhrot price;walnut;walnut 1kg price in chennai;walnut 1kg price in delhi;walnut 1kg price in kerala;walnut 1kg price in pune;walnut 4/4 price;walnut 500g price without shell;walnut 50g price;walnut buy;walnut cheap price;walnut cheapest price;walnut giri price;walnut giri price in delhi;walnut giri price per kg;walnut kernel;walnut kernels price;walnut kernels price in india;walnut kilo price;walnut near me;walnut price;walnut price 100 gram;walnut price 1kg;walnut price 250 gram;walnut price 500g;walnut price amazon;walnut price chart;walnut price delhi;walnut price for 1 kg;walnut price in chandigarh;walnut price in delhi;walnut price in hyderabad;walnut price in india;walnut price in jaipur;walnut price in jammu;walnut price in jammu kashmir;walnut price in japan;walnut price in kashmir;walnut price in lucknow;walnut price in mumbai;walnut price in nagpur;walnut price in prayag;walnut price in pune;walnut price in punjab;walnut price in uttar pradesh;walnut price in vadodara;walnut price list;walnut price online;walnut price per kg;walnut price per kg in delhi;walnut price per kg in dmart;walnut price per kg in india;walnut price per kg in jammu;walnut price per kg in kashmir;walnut price per kg in mumbai;walnut price per kg in usa;walnut price wholesale;walnut price with shell;walnut prices;walnut vs almond price;walnut with shell price;walnut with shell price per kg;walnut without shell;walnut without shell price in india;walnuts 200g price;walnuts price at trader joe's;walnuts price kg;what is akhrot giri;where can buy walnut;where can i buy walnut kernel;where can i buy walnut near me;where to buy walnut;where to buy walnut in bhopal;where to buy walnut in chennai;where to buy walnut in delhi;where to buy walnut in hong kong;where to buy walnut in indore;where to buy walnut in jabalpur;where to buy walnut in kolhapur;where to buy walnut in mumbai;where to buy walnut in nashik;where to buy walnut in pune;where to buy walnut in raipur;where to buy walnut in sangali;where to buy walnut in singapore;where to buy walnut in thane;which brand walnut is best;which walnut is best;whole akhrot price;whole walnut price;wholesale walnut prices;why is walnut so expensive;why walnut is costly
buy-salted-pista-online,ACTIVE,Pista,Delicious Roasted Salted Pista: Buy Online Now,46,Buy Salted Pista Online Roasted Crunchy Delight,47,"Buy roasted salted pista online – premium quality pistachios with irresistible taste and nutrition. Crunchy, delicious, and delivered to your doorstep.",151,2109,3,420.0,1430.0,983,akbari pista;akbari pistachio;amazon pista;badam pista and dry fruits online;badam pista mixing online;badam pista online india;badam pista online shopping;balaji gold pista jumbo roasted and salted in shell 200g;batham pista online shopping;berries and nuts roasted and salted pista 1kg;best dry fruit online pista;best place to buy pistachios online;big pista online india;big pistachio online india;big salted pista online india;buy almonds pista walnuts online;buy cheap pistachios online;buy online pista;buy pista;buy pista green;buy pista near me;buy pista online;buy pista online india;buy pista online Mumbai;buy pista wholesale online india;buy pistachio;buy pistachio nuts;buy roasted pista near;buy roasted pista near me;buy roasted pista online;buy salted pista;buy salted pista online;buy salted pista online chandigarh;buy salted pista online delhi;buy salted pista online gurgaon;buy salted pista online haryana;buy salted pista online jalandhar;buy salted pista online karnataka;buy salted pista online kerala;buy salted pista online maharashtra;buy salted pista online noida;buy salted pista online pune;buy salted pista online punjab;buy salted pista online tamil nadu;buy salted pista online telangana;buy salted pista online thane;buy salted pista roasted;california pista;california pista buy online;california pista buy online india;california pista online;Chakna;cost of pista in india;cost of pistachios;d nature roasted and salted pista;Dry Fruit Pista Salted 250gms;flipkart nutraj pista;flipkart pista;hansraj roasted and salted pista;healthy Chakna;how to buy 488 pista;how to salt roast pista at home;how to salt roast pista in gas;how to salt roast pista in gas oven;india pista online;irani pista online;jp roasted salt pista 250gm;karmiq pista online;kesar strands online pista online;Khara Pista;laxmi pista roasted salted;miltop pista salted 250 g;miltop pista salted jumbo 250 g;newly married couple gent badam pista energy foods india online;nutraj pista;nutraj salted pista;online pista;online pista rate;online purchase pista;order pistachios online;organic pista dry fruits 1kg online;pishori pista price online;pista;pista  secunderabad;pista 1 kg price;pista 1 kg rate;pista 100 gm price;pista 100 gm price not salted;pista 1kg price;pista 250 gm price;pista 250 gm rate;pista 250gm price;pista 500 gm price;pista 500gm price;pista badam;pista badam price;pista batham online shopping;pista buy;pista cost;pista dry fruit;pista food;pista fruit;pista in india;pista kernel online;pista near me;pista nuts online;pista online;pista online 1 kg;pista online 1kg price;pista online big basket;pista online bigbasket;pista online flipkart;pista online india;pista online market rate;pista online offers;pista online price;pista online purchase;pista online purchase india;pista online rate;pista online sale;pista online salt online;pista online saudi souq;pista online shopping;pista packets online;pista pishori online;pista pisori online;pista pista;pista price;pista price 1kg;pista price 1kg in india;pista price 1kg in mumbai;pista price 250 gm;pista price 500gm;pista price in chennai;pista price in delhi;pista price in hyderabad;pista price in mumbai;pista price online;pista price online india;pista price per kg;pista price per kg in mumbai;pista rate;pista rate in chennai;pista rate in delhi;pista rate per kg;pista salt online;Pista Salted;Pista Salted 1KG;pista salted 1kg price;Pista Salted 250gms;Pista Salted 500gms;pista salted bangalore;pista salted bengaluru;pista salted chennai;pista salted hyderabad;pista salted mumbai;pista salted new delhi;pista salted or roasted or plain which is brtter;pista salted price;pista salted price in andaman and nicobar;pista salted price in bangalore;pista salted price in chennai;pista salted price in hyderabad;pista salted price in jharkhand;pista salted price in karnataka;pista salted price in kerala;pista salted price in mumbai;pista salted price in secunderabad;pista salted price in telangana;pista salted price in thane;Pista Salted roasted;pista salted thane;pista seeds online;pista seeds online shopping;pista shell online;pista shop;pista shop nashik;pista shop pune;pista shop thane;pista shop yavatmal;pista store;pista without shell online;Pistachio;pistachio 1kg price;pistachio online;pistachio online india;pistachio wholesale price india;Pistachios;Pistachios Roasted Salted;price of pista without salt;real 250g roasted salted pistachio nut pista grade big size;roasted pista;roasted pista online;roasted Pista Salted;roasted salted pista;roasted salted pista online;salt pista;salt pista online;salt pista price;salt roasted pista;salted akbari pista;salted akbari pistachio;salted pista;salted pista 1 kg mumbai price;salted pista 1 kg price;salted pista 1 kg price in india;salted pista 1 kg price in mumbai;salted pista 1 kg rate;salted pista 250 gm price;salted pista 500g;salted pista ahmedabad;salted pista bangalore;salted pista benefits;salted pista benefits in hindi;salted pista chennai;salted pista hyderabad;salted pista kerala;salted pista kolhapur;salted pista kolkata;salted pista mumbai;salted pista mumbai price;salted pista nashik;salted pista new ahmedabad;salted pista new calcutta;salted pista new delhi;salted pista new kolkata;salted pista new lucknow;salted pista new pune;salted pista online;salted pista online india;salted pista price;salted pista price in delhi;salted pista price in india;salted pista price india;salted pista price per kg;salted pista pune;salted pista rate;salted pista rate per kg;salted pista roasted;salted pista roasted online;salted pista sangli;salted pista secunderabad;salted pista surat;salted pista thane;salted pista travancore;salted pista vadodara;salted pistachio 1 kg price;salted pistachio benefits;salted pistachio price;why pista is costly
chop-almonds-cut-badam,ACTIVE,Nuts & Seeds,Almonds sliced | Almond Flakes | Sliced Almonds,47,Buy Sliced Almonds Online Crunchy Almond Flakes Fresh,53,"Buy sliced almonds online – crunchy, nutritious almond flakes from California. Perfect for baking, cooking, or snacking. Fresh, tasty, and ready to use!",152,1134,3,355.0,1210.0,249,almond flakes;almond flakes online;almond flakes online india;almond flakes price;almond flakes wholesale;almond flakess;almond slices price;almond vs flaxseed;almonds flakes;almonds sliced;are sliced almonds blanched;are sliced almonds good for you;are sliced almonds raw;are slivered almonds the same as sliced almonds;badam flakes price;buy almond flakes;buy almond flour online;buy almond milk;buy almond milk online;buy almonds cheap;buy almonds online cheap;buy almonds wholesale;buy badam flakes;buy badam milk near me;buy chopped almonds;buy chopped almonds near me;buy chopped almonds online;buy chopped badam;buy cut almond flakes;buy cut almonds;buy cut badam online;buy ground almonds;buy ground almonds near me;buy ground almonds online;buy ground almonds uk;buy sliced almond;buy sliced almonds;buy sliced badam;buy sliced badam online;can you make nutella with almonds;chop almond;chop almonds;chop badam;chop badams;chopped almonds;chopped almonds dry fruits;chopped almonds dryfruits;chopped badam;cut almond;cut almonds;cut almonds dryfruit;cut badam;cut badam online;cut badam price;flaked almonds;how many sliced almonds equal one almond;how to buy almonds;how to make almond flakes;how to make almond flakes at home;is almond flakes good for you;sliced almond;sliced almond flakes;sliced almonds;sliced almonds india;sliced almonds near me;sliced badam;sliced badam price;what is the price of badam;what is the price of cut badam;what to do with almond flakes;where can i buy raw almonds;where to buy almond flakes;where to buy almond flakes singapore;where to buy badam flakes;where to buy badam flakes singapore;where to buy chopped almonds;where to buy fresh almonds;where to buy ground almonds;where to buy sliced almonds;where to buy sliced badam;where to buy slivered almonds;wholesale almonds price
mix-dry-fruits,ACTIVE,dry fruit,Mix Dry Fruits | Nut Mix | Panch Mewa | Healthy Snacks,54, Mix Dry Fruits | Nut Mix | Panch Mewa,38,"Mix Dry Fruits panch mewa NutMix a dry fruit mix mixed almonds, raisins, cashew nuts, coconut flakes, & black raisins as healthy prasadam for you & your god.",157,1515,3,280.0,950.0,442,10 dry fruit name;assorted dry fruits;benefits of dry fruits;berries trail mix;best dried fruit for trail mix;best dried fruit for weight loss;best dry fruit brand online;best dry fruit mix;best dry fruits brands in india;best dry fruits in india;best dry fruits shop in bangalore;best mixed dry fruits;Buy Dried Fruit Trail Mix Online;Buy Dry Mix Fruit;Buy Dry Mix Fruit near me;Buy Dry Mix Fruit Online;Buy Mix Dry Fruit Online;Buy Mix Dry Fruit online near me;buy Mix Dry Fruit Price;Buy Mix Dry Fruits ka daam;Buy Mix Dry Fruits price;Buy Mix Dry Fruits rate;cheap dried fruit;dried fruit and nut mix;dried fruit mix costco;dried fruit mix walmart;dried fruit trail mix;Dried Fruit Trail Mix best price;dried fruit trail mix cookies;dried fruit trail mix costco;dried fruit trail mix healthy;Dried Fruit Trail Mix ka rate;Dried Fruit Trail Mix Online;Dried Fruit Trail Mix price;Dried Fruit Trail Mix rate;dried fruit trail mix recipe;dried fruit trail mix walmart;dried fruit tropical mix;DRY FOOD;dry fruit items;dry fruit mix;dry fruit mix amazon;dry fruit mix babies;dry fruit mix box;dry fruit mix calories;dry fruit mix chivda;dry fruit mix costco;dry fruit mix dmart;dry fruit mix flipkart;dry fruit mix for adults;dry fruit mix for babies;dry fruit mix for breakfast;dry fruit mix for cake;dry fruit mix for kids;dry fruit mix for milk;dry fruit mix for pregnant;dry fruit mix gift pack;dry fruit mix haldiram;dry fruit mix happilo;dry fruit mix honey;dry fruit mix ka bhaav;dry fruit mix ka rate;dry fruit mix masala;dry fruit mix namkeen;dry fruit mix near me;dry fruit mix nutraj;dry fruit mix nutrition facts;dry fruit mix online;dry fruit mix online near me;dry fruit mix pack;dry fruit mix packet;dry fruit mix packs;dry fruit mix powder;dry fruit mix powder for adults;dry fruit mix powder for babies;dry fruit mix powder for milk recipe;dry fruit mix powder recipe;dry fruit mix price;dry fruit mix quince compote;dry fruit mix rate;dry fruit mix rate online;dry fruit mix reliance;dry fruit mix sweets;dry fruit mix vitamin;dry fruit mix with honey;dry fruit mixed for babies;dry fruit mixture;dry fruit mixture kanti sweets;dry fruit mixture near me;dry fruit mixture rate;dry fruit packet;dry fruit packets;dry fruit trail mix;dry fruit trail mixture;dry fruits all mix;dry fruits are rich in;dry fruits home delivery near me;dry fruits item;dry fruits mix;dry fruits mix home delivery near me;dry fruits mix ka bhaav;dry fruits mix ka daam;dry fruits mix ka price;dry fruits mix near me;dry fruits mix packet;dry fruits mixture;dry fruits online wholesale near me;dry fruits packet;dry fruits packet price;dry fruits price in mumbai;dry fruits rate in delhi;dry fruits seeds name;dry fruits wholesale market in kerala;Dry Mix Fruit ka bhaav;Dry Mix Fruit ka daam;Dry Mix Fruit ka prasad;Dry Mix Fruit rate;dryfruit mix;dryfruit mixTURE;dryfruithub;dryfruithub dry fruit mix;fruit and nut mix;fruit dry;fruit mix;fruit mixture;fruits mixture;haldiram dry fruit mix 150g;haldiram dry fruit mix namkeen;haldiram's dry fruit mix;happilo dry fruit mix;healthy dried fruit;healthy dried fruit mix;healthy dried fruit trail mix;healthy dry fruit mix;healthy dry fruit trail mix;healthy dry fruits;healthy snacks;homemade dry fruit mix;honey dry fruit mix;how to make dry fruit mix;how to prepare dry fruit mix;international nut day;is dried fruit trail mix good for you;kirkland dried fruit mix;kirkland dry fruit mix;mix dried fruit;mix dried fruits;mix dry food;mix dry fruit;mix dry fruit food;Mix Dry Fruit ka price;Mix Dry Fruit ka rate;mix dry fruit laddu;Mix Dry Fruit near me;mix dry fruit packet;mix dry fruit price;mix dry fruits;mix dry fruits 1 kg price;mix dry fruits benefits;mix dry fruits logo;mix dry fruits near me;mix dry fruits online;mix dry fruits packet;mix dry fruits price;mix dry fruits with honey;mix dryfruit;mix dryfruits;mix fruits;mix nuts packet;mixed buts;mixed dried fruits;mixed dried fruits and nuts;mixed dry fruits;mixed dry fruits benefits;mixed dry fruits near me;mixed dry fruits packet;mixed dry fruits price;mixed fruits;mixed fruits pack;mixed nuts online;mixing dry fruits;mixture dry fruits;morrisons luxury dried fruit mix 500g;neeraj dry fruit mix pickle;nutraj dry fruit mix;nuts packet;occasions dry fruit mix;panch meva;panch meva dry fruits;panch meva near me;panch meva prasad;panch mewa near me;panchmeva;panchmewa;pancmeva;seriya dry fruits;Trail & Snack Mixes;trail mix;trail mix dry fruit;trail mix dry fruits;trail mix with dried fruit;true elements dry fruit mix;true elements fitness dry fruit mix 250gm;which dry fruit is best;which dry fruit is best for weight loss;which is the best dry fruit;wholesale dry fruits in mumbai;ड्राई फ्रूट्स;ड्राई फ्रूट्स mix;पंच मेवा;मिक्स ड्राय फ्रूट्स
ole-kaju-fresh-tender-cashew-non-dried,ACTIVE,Nuts & Seeds,Ole Kaju | Fresh Cashew | Sun Dried,35,Ole Kaju – Fresh Tender Cashew (Non-Dried) Online,49,Enjoy fresh Ole Kaju online tender non-dried cashews perfect for cooking or snacking. Delivered farm fresh to your home with rich taste in every bite.,150,836,1,400.0,400.0,-397,bibbe kaju;Bibbe Upkari;Bibbo cashew;Buy Dehydrated Bibbe;Buy Dehydrated Bibbo;Buy Dehydrated Bibbo online;buy kache kaju;buy kache kaju online;buy Kaju Bibbo;Buy Kaju Bibbo online;buy kajugar;buy kajugar online;buy ole cashew nut online;buy ole cashew online;buy ole kaju;buy ole kaju online;buy raw kaju;buy tender cashew;buy Tender cashew nut;buy Tender cashew nuts;buy Tender cashew nuts online;buy tender cashew online;can cashew nuts be bad for you;cashew kernels tender;Cashew Nut Curry;cashew tender;cashew tender kerala;chilka wala cashew;Dehydrated Bibbe;Dehydrated Bibbo;Dehydrated ole kaju;Dehydrated oleCashew;Dehydrated Tender Cashew;Dehydrated Tender Cashew Nut;Dehydrated Tender Cashew Nuts;Dry Kaju Bibbo;Dry ole kaju;Dry Tender Cashew;Dry Tender Cashews;fresh cashew;fresh cashew near me;fresh cashew nut;Fresh Cashews;Fresh Cashews non-dried;fresh kaju;Fresh kaju non dried;gilla cashew;gilla cashewnut;gilla kaju;kaccha kaju price;kaccha kaju rate;kacche cashew nut;kacha kaju price;kache kaju;kache kaju ki sabzi;kache kaju online;Kaju Bibbo;Kaju Bibbo buy;Kaju Bibbo rate;kajugar;kajugar near me;kajugar online;kajugar price;Local Natural Wholes Ole Kaju;Natural Ole Kaju whole;Natural Wholes Ole Kaju;non dried Fresh Cashews;non dried Fresh Cashews online;non dried Fresh kaju;non dried Fresh kaju Online;ole cashew masala;ole cashew online;ole kaju;ole kaju bhaji;ole kaju curry recipe;ole kaju for ussal;ole kaju in ahmedabad;ole kaju in bangalore;ole kaju in chandigarh;ole kaju in chennai;ole kaju in delhi;ole kaju in hyderabad;ole kaju in kolkata;ole kaju in mumbai;ole kaju in nashik;ole kaju in pune;ole kaju in surat;ole kaju masala;ole kaju near me;ole kaju online;ole kaju price;ole kaju price online;ole kaju pune;ole kaju rate;ole kaju rate online;Ole Kaju season;ole kaju sukke;ole kaju usal;ole kaju usal recipe;ole kaju usal recipe in marathi;ole kajugar;ole kajugar price;Raw Cashew Nut;Raw Kaajus;raw kaju;raw kaju buy online;raw kaju online;tender cashew;tender cashew fruit;tender cashew kaju;tender cashew kaju in konkani;tender cashew near me;tender cashew nut;tender cashew nut curry;tender cashew nut in konkani;tender cashew nut in mumbai;tender cashew nut online;tender cashew nut recipe;tender cashew nut sukke;tender cashew nuts;tender cashew nuts buy online;tender cashew nuts online;tender cashew online;tender cashew upkari;tender cashewnut;tender coconut cashew nut sukke;tender kaju;tender kaju nut curry;tender kaju nut in konkani;tender kaju nut recipe;wet kaju;what can you make with cashew fruit;what is the taste of cashew fruit;what is the use of cashew fruit;कच्चा काजू;कच्चा काजू price;कच्चा काजू खाने के फायदे;कच्चे काजू
malgova-mango,ACTIVE,Mangoes,Malgova Mango,13,Malgova Mango | Malgoba | Malgoa ,33,Malgova Mango online buy Malogova Mango online direct from our farms to your home fresh best Konkani delight from Goa ,118,379,1,1800.0,1800.0,0,Malgova
kashmiri-lahsun-kashmiri-garlic,ACTIVE,Garlic,Kashmiri Lahsun | Kashmiri Garlic,33,Kashmiri Lahsun | Kashmiri Garlic | Ek Pothi Lahsun,51,"Buy Kashmiri Lahsun Single Clove Garlic snow mountain garlic best healthy garlic online from Kashmir Single Piece Garlic, One Kuli Lehsun, Ek Pothi Lahsun.",155,1631,4,285.0,2340.0,965,advantages of snow mountain garlic;benefits of single clove garlic;benefits of snow mountain garlic;Buy garlic online;buy kashmiri garlic;buy kashmiri lahsun;buy kashmiri lasun;buy lasan online;can garlic powder kill a dog;can we eat garlic daily;can you grow garlic from a single clove;chinese single clove garlic;desi lehsun;eating garlic daily morning benefits;eating garlic in the morning;ek kali lahsun;ek pothi lahsun;ek pothi lahsun ke fayde;empty stomach garlic benefits;garlic;garlic benefits;garlic benefits for womens;garlic in the morning;garlic online;garlic pearls;GARLIC SEEDS;garlic single clove size;health benefits of snow mountain garlic;himalayan garlic;himalayan garlic benefits;himalayan garlic price;Himalayan Garlic Seed;himalayan single clove garlic;himalayan snow mountain garlic;how many garlic cloves to eat a day for cholesterol;how much diced garlic equals a clove;how much does 1 garlic clove cost;how much does one clove garlic weigh;how much does one garlic clove cost;how much dried garlic is equal to one clove;how much garlic can kill a dog;how much garlic for weight loss;how much is 1 clove garlic;how much is one clove garlic minced;how much is one garlic clove in powder;how much jarred garlic is one clove;how much one clove garlic;how to eat kashmiri garlic;how to eat single clove garlic;how to grow garlic from a single clove;how to grow kashmiri garlic;how to grow single clove garlic;how to grow snow mountain garlic;how to use garlic to reduce belly fat;how to use single clove garlic;is eating raw garlic clove good for you;is elephant garlic garlic;is it ok to eat a clove of garlic everyday;is it safe to eat one garlic clove a day;is one clove of garlic a day enough;is one clove of garlic a day good;is one clove of garlic bad for dogs;is one garlic clove;is one garlic clove a day good for you;is one garlic clove good for you;jammu lahsun;jamu mountain lahsun;jamu single clove garlic;kashmir snow garlic;kashmir snow mountain garlic;kashmiri garlic;kashmiri garlic 500gm;kashmiri garlic amazon;kashmiri garlic benefits;kashmiri garlic benefits in hindi;kashmiri garlic clove online;kashmiri garlic flipkart;kashmiri garlic for arthritis;kashmiri garlic for weight loss;KASHMIRI GARLIC GATHIA;kashmiri garlic health benefits;kashmiri garlic health benefits in hindi;kashmiri garlic in ahmedabad;kashmiri garlic in assansol;kashmiri garlic in bangalore;kashmiri garlic in chandigarh;kashmiri garlic in cochin;kashmiri garlic in gurgaon;kashmiri garlic in hyderabad;kashmiri garlic in karnataka;kashmiri garlic in kerala;kashmiri garlic in kolkata;kashmiri garlic in madurai;kashmiri garlic in maharashtra;kashmiri garlic in mysore;kashmiri garlic in noida;kashmiri garlic in ooty;kashmiri garlic in pune;kashmiri garlic in secunderabad;kashmiri garlic in surat;kashmiri garlic in telangana;kashmiri garlic in Thiruvananthapuram;kashmiri garlic ka daam;kashmiri garlic kashmirbox;kashmiri garlic online;kashmiri garlic online india;kashmiri garlic plant;kashmiri garlic price;kashmiri garlic price in mumbai;kashmiri garlic price per kg;kashmiri garlic rate;kashmiri garlic side effects;kashmiri garlic uses;kashmiri garlic vs normal garlic;kashmiri garlic wholesale;KASHMIRI GATHIA;Kashmiri Lahsun;kashmiri lahsun benefits;kashmiri lahsun benefits in hindi;kashmiri lahsun health benefits;kashmiri lahsun in hindi;kashmiri lahsun ke fayde;kashmiri lahsun ke fayde in hindi;kashmiri lahsun online;kashmiri lahsun price;kashmiri lasan;kashmiri lashun online;kashmiri lasun;kashmiri lehsun;kashmiri lehsun online;kashmiri lesun;kashmiri mountain;kashmiri mountain garlic;kashmiri mountain lahsun;kashmiri mountain lehsun;kashmiri pulao without onion garlic;kashmiri single clove garlic;kashmiri single clove garlic benefits;kashmiri single clove garlic price;kashmiri snow mountain garlic;Kashmiri Spice Market;lahsun;large single clove garlic;lasan benefits;lasun benefits;lehsun;mountain garlic;mountain garlic benefits;one clove garlic;one clove garlic benefits;one clove garlic equals;one clove garlic equals how many teaspoons;one clove garlic equals how much minced;one clove garlic image;one clove garlic is how much minced;one clove garlic means;one clove garlic minced;one clove garlic nutrition;one clove garlic powder;one clove garlic to minced;one clove garlic weight;one clove of garlic;one clove of garlic a day;one clove of garlic contains;one clove of garlic daily;one clove of garlic equals;one clove of garlic equals how many mg;one clove of garlic equals how many tablespoons;one clove of garlic equals how many teaspoons;one clove of garlic equals how much minced;one clove of garlic equals how much powder;one clove of garlic every night;one clove of garlic everyday;one clove of garlic means;one clove of garlic price;one clove of garlicbenefits of single clove garlic;one clove or garlic;one clove raw garlic per day;one garlic clove at night;one garlic clove carbs;one garlic clove crushed;one garlic clove empty stomach;one garlic clove per day;one garlic clove to powder;pahadi lahsun;raw garlic in the morning;raw garlic on empty stomach;side effects of garlic on empty stomach;single clove black garlic;single clove garlic;single clove garlic australia;single clove garlic benefits;single clove garlic benefits in hindi;single clove garlic bulb;single clove garlic buy online;single clove garlic cost;single clove garlic for sale;single clove garlic health benefits;single clove garlic in bangalore;single clove garlic in chennai;single clove garlic in hindi;single clove garlic in usa;single clove garlic manufacturers;single clove garlic near me;single clove garlic online;single clove garlic origin;single clove garlic plant;single clove garlic price;single clove garlic seeds;single clove garlic suppliers;single clove garlic uk;single clove garlic uses;single clove garlic vs normal garlic;single clove garlic wholesale;single clove solo garlic;snow mountain garlic;snow mountain garlic benefits;snow mountain garlic benefits in hindi;snow mountain garlic buy india;snow mountain garlic buy online;snow mountain garlic plant;snow mountain garlic price;snow mountain garlic seeds;snow mountain garlic side effects;snow mountain garlic singapore;snow mountain garlic uses;snow mountain garlic vs normal garlic;veluthulli;what does a single clove of garlic look like;what does one clove garlic;what does one clove garlic minced mean;what is one garlic clove;what is single clove garlic;what is snow mountain garlic;what is the use of kashmiri garlic;what will happen if you eat one clove of garlic daily;what's one clove of garlic look like;what's one garlic clove;where to buy single clove garlic;which garlic is the strongest;एक पोथी लहसुन;एक पोथी लहसुन के फायदे;कश्मीरी लसुन;कश्मीरी लहसुन;कश्मीरी लहसुन के क्या फायदे हैं
dasheri-mango-online,ACTIVE,Mangoes,Dasheri Mango Online,20,Buy Dasheri Mangoe Online - Fresh & Juicy Seasonal Mangoes,58,"Buy fresh Dasheri mangoes online, delivered to your doorstep. Enjoy sweet, juicy Dasheri mangoes from Alphonso Mango with simple ordering and fast delivery.",156,537,1,1499.0,1499.0,0,Dasheri Aam;Dasheri AMba;Dasheri Mango
totapuri-mango,ACTIVE,Mangoes,Totapuri Mangoes Online,23,,0,"Buy Totapuri Mangoes Online direct from farms to your home Totapuri mangoes can be consumed fresh, made into pickles, & chutneys export facility available.",155,421,1,650.0,650.0,0,
salem-mango,ACTIVE,Mangoes,Premium Quality Salem Mango Online,34,,0,"Salem Mango, one of the best mangoes from Tamil Nadu, is supposed to be near cousins of ALphonso Mango. Still, their taste is far away than Alphonso it sweet.",158,450,1,1299.0,1299.0,0,
dried-chikoo-chips,ACTIVE,Dried Fruits,Dried Chikoo Chips,18,Dried Chikoo Chips – Witness Crunchy Sweetness in Every Bite,60,Buy dried Chikoo chips online. These tasty and crunchy snacks are made from real chikoo fruit. Vacuum packed and perfect for kids and adults to enjoy anytime.,158,559,2,300.0,550.0,-1,buy chikoo chips online;chickoo chips onlin;chikoo chips;chikoo chips export;chikoo chips online;chikoo yogurt;freeze dried chikoo chips online;freeze dried fruit chips;fruit chips;how chips was invented;which chips are healthy in india
pepper-cashew,DRAFT,Nuts & Seeds,Pepper Cashew,13,Buy Pepper Cashew Nuts Online,29,Buy Pepper Cashew Nuts Online direct from farms premium quality with hand crushed pepper. Entice your taste buds with natural food products for Indian snacks.,158,3,1,0.0,0.0,0,buy pepper cashews online;pepper cashews;pepper cashews online
cashew-milk-powder,DRAFT,Non-Dairy Milk,Cashew Milk Powder,18,,0,,0,3,1,0.0,0.0,0,
cashew-butter,DRAFT,Nut Butters,Cashew Butter,13,,0,,0,587,1,0.0,0.0,0,buy cashew butter;buy cashew butter near me;where can i buy cashew butter
buy-fresh-indian-cherries-online,DRAFT,Berries,Buy Fresh Indian Cherries Online,32,,0,,0,118,1,0.0,0.0,0,
kashmiri-kahwa-kashmiri-tea,ACTIVE,Tea,Kashmiri Kahwa(Kashmiri tea),28,Buy Kashmiri Kahwa | Kashmiri tea | Kehwa Tea,45,"Indulge in an aromatic blend of Kashmiri Kahwa tea experience rich flavours of traditional beverage with delicate Saffron, herbs & flavours of Indian spice.",156,1470,1,650.0,650.0,195,afghani kahwa;ajwain ka kahwa;Arabic coffee;Arabic kahwa;benefits of girnar kahwa tea;benefits of kahwa;benefits of kashmiri kahwa tea;best kashmiri kahwa brand;buy girnar desi kahwa;buy girnar desi kahwa online;buy girnar kahwa;buy girnar kahwa tea;buy kahwa;buy kahwa online;buy kahwa tea;buy kahwa tea online;buy kashmiri kahwa;buy kashmiri kahwa online;buy kashmiri kahwa tea online;buy kashmiri kashwa;buy peshawari kahwa;chai;desi kahwa;desi kahwa buy online;desi kahwa green tea;detox desi kahwa benefits;detox desi kahwa green tea;detox desi kahwa green tea benefits;detox green tea desi kahwa;detox green tea desi kahwa benefits;detox green tea desi kahwa benefits in hindi;detox green tea desi kahwa ingredients;detox green tea desi kahwa tea bags;detox kahwa;detox kahwa chai;detox kahwa green tea;detox tea;difference between kahwa and green tea;girnar desi kahwa;girnar desi kahwa benefits;girnar desi kahwa green tea;girnar desi kahwa price;girnar detox desi kahwa;girnar detox desi kahwa green tea;girnar detox desi kahwa green tea benefits;girnar detox desi kahwa price;girnar detox desi kahwa tea bags;girnar detox green tea desi kahwa benefits;girnar detox green tea desi kahwa buy online;girnar detox green tea desi kahwa for weight loss;girnar detox green tea desi kahwa ingredients;girnar detox green tea desi kahwa price;girnar detox green tea desi kahwa tea bags;girnar detox green tea kahwa;girnar detox kahwa;girnar detox kahwa price;girnar green tea desi kahwa;girnar green tea desi kahwa for weight loss;girnar green tea desi kahwa ingredients;girnar green tea kahwa;girnar kahwa;girnar kahwa available in ahmedabad;girnar kahwa benefits;girnar kahwa detox tea;girnar kahwa detox tea with herbs and spices;girnar kahwa green tea;girnar kahwa green tea online;girnar kahwa ingredients;girnar kahwa near me;girnar kahwa online;girnar kahwa tea;girnar kahwa tea amazon;girnar kahwa tea bags;girnar kahwa tea bags online;girnar kahwa tea benefits;girnar kahwa tea flipkart;girnar kahwa tea near me;girnar kahwa tea online;girnar kahwa tea price;girnar kahwa tea review;girnar kahwa vadodara;girnar kahwa with rock salt;girnar kashmiri kahwa;girnar tea desi kahwa;Green tea;green tea detox kahwa;green tea detox kashmiri kahwa;green tea kahwa;green tea kahwa kashmiri;Gulabi chai;how is kahwa made;how is kashmiri kahwa made;how to make kahwa;how to make kahwa with kahwa powder;how to make kashmiri kahwa;indian chai;Indian kahwa;is kashmiri kahwa a green tea;is kashmiri kahwa good for health;is wagh bakri green tea good;is wagh bakri tea good;kahwa;kahwa benefits;kahwa buy;kahwa chai;kahwa chai powder;kahwa coffee;kahwa for weight loss;kahwa green tea;kahwa green tea benefits;kahwa ingredients;kahwa kashmir;kahwa kashmir chai;kahwa kashmir tea;kahwa kashmiri;kahwa kashmiri chai;kahwa kashmiri tea;kahwa kya hota hai;kahwa meaning;kahwa meaning in english;kahwa meaning in hindi;kahwa near me;kahwa online;kahwa powder;kahwa price;kahwa rate;kahwa recipe;kahwa recipe in hindi;kahwa shop near me;kahwa tea;kahwa tea bag;kahwa tea bags;kahwa tea bagsdetox kahwa;kahwa tea benefits;kahwa tea buy online;kahwa tea ingredients;kahwa tea online;kahwa tea recipe;kahwa tea side effects;kahwah recipes;kashmir kahwa;kashmir kahwas;Kashmiri chai;Kashmiri green tea;kashmiri kadha;kashmiri kahwa;kashmiri kahwa benefits;kashmiri kahwa buy online;kashmiri kahwa chai;kashmiri kahwa girnar;Kashmiri kahwa green tea;kashmiri kahwa green tea bags;kashmiri kahwa in assam;kashmiri kahwa in bangalore;kashmiri kahwa in bhopal;kashmiri kahwa in chandigarh;kashmiri kahwa in cochin;kashmiri kahwa in delhi;kashmiri kahwa in gurgaon;kashmiri kahwa in hyderabad;kashmiri kahwa in infore;kashmiri kahwa in jabalpur;kashmiri kahwa in jaipur;kashmiri kahwa in kerala;kashmiri kahwa in kochi;kashmiri kahwa in kolhapur;kashmiri kahwa in kolkata;kashmiri kahwa in maharashtra;kashmiri kahwa in mumbai;kashmiri kahwa in nagpur;kashmiri kahwa in nashik;kashmiri kahwa in noida;kashmiri kahwa in raipur;kashmiri kahwa in secunderabad;kashmiri kahwa in singapore;kashmiri kahwa in surat;kashmiri kahwa in thane;kashmiri kahwa ingredients;kashmiri kahwa instant mix;kashmiri kahwa kya hota hai;kashmiri kahwa meaning;kashmiri kahwa online;kashmiri kahwa powder;kashmiri kahwa powder buy online;kashmiri kahwa powder recipe;kashmiri kahwa price;kashmiri kahwa price in india;kashmiri kahwa rate;kashmiri kahwa recipe;kashmiri kahwa recipe in hindi;kashmiri kahwa store;kashmiri kahwa store near me;Kashmiri kahwa tea;kashmiri kahwa tea bags;kashmiri kahwa tea benefits;kashmiri kahwa tea buy online;kashmiri kahwa tea leaves;kashmiri kahwa tea online;kashmiri kahwa tea side effects;Kashmiri Kahwa with kesar;kashmiri kawa;kashmiri kehwa;kashmiri qahwa meaning;kashmiri shahi kahwa;Kashmiri tea;kashmiri tea kahwa;kashmiri tea leaves;kashmiri tea pink;kashmiri tea recipe;kashmiri tea recipes;kashmri kahwa;kawa tea;Kehveh;Mogul chai;Navvayd Kashmiri Kahwa;Noon chai;Pink tea;pride saffron kashmiri kahwa price;qahwa recipe;Qahwah;qawah tea;Qehwah;saffron Kashmiri Kahwa;saffron tea;shahi kahwa;Sheer chai;Sweetened tea;traditional Arabic coffee;traditional Arabic kahwa;wagh bakri desi kahwa;wagh bakri desi kahwa ingredients;wagh bakri green tea shudh kahwa;wagh bakri green tea shudh kahwa near me;wagh bakri green tea shudh kahwa price;wagh bakri kadha;wagh bakri kahwa;wagh bakri kahwa green tea;wagh bakri kahwa online;wagh bakri kahwa price;wagh bakri kahwa tea;wagh bakri near me;wagh bakri shudh kahwa;wagh bakri shudh kahwa benefits;what is kahwa;what is kahwa made of;what is kashmiri kahwa;where can i buy kahwa coffee;where to buy kahwa coffee;where to buy kahwa tea
pista,ACTIVE,Nuts & Seeds,Premium Quality Pista Kernel: Buy Now,37,Premium Quality Pista Kernel (Pista Nuts) Buy Now,49,"Buy pistachio kernels & nuts online for a delicious & nutritious snack. Get the best quality pista nuts from California, USA, delivered right to your doorstep.",159,1921,3,595.0,2280.0,0,akbari pistachio;best place to buy pistachios online;big pistachio online india;buy cheap pistachios online;buy pista;buy pista green;buy pista near me;buy pista online;buy pista online india;buy pista online Mumbai;buy pista wholesale online india;buy pistachio;buy pistachio nuts;cost of pistachios;pista;pista kernel;Pista Kernels;Pista Near me;Pista price;pista rate;Pistachio;pistachio kernel;pistachio near me;pistachio online
dates-sugar-kharik-powder,ACTIVE,Dates,Dates Sugar | Kharik Powder | Natural Sweetener,47,Dates Sugar – Natural Sweetener from Kharik Powder,50,Looking for a healthy sugar alternative? Buy Dates Sugar made from pure Kharik Powder. A natural sweetener perfect for daily use. Shop Dates Sugar online now!,158,742,3,280.0,1080.0,139,are dates good for sugar patients;are dates sugar free;best buy date for sugar;buy date sugar;buy date sugar australia;buy date sugar near me;buy date sugar online;buy date sugar uk;buy date syrup near me;buy dates sugar;buy dry dates;buy dry dates powder;buy dry fruit online;buy harad powder online;buy kharik powder;buy sugar free sweets online;buy sugar online;buy sugar sachets online;buy sugar wholesale;can i replace sugar with dates;can you buy date sugar;date powder price;Date Sugar;date sugar amazon;date sugar benefits;date sugar calories;date sugar content;date sugar diabetes;date sugar for diabetics;date sugar glycemic index;date sugar online india;date sugar organic;Date Sugar powder;date sugar price;date sugar price in india;date sugar to buy;date syrup lion;dates for sugar patients;dates sugar benefits;dates sugar calories;dates sugar diabetes;dates sugar for diabetics;dates sugar free;dates sugar good or bad;dates sugar online;dates sugar price;dates sugar substitute;dates with sugar presevatives online;dates without sugar;Delicious Sugar Alternative;do medjool dates raise blood sugar;does date increase sugar level;does date sugar go bad;Dried khajoor Powder;Dried khajur Powder;dried powdered dates;dry dates powder amazon;dry dates powder at home;dry dates powder benefits;dry dates powder buy online;dry dates powder for babies;dry dates powder for babies online;dry dates powder india;dry dates powder manufacturers in india;dry dates powder near me;dry dates powder nutrition facts;dry dates powder online;dry dates powder online india;dry dates powder organic;dry dates powder patanjali;dry dates powder price;dry dates powder recipe;dry dates powder uk;dry dates powder uses;dry dates powder vs sugar;dry dates powder with milk;dry dates powder with milk benefits;dry dates powder woolworths;Fine Kharek Powder;free online dating sites for sugar daddies;how buy dry dates powder;how long does date sugar last;how to make date sugar;how to make dates sugar;how to make kharik powder at home;how to use dry dates powder;is date better than sugar;is date sugar free;is date sugar good for diabetics;is date sugar healthy;is dates sugar healthy;is dry dates powder good for babies;is kharik good for health;kharik powder;kharik powder 1kg price;kharik powder benefits;kharik powder benefits in marathi;kharik powder in english;kharik powder machine price;kharik powder near me;kharik powder online;kharik powder price;kharik powder recipe;kharik powder with milk benefits;near by dry fruits shop;online sugar dating;sugar daddy online dating;sugar daddy online dating free;sugar dates;sugar dating online;sugary date sim mod apk;what buy dry dates powder;what can you use date sugar for;what is a sugar date;what is date sugar;where can i buy date sugar;where can i buy dry dates powder;where can i purchase date sugar;where can you buy date sugar;where to buy date sugar in canada;where to buy date sugar near me;where to buy dry dates;where to buy dry dates powder;which dry dates are best;which sugar in dates;who are sugar daddy;why dates are so sweet;खारीक;खारीक powder
black-pepper-black-peppercorn,ACTIVE,Pepper,Buy Black Pepper Online,23,Buy Black Pepper Online Fresh Bold and Pure Flavor,50,"Buy Black Pepper online from Kerala. Fresh, aromatic peppercorns sourced and processed with care. Add bold flavor to your meals. Order now from Alphonso Mango!",159,729,3,425.0,1650.0,547,are black peppercorns the same as black pepper;are peppercorns black pepper;are peppercorns the same as black pepper;benefits of eating kali mirch;best black pepper powder in india;black pepper;black pepper benefits;black pepper buy;black pepper buy online;black pepper buyers;black pepper buyers in india;black pepper corn;black pepper dust buy online;black pepper kerala buy online;black pepper near me;black pepper online;black pepper online near me;black pepper powder;black pepper powder vs black pepper;black pepper price;black pepper price 1kg;black pepper price 1kg price;black pepper price in germany;black pepper seeds;black pepper to buy;black pepper vs white pepper price;black pepper whole;black peppercorn malayalam;black peppercorn powder;black peppercorns price;black peppercorns to buy uk;bulk buy ground black pepper;buy black contact paper;buy black paper masks;buy black pepper;buy black pepper in bulk;buy black pepper online;buy black pepper plant;buy black pepper powder 100g;buy black pepper price;buy black pepper sri lanka;buy black peppercorn;buy black peppercorns;buy black peppercorns in bulk;buy black peppercorns near me;buy black peppercorns online;buy black wallpaper;buy black wrapping paper;buy coarse ground black pepper;buy ground black pepper;buy kali miri;buy kalire online india;buy online black pepper powder;buy pepper online;buy turmeric and black pepper;buy whole black peppercorns;can i grow my own black pepper;cheap black pepper bulk;cheap black pepper price;cheap black pepper wholesale;cheap bulk black pepper wholesale;cost of black pepper;Food;fresh black pepper buy online;how do you make black pepper;how much black pepper can i take in a day;how to buy black pepper;how to eat kali mirch;is black peppercorns the same as black pepper;is kali mirch good for health;Kali Mirch;kali mirch cost;kali mirch plant price;kali mirch powder buy online;kali mirch price;kali mirch rate;kali miri price;kalimirch near me;kalimiri 1kg price;malabar black pepper buy online;Miriyalu;need to buy black pepper;original black pepper;price for black pepper;price of black pepper per kg;should i buy organic black pepper;should you buy organic black pepper;what is the best black peppercorn;what is the price of black pepper;what is the price of black pepper in india;where can i buy bioperine black pepper extract;where can i buy black pepper jack doritos;where can i buy black pepper oil;where to buy black pepper;where to buy black pepper in manila;where to buy black pepper seeds;where to buy black pepper spam;where to buy black peppercorns;where to buy black peppercorns nyc;where to get black pepper in nigeria;white pepper buy online;whole black pepper price;wholesale black pepper price;will black pepper price increase;കുരുമുളക്
star-anise-chakra-phool,ACTIVE,Seasonings & Spices,Star Anise | Chakra Phool buy Now Online with us,48,Chakra Phool | Star Anise (Star Phool) – AlphonsoMango.in,57,"Buy fresh Chakra Phool (Star Anise / Star Phool) online. FSSAI-certified, farm-sourced whole spice. Order now for quick delivery.",129,1669,2,345.0,850.0,198,1 star anise;1 star anise equals how much ground;1 star anise pod weight;about star anise;anise and star anise;anise extract vs star anise;anise seed substitute for star anise;anise star tree;anise vs star anise;anise vs star anise vs fennel;aniseed vs star anise;badia star anise;bdo star anise tea;beef with star anise;benefits of burning star anise;bengali meaning of star anise;burning star anise;buy anise star essential oil;buy organic star anise;buy organic star anise india;buy organic star anise online;buy organic star anise online india;buy star anise plant;can you eat star anise;can you eat star anise whole;can you reuse star anise;carrots cooked in orange juice and star anise;chai recipe star anise;chakra phool star anise;chamomile and star anise tea;chewing star anise;chicken adobo with star anise;chicken curry with star anise;chinese braised pork belly star anise;chinese star anise;chounk star anise 25gm price;difference between star anise and anise seed;fresh star anise price per kg;ground star anise;growing star anise;growing star anise plant;how does star anise grow;how much is 1 star anise pod;how much star anise to use;how to grow star anise from seed;how to make star anise oil;how to make star anise tea bdo;how to use star anise in baking;how to use star anise in cooking;how to use star anise in tea;is aniseed the same as star anise;is star anise a flower;is star anise a spice;is star anise good for you;is star anise spicy;japanese star anise;japanese star anise plant;magickal properties of star anise;medicinal value of star anise;one star anise;pork with star anise;price of 1 kg star anise;price of star anise in india;smoking star anise;star anise;star anise 1kg;star anise 1kg price;star anise 50g price thekkady market;star anise alternative;star anise and anise seed the same;star anise and anise seeds difference;star anise and aniseed;star anise and cinnamon tea benefits;star anise and rice water;star anise aniseed;star anise bandra;star anise benefits;star anise benefits for face skin;star anise benefits for skin;star anise benefits in ayurveda;star anise benefits in ayurveda in hindi;star anise bengali;star anise bengali name;star anise bengali translation;star anise biryani;star anise blood pressure;star anise boutique capsules colombo;star anise bulk;star anise bush;star anise cake;star anise cancer;star anise chicken;star anise chicken soup;star anise chicken wings;star anise chinese spices;star anise coffee;star anise colombo;star anise country of origin;star anise cultivation in india;star anise cultivation in kerala;star anise current price;star anise description;star anise essential oil benefits;star anise essential oil health benefits;star anise essential oil properties;star anise extract;star anise face mask;star anise face pack;star anise facts;star anise family;star anise flavor;star anise foods;star anise for skin;star anise for skin lightening;star anise for wrinkles reviews;star anise fresh;star anise garnish;star anise growing zone;star anise health benefits;star anise hsn code;star anise illustration;star anise images;star anise in assamese;star anise in bengali;star anise in gujarati;star anise in hindi;star anise in hindi name;star anise in kannada;star anise in konkani;star anise in malayalam;star anise in marathi;star anise in odia;star anise in persian;star anise in punjabi;star anise in tamil;star anise in tamil name;star anise in telugu;star anise in telugu means;star anise in thai language;star anise in urdu;star anise indian recipes;star anise ingredient;star anise japanese;star anise ke fayde in hindi;star anise liquor;star anise madurai price today;star anise madurai today market price;star anise malayalam name;star anise masala;star anise meaning;star anise meaning in bengali;star anise meaning in hindi;star anise meaning in marathi;star anise meaning in tamil;star anise meaning in telugu;star anise mulled wine;star anise name in hindi;star anise nutritional value;star anise oil benefits;star anise oil for wrinkles;star anise online;star anise online india;star anise order online;star anise other names;star anise patisserie;star anise petal;star anise pic;star anise pics;star anise picture;star anise plant;star anise plant benefits;star anise plant for sale;star anise plant images;star anise plant in india;star anise plant online;star anise png;star anise pods benefits;star anise pods grocery store;star anise pods where to buy;star anise polyphenols;star anise powder;star anise powder in hindi;star anise powder recipes;star anise price;star anise price in kerala;star anise price in kolkata;star anise price kg;star anise price per kg;star anise price per kg in india;star anise production and wholesale price in kerala;star anise production in india;star anise pronounce;star anise pronunciation;star anise rate;star anise recipes;star anise recipes dessert;star anise replacement;star anise scientific name;star anise seed in tamil;star anise seeds;star anise seeds for sale;star anise seeds vs pods;star anise shrub;star anise spice;star anise spice in hindi;star anise spice in marathi;star anise spice price;star anise spiritual meaning;star anise spiritual properties;star anise substitute for mulled wine;star anise symbolism;star anise taste;star anise taste like;star anise tea;star anise tea benefits;star anise tea for flu;star anise tea for weight loss;star anise telugu name;star anise to anise seed conversion;star anise toner;star anise tree;star anise use in recipes;star anise uses;star anise uses for skin;star anise uses in cooking;star anise vs fennel;star anise wallpaper;star anise water;star anise water for face;star anise where to buy;star anise wholesale price list;substitute for star anise in mulled wine;taste of star anise;use of star anise in indian cooking;what is star anise;what is star anise called in bengali;what is star anise called in hindi;what is star anise essential oil used for;what is star anise spice called in india;what is star anise used for;where can i buy star anise plant;where can i buy star anise seeds;where does star anise come from;where is star anise grown in india;where to buy star anise seeds;where to buy star anise tea;whole star anise;whole star anise near me;whole star anise substitute;whole star anise where to buy
wheat-grass-powder-gavhankur-powder,ACTIVE,Wheatgrass,Wheat Grass Powder | Gavhankur Powder,37,,0,"Wheat Grass Powder (Gavhankur Powder, Wheatgrass powder) helps boost immunity levels, detox your body, & helps the digestive system & Gut. Vacuum-packed Pouch.",159,1008,5,360.0,14800.0,750,altos wheatgrass powder;amla aloe vera wheat grass juice benefits;beat grass juice;benefit of wheat grass juice;benefits of drinking wheatgrass juice;benefits of drinking wheatgrass powder;benefits of grass;benefits of wheat grass;benefits of wheat grass in hindi;benefits of wheat grass juice;benefits of wheat grass juice in hindi;benefits of wheat grass powder;benefits of wheat grass powder in hindi;benefits of wheatgrass powder vs juice;benefits wheat grass juice;best place to buy wheatgrass;best wheat grass powder in india;best wheatgrass juice in india;best wheatgrass powder;best wheatgrass powder to buy;black wheat benefits in hindi;buy fresh wheatgrass;buy fresh wheatgrass online;buy fresh wheatgrass online india;buy organic wheatgrass;buy organic wheatgrass powder;buy organic wheatgrass seeds;buy patanjali wheatgrass powder;buy wheat grass;buy wheatgrass growing kit;buy wheatgrass india;buy wheatgrass juice patanjali;buy wheatgrass juicer;buy wheatgrass near me;buy wheatgrass online;buy wheatgrass online india;buy wheatgrass plant;buy wheatgrass powder online india;buy wheatgrass seeds;buy wheatgrass shots;buy wheatgrass tablets;buy wheatgrass trays;can i buy wheatgrass at the grocery store;divine wheatgrass powder;dr berg wheatgrass juice powder;dr wheatgrass india;drinking wheatgrass powder everyday;freeze dried wheatgrass powder;fresh wheatgrass;fresh wheatgrass near me;gavhankur ras;gehu ka jwara;Girmes wheatgrass;girmes wheatgrass powder online;girmes wheatgrass powder price;grass cells;grass juice;grass juice benefits;grass powder;grass shop near me;green grass juice;green grass powder;green wheat;green wheat grass;health benefits of wheatgrass;how much potassium in dr berg wheatgrass juice powder;how much wheatgrass powder per day;how much wheatgrass powder per day for cancer;how to buy wheatgrass;how to consume wheatgrass powder;how to drink wheatgrass powder for weight loss;how to grow wheat grass at home;how to make wheat grass juice;how to make wheatgrass powder at home;how to take wheatgrass powder;how to use patanjali wheatgrass powder;how to use wheat grass powder;how to use wheatgrass powder;how to use wheatgrass powder in hindi;is wheat a grass;is wheat grass;is wheatgrass powder beneficial;is wheatgrass powder healthy;is wheatgrass safe;jware ka ras;kapiva wheat grass juice;noto ki gaddi in english;nut grass benefits;organic india wheat grass powder;organic india wheat grass powder benefits;organic wheat grass powder;patanjali wheat grass;patanjali wheat grass juice;patanjali wheat grass juice price;patanjali wheat grass powder benefits;patanjali wheatgrass powder;patanjali wheatgrass powder benefits;patanjali wheatgrass powder benefits in hindi;price of wheat grass powder;pukhraj wheatgrass powder;raw wheat grass juice benefits;side effects of wheat grass;sleeping gaddi in english;uses for wheat grass;uses of wheat grass;uses of wheat grass powder;veet grass;veet grass juice;veetgrass powder;veetgrass powder online;what does wheatgrass powder do;what is green grass for weight loss;what is wheatgrass;what is wheatgrass in hindi;wheat grass;wheat grass benefits;wheat grass benefits for skin;wheat grass benefits in hindi;wheat grass capsules;wheat grass grow;wheat grass growing;wheat grass growth;wheat grass how to grow;wheat grass how to grow at home;wheat grass in bangalore;wheat grass in hindi;wheat grass in marathi;wheat grass in tamil;wheat grass juice;wheat grass juice benefit;wheat grass juice benefits;wheat grass juice benefits for skin;wheat grass juice benefits in hindi;wheat grass juice online;wheat grass juice patanjali;wheat grass juice powder;wheat grass juice price;wheat grass juice recipe;wheat grass juice side effects;wheat grass juice uses;wheat grass juicer;wheat grass juicers;wheat grass juices;wheat grass ke fayde;wheat grass meaning in hindi;wheat grass near me;wheat grass nutrients;wheat grass nutrition;wheat grass online;wheat grass organic powder;wheat grass patanjali;wheat grass powder;wheat grass powder benefit in hindi;wheat grass powder benefits;wheat grass powder benefits in hindi;wheat grass powder benifit;wheat grass powder how to use;wheat grass powder in hindi;wheat grass powder juice;wheat grass powder online;wheat grass powder organic;wheat grass powder patanjali;wheat grass powder price;wheat grass powder usage;wheat grass powder use;wheat grass powder uses;wheat grass power;wheat grass seeds;wheat grass side effects;wheat grass supplier near me;wheat grass tablets;wheat grass trays;wheat grass uses;wheat juice;wheat leaf;wheatgrass;wheatgrass benefits;wheatgrass benefits for skin;wheatgrass buy india;wheatgrass buy near me;wheatgrass cancer;wheatgrass capsules benefits;wheatgrass in marathi;wheatgrass juice;wheatgrass juice benefits;wheatgrass juice benefits for skin;wheatgrass juice buy online;wheatgrass juice buy online in india;wheatgrass juice near me;wheatgrass juice nutrition;wheatgrass juice uses;wheatgrass ke fayde;wheatgrass kombucha;wheatgrass meaning in hindi;wheatgrass near me;wheatgrass nutrition;wheatgrass nutrition per 100g;wheatgrass nutritional value;wheatgrass online india;wheatgrass plant buy;wheatgrass powder;wheatgrass powder benefits;wheatgrass powder benefits and side effects;wheatgrass powder benefits in tamil;wheatgrass powder benefits in telugu;wheatgrass powder buy;wheatgrass powder for acne;wheatgrass powder for weight loss;wheatgrass powder ke fayde;wheatgrass powder nutrition facts;wheatgrass powder recipes;wheatgrass powder shelf life;wheatgrass powder side effects;wheatgrass powder with lemon;wheatgrass price;wheatgrass price per kg;wheatgrass skin before and after;wheatgrass tablets benefits;when to take wheatgrass powder;where can i buy fresh wheatgrass;where can i buy fresh wheatgrass juice;where can i buy organic wheatgrass;where can i buy wheatgrass juice;where can i buy wheatgrass juice near me;where can i buy wheatgrass near me;where can i buy wheatgrass plants;where can i buy wheatgrass powder;where can i buy wheatgrass seeds;where can i buy wheatgrass seeds locally;where can you buy wheatgrass;where can you buy wheatgrass juice;where do you buy wheatgrass;where to buy dr wheatgrass spray;where to buy fresh organic wheatgrass near me;where to buy fresh wheatgrass;where to buy fresh wheatgrass juice;where to buy fresh wheatgrass near me;where to buy wheatgrass;where to buy wheatgrass in toronto;where to buy wheatgrass juice;where to buy wheatgrass juice near me;where to buy wheatgrass juice powder;where to buy wheatgrass locally;where to buy wheatgrass near me;where to buy wheatgrass plant;where to buy wheatgrass powder;where to buy wheatgrass powder near me;where to buy wheatgrass seeds;where to buy wheatgrass seeds near me;white grass juice
pecan-nuts,ACTIVE,Nuts & Seeds,Buy Premium Pecan Nuts Online,29,Buy Fresh Pecan Nuts Online | Premium Quality Pecans,52,"Order premium pecan nuts online. Enjoy a rich, buttery flavor perfect for snacking or baking. Delivered fresh to your kitchen. Shop now for the best quality!",157,1950,3,680.0,2600.0,0,are pecan nuts and walnuts the same;bulk buy pecan nuts;bulk nuts nut usa pecan halves;buy nuts online;buy nuts online india;buy pecan nut;buy pecan nuts;buy pecan nuts in bulk;buy pecan nuts near me;buy pecan nuts near me online;buy pecan nuts online;buy pecan nuts online india;buy pecan pie online;buy pecans online;calories in pecan nuts 100g;carbs in 100g pecan nuts;dry fruit like brain;dry fruit look like brain;how to eat pecan nuts;is pecan nuts good for you;jumbo pecan nuts;kharawala pecan nuts;montagu pecan nuts price;nuts;nuts names;nuts pecan;nuts pecan Online;peacans;pecan;pecan dry fruit;pecan fruit;pecan halves;pecan nut buster price;pecan nut buy online;pecan nut near me;pecan nut price 2022;pecan nut price 2023;pecan nut price in india;pecan nut price per kg;pecan nut tree;pecan nuts;pecan nuts benefits;pecan nuts benefits in tamil;pecan nuts best price;pecan nuts buy online;pecan nuts calories per 100g;pecan nuts dry fruit;pecan nuts dry fruit online;pecan nuts fat in 100g;pecan nuts flipkart;pecan nuts halves;pecan nuts health benefit;pecan nuts health benefits;pecan nuts in ahmedabad;pecan nuts in ajmer;pecan nuts in anand;pecan nuts in bangalore;pecan nuts in bhopal;pecan nuts in bikaner;pecan nuts in chandigarh;pecan nuts in chennai;pecan nuts in coimbatore;pecan nuts in delhi;pecan nuts in firozepur;pecan nuts in gandhidham;pecan nuts in goa;pecan nuts in gujarati;pecan nuts in gurgaon;pecan nuts in gurugram;pecan nuts in hindi;pecan nuts in hinjewadi;pecan nuts in hyderabad;pecan nuts in india;pecan nuts in indore;pecan nuts in jaipur;pecan nuts in jammu;pecan nuts in jamshedpur;pecan nuts in kerala;pecan nuts in kolkata;pecan nuts in lukhnow;pecan nuts in madhya pradesh;pecan nuts in maharashtra;pecan nuts in marathi;pecan nuts in mumbai;pecan nuts in noida;pecan nuts in panaji;pecan nuts in prayagraj;pecan nuts in pune;pecan nuts in punjab;pecan nuts in secunderabad;pecan nuts in surat;pecan nuts in tamil;pecan nuts in telugu;pecan nuts in thane;pecan nuts in trichy;pecan nuts in udaipur;pecan nuts in up;pecan nuts in uttar pradesh;pecan nuts in vadodara;pecan nuts meaning in hindi;pecan nuts near me;pecan nuts nutrition;pecan nuts nutrition 100g;pecan nuts nutrition facts;pecan nuts nutrition facts 100g;pecan nuts nutritional;pecan nuts nutritional facts;pecan nuts nutsbay;pecan nuts online;pecan nuts online india;pecan nuts price;pecan nuts price amazon;pecan nuts price delhi;pecan nuts price in coimbatore;pecan nuts price in india;pecan nuts price in usa;pecan nuts price per kg in india;pecan nuts rate;pecan nuts rate in india;pecan nuts rate online;pecan nuts urban ladder;pecan nuts vs walnuts;pecan seeds;pecan walnut;pecann nuts;pecans;pecans akhrot;pecans in hindi;pecans in tamil;pecans online;premium pecan nuts;ritrue pecan nuts;what is pecan nuts;पेकन नट;पेकान nuts;पेकान नट;பெக்கன்கள்
gond-katira-badam-pisin,ACTIVE,Vitamins & Supplements,Gond Katira | Badam Pisin | Almond Gum | Dink Gond |,52,Gond Katira Badam Pisin | Almond Gum Kathila Gond,49,"Gond Katira (Badam Pisin, Tragacanth Gum, Dink, Almond Gum, Gond Kathila) is a natural gum from the dried sap amazing health supplement for post-pregnancy.",155,1120,2,199.0,395.0,196,1 kg badam price in chennai;500gm badam price in chennai;almond 1kg price in chennai;Almond Gum;almond gum in hindi;almond gum in kannada;almond gum in telugu;almond gum online;almond gum rate;almond gum uses;almond pisin;almond pisin health benefits;almond resin;badam gum;badam gum benefits;badam gum health benefits;badam gum price;badam ka gond;badam pisin;badam pisin 1kg price;badam pisin benefits;badam pisin benefits for hair;badam pisin benefits for skin;badam pisin benefits tamil;badam pisin buy online;badam pisin buy online india;badam pisin calories;badam pisin during pregnancy;badam pisin for hair growth;badam pisin how to use;badam pisin in english;badam pisin in kannada;badam pisin juice;badam pisin online price;badam pisin price;badam pisin rate;badam pisin recipe in tamil;badam pisin side effects;badam pisin uses;badam pisin uses in tamil;badam powder during pregnancy;badam resin;buy badam pisin;buy badam pisin online;buy dink gond;buy gond katira;buy gond katira near me;buy Kathila Gond online;dink;dink gond;dink ladoo;dink price;edible gum;gond katira;gond katira 1 kg price;gond katira ayurveda;gond katira benefits for hair;gond katira benefits for skin;gond katira benefits in pregnancy;gond katira buy;gond katira drink;gond katira during pregnancy;gond katira face pack;gond katira flipkart;gond katira for body heat;gond katira for liver;gond katira for males;gond katira health benefits;gond katira himalaya;gond katira hindi;gond katira how to use;gond katira in english name;gond katira in gujarati;gond katira in gujarati name;gond katira in hindi;gond katira in tamil;gond katira ke fayde;gond katira ke labh;gond katira meaning in bengali;gond katira meaning in gujarati;gond katira near me;gond katira nutrients;gond katira nutrition;gond katira online;gond katira patanjali;gond katira patanjali price;gond katira price 1kg;gond katira price per kg;gond katira rate per kg;gond katira shikanji;gond katira side effects;gond katira uses;gond katira uses in hindi;gond online;Gum Kathila;is badam pisin and gond katira same;kathila Gond;Kathila Gond online;Kathila Gond price;Kathila Gond rate;katira gond;katira gond benefits;katira gond price;patam picin;taseer;tragacanth gum;tragacanth gum pirce;what is badam pisin;गोंद कतीरा तासीर;गोंद कतीरे;डिंक कटिरा;डिंक बदाम;बदाम डिंक;बदाम पिसिन;बादाम गम;बादाम पिसिन के क्या फायदे हैं?;ਬਦਾਮ ਗਮ;ਬੈਡਮ ਗਮ;ਯੂਕਥਾ ਨੈਚੁਰਲਸ ਬੈਡਮ ਪਿਸਿਨ;બદામ પિસિન;பாதம் பிசின்;பாதாம் பிசின்;பாதாம் பிசின் வாங்க;బాదం పిసిన్;ബദാം പിസിൻ
almond-flour,DRAFT,Flour,Almond Flour,12,Prepared from handpicked Almond Flour  by sun drying Badam,58,"Discover our premium Almond Flour, crafted from handpicked almonds and sun-dried for a naturally rich, nutty flavor. Perfect for healthy baking and gluten-free recipes",167,890,2,0.0,0.0,0,
flame-raisin,DRAFT,Dried Fruits,Flame Raisin,12,,0,,0,2,1,0.0,0.0,0,
cranberry-blueberry-mix,ACTIVE,Berries,Buy Cranberry & Blueberry Mix Online,36,Buy Cranberry Blueberry Mix Online from Alphonso Mango,54,"Buy Cranberry & Blueberry Mix online – premium dried fruit blend imported from the USA. Delicious, nutritious, and perfect for snacking or recipes.",147,1511,3,390.0,1800.0,591,all berries;all berries name;all types of berries;are dried blueberries as healthy as fresh;are dried blueberries good for diabetics;are dried blueberries good for weight loss;are dried blueberries good for you;are dried blueberries healthy;are freeze dried blueberries healthy;baking with dried blueberries;benefits of dried cranberry;benefits of eating dried blueberries;berries and nuts;berries and seeds mix;berries berries;berries dried;berries dry fruits;berries fruit;berries fruits;berries mix;berries mix amazon;berries mix price;berries mixed;berries name;berries price;berries rate;berries trail mix;berry mix;berry mix calories;berry mix dried fruit;berry mix frozen;berry mix pack;berry mix pack online;berry mix powder;berry mix smoothie;berrys mix;best berries;best dried blueberries;best place to buy dried blueberries;blueberry mix drink;blueberry muffin recipe with dried blueberries;blueberry muffins using dried blueberries;blueberry muffins with dried blueberries;blueberry sauce with dried blueberries;brownwood acres dried blueberries;bulk unsweetened dried blueberries;buy berry mix pack;buy dried blueberries;buy dried blueberries 100gm online india;buy dried blueberries online india;buy dried blueberries online urban platter;buy dried blueberry;buy dried blueberry online;buy dried blueberry online india;buy dried blueberry online near me;buy dry berries online;buy freeze dried blueberries;buy freeze dried blueberry;buy mix berries;buy mix berries online;buy online dried blueberries;buy organic dried blueberries;calories in 1 tbsp dried blueberrieS;calories in 100g dried blueberries;can i use dried blueberries instead of fresh;chocolate covered dried blueberries;dessert recipes with dried blueberries;different types of berries in india;dried berries;dried berries mix;dried berries online;dried blueberries;dried blueberries 1kg;dried blueberries amazon;dried blueberries antioxidants;dried blueberries buy india;dried blueberries calories 100g;dried blueberries coles;dried blueberries costco;dried blueberries costco canada;dried blueberries during pregnancy;dried blueberries for baby;dried blueberries for diabetics;dried blueberries for sale;dried blueberries for sale near me;dried blueberries for weight loss;dried blueberries glycemic index;dried blueberries good for you;dried blueberries health benefits;dried blueberries in hindi;dried blueberries in pregnancy;dried blueberries india;dried blueberries keto;dried blueberries market;Dried Blueberries mix;dried blueberries near me;dried blueberries no sugar added;dried blueberries nutrition facts;dried blueberries nutritional benefits;dried blueberries nutritional information;dried blueberries online;dried blueberries online india;dried blueberries target;dried blueberries uk;dried blueberries uses;dried blueberries vs dried cranberries;dried blueberries vs fresh;dried blueberries vs raisins;dried blueberries walmart;dried blueberries wholesale;dried blueberries woolworths;dried blueberry;dried blueberry benefits and side effects;dried blueberry benefits for skin;dried blueberry buy india;dried blueberry buy online india;dried blueberry cake;dried blueberry india online;dried blueberry muffins;dried blueberry pancakes;dried blueberry powder;dried blueberry price;dried blueberry recipes;dried blueberry sauce;dried blueberry scones;dried blueberry smoothie;dried blueberry taste;dried cranberry;dried cranberry benefits;dried cranberry benefits and side effects;dried cranberry bread recipes;dried cranberry for diabetes;dried cranberry in hindi;dried cranberry in pregnancy;dried cranberry nutrition;dried cranberry recipe;dried cranberry recipes;dried fruit berries;dried mixed berries;dry berries;dry berries online;dry berries online chennai;dry berries online delhi;dry berries online kolkata;dry berries online mumbai;dry berries online pune;dry fruits berries;dry fruits berry;dry mix berries;freeze dried blueberries;freeze dried blueberries bulk;freeze dried blueberries near me;freeze dried blueberries nutrition;freeze dried blueberries recipes;freeze dried blueberries uk;freeze dried blueberries vs dried blueberries;freeze dried blueberries walmart;freeze dried blueberries woolworths;freeze dried blueberry powder;freeze dried blueberry powder benefits;freeze dried blueberry powder walmart;frozen berries india;frozen berries online;fruits and berries;granola with dried blueberries;happilo trail mix;healthy berries;how many berries are there;how many berry fruits are there;mix berries;mix berries benefits;mix berries in ahmedabad;mix berries in amritsar;mix berries in bhopal;mix berries in bikaner;mix berries in chennai;mix berries in delhi;mix berries in firozepur;mix berries in gurugram;mix berries in guwahati;mix berries in indore;mix berries in jammu;mix berries in jamshedpur;mix berries in kashmir;mix berries in kolkata;mix berries in lucknow;mix berries in nagpur;mix berries in nashik;mix berries in pune;mix berries in punjab;mix berries in rajasthan;mix berries in siliguri;mix berries in surat;mix berries in thane;mix berries in thiruvananthpuram;mix berries in trichy;mix berries in udaipur;mix berries online;mix berries online india;mix berries online price;mix berries price;Mix Berry;mix berry online;mix seeds and berries;Mixed Berries;mixed berries and nuts;mixed berries benefits;mixed berries in Mumbai;mixed berries near me;mixed berries online;Mixed Berry;mixed berry benefits;mixed dried berries;name different types of berries;nuts and berries;nutty gritties mix berries;rich berries;seeds and berries;seeds and berries mix;trail berries mix;trail mix;trail mix 7 eleven;trail mix aldi;trail mix amazon;trail mix bar;trail mix benefits;trail mix brands;trail mix dry fruits;trail mix dst;trail mix great value;trail mix homemade;trail mix india;trail mix ingredients;trail mix ingredients list;trail mix ka bhaav;trail mix kirkland;trail mix kirkland price;trail mix nuts and seeds;trail mix online;trail mix packets;trail mix price ka daam;trail mix recipe;trail mix snacks;trail mix up;trail mix varieties;trail mix walmart;types of berries in india;where to buy dried blueberries;where to buy freeze dried blueberries;which fruits are berries
dried-strawberry,ACTIVE,Berries,Buy Dried Strawberries Online: Delicious treat,46,Buy Dried Strawberries Online For A Sweet and Juicy Snack,57,"Buy dried strawberries online and enjoy their natural sweetness. These tasty, freeze-dried treats are perfect for snacking, baking, or gifting. Order now!",154,1379,2,360.0,710.0,131,buy dried strawberry;buy strawberry dried;buy strawberry dried online;dried fruit 1kg;dried fruit diabetes;dried fruit gift baskets;dried fruit juice;dried fruit mix;dried fruit online;dried fruit uses;dried fruit vitamin c;dried strawberries;dried strawberries benefits;dried strawberries near me;dried strawberries online near me;dried strawberries rate;dried strawberries trader joe's;dried strawberries walmart;dried strawberry;dried strawberry amazon;dried strawberry benefits;dried strawberry bigbasket;dried strawberry calories;dried strawberry during pregnancy;dried strawberry flipkart;dried strawberry fruit 1kg;dried strawberry health benefits;dried strawberry near me;dried strawberry nutrition;dried strawberry online;dried strawberry powder;dried strawberry price;dried strawberry rate;dried strawberry slices;dried strawberry smoothie;dried strawberry uses;dry strawberries online;dry strawberry nutrition;dry strawberry price;near dry fruit shop;price of dried strawberry in india;price of dry strawberry in india;purchase dried strawberries;purchase dried strawberry;strawberry buyers in india;strawberry dried;strawberry dry;strawberry dry fruit;strawberry drying;strawberry price india;strawberry price per kg;strawberry wholesale price;when are strawberries available in india;where to buy dried strawberry;why are dry fruits so expensive
himalayan-pink-salt,ACTIVE,Salt,Buy Natural Himalayan Pink Salt Online,38,,0,"Buy the premium quality Himalayan pink salt at AlphonsoMango.in. Our salts are 100% pure and natural, with no additives, non-iodized, or no preservatives.",154,546,1,320.0,320.0,89,365 himalayan pink salt;baked brie himalayan pink salt block recipe online;bath salt;bath with himalayan pink salt;benefits of himalayan pink salt;benefits of himalayan pink salt lamp;best himalayan pink salt 2020;best himalayan salt brand;best quality himalayan pink salt;buy bulk himalayan pink salt;buy bulk himalayan pink salt australia;buy himalayan pink salt;buy himalayan pink salt canada;buy himalayan pink salt in bangalore;buy himalayan pink salt in bangaluru;buy himalayan pink salt in egypt;buy himalayan pink salt india;buy himalayan pink salt lamp;buy himalayan pink salt lamp online;buy himalayan pink salt online;buy himalayan pink salt online india;buy himalayan pink salt pakistan;buy himalayan pink salt rishikesh;buy himalayan pink salt uk;buy pink himalayan rock salt;buy pink himalayan salt uk;buy pink himalayan sea salt;buy pink himalayan sea salt online india;buy pink salt;buy pink salt rock;buy salt;buy shan himalayan pink salt online india;buy smoor himalayan pink salt chocolate;by himalayan salt;can himalayan pink salt be used for curing;chef pink;chef salt;coarse himalayan pink salt;coarse pink salt;coarse salt;course salt;dhanyam himalayan pink salt price;disadvantages of himalayan pink salt;does himalayan pink salt have iodine;flavored salt;For metrics;halide;halite;Himalayan Chef Pink Salt;himalayan coarse pink salt;Himalayan Pink Rock Salt;himalayan pink rock salt online;himalayan pink rock salt price;himalayan pink salt;Himalayan Pink Salt 1 Kg;himalayan pink salt 1kg;himalayan pink salt 1kg price in bangladesh;himalayan pink salt 25kg;himalayan pink salt 84;himalayan pink salt advantages;himalayan pink salt amazon;himalayan pink salt and high blood pressure;himalayan pink salt and lemon water;himalayan pink salt and sendha namak are same;himalayan pink salt available near me;himalayan pink salt bath benefits;himalayan pink salt benefits;himalayan pink salt benefits for skin;himalayan pink salt benefits in hindi;himalayan pink salt best brand;himalayan pink salt buy online;himalayan pink salt chocolate;himalayan pink salt composition;himalayan pink salt content;himalayan pink salt cost;himalayan pink salt crystals;himalayan pink salt electrolytes;himalayan pink salt expiration date;himalayan pink salt for bath;himalayan pink salt for skin;himalayan pink salt for thyroid;himalayan pink salt for weight loss;himalayan pink salt for weight loss in hindi;himalayan pink salt formula;himalayan pink salt good for weight loss;himalayan pink salt granules;himalayan pink salt has iodine;himalayan pink salt health benefits;himalayan pink salt hindi name;himalayan pink salt images;himalayan pink salt in hindi;himalayan pink salt in hindi name;Himalayan Pink Salt In Mumbai;himalayan pink salt india;himalayan pink salt ingredients;himalayan pink salt iodine;himalayan pink salt is sendha namak;himalayan pink salt ke fayde;himalayan pink salt keto;himalayan pink salt kirkland;himalayan pink salt lamp price;himalayan pink salt lamp side effects;himalayan pink salt lentil chips;himalayan pink salt manufacturers;himalayan pink salt manufacturers in india;himalayan pink salt meaning in hindi;himalayan pink salt minerals;himalayan pink salt mountain;himalayan pink salt nasal inhaler benefits;himalayan pink salt near me;himalayan pink salt nutrition;himalayan pink salt online;himalayan pink salt online in pakistan;himalayan pink salt or sea salt;himalayan pink salt organic;himalayan pink salt organic india;himalayan pink salt origin;himalayan pink salt potassium;himalayan pink salt powder;himalayan pink salt pre workout;himalayan pink salt price;himalayan pink salt price in india;himalayan pink salt price in pakistan;himalayan pink salt price per kg;himalayan pink salt price without iodine;himalayan pink salt rate;himalayan pink salt recipes;himalayan pink salt reviews;himalayan pink salt rock;himalayan pink salt scrub;himalayan pink salt scrub benefits;himalayan pink salt shan;himalayan pink salt side effects;himalayan pink salt soap;himalayan pink salt sodium content;himalayan pink salt taste;himalayan pink salt tata;himalayan pink salt tiles;himalayan pink salt toothpaste korea;himalayan pink salt trader joe's;himalayan pink salt uk;himalayan pink salt uses;himalayan pink salt uses and benefits;himalayan pink salt uses for skin;himalayan pink salt uses in cooking;himalayan pink salt vs black salt;himalayan pink salt vs normal salt;himalayan pink salt vs rock salt;himalayan pink salt vs sea salt;himalayan pink salt vs sendha namak;himalayan pink salt weight loss reviews;himalayan pink salt where to buy himalayan pink salt;himalayan pink salt where to buy in canada;himalayan pink salt wholesale;himalayan pink salt wikipedia;himalayan pink salt with iodine;himalayan pink salt with water;himalayan pink salt without iodine;Himalayan salt;himalayan salt cooking plate;himalayan salt near me;himalayan salt online;how himalayan pink salt is made;how is himalayan pink salt mined;how much himalayan pink salt in water;how much pink himalayan salt per day on keto;is himalayan pink salt and rock salt same;is himalayan pink salt and sendha namak same;is himalayan pink salt bad for you;is himalayan pink salt good for blood pressure;is himalayan pink salt good for cancer patients;is himalayan pink salt good for high blood pressure;is himalayan pink salt good for pregnancy;is himalayan pink salt good for you;is himalayan pink salt iodized;Khewra salt mine;Low Sodium Pink Salt;McCormick Fine Ground Himalayan Pink Salt;mineral salt;minerals in himalayan pink salt;Natural himalayan pink salt;near himalaya store;pink himalayan salt online;pink himalayan salt price in india;pink himalayan salt price in uk;pink himalayan sea salt;pink himalayan sea salt price;Pink Salt;pink salt bath;pink salt near me;pink salt price;pink salt rock;pink salt uses;price of himalayan pink salt;purchase himalayan pink salt;Pure Rock Salt;recipes for himalayan pink salt;recipes with himalayan pink salt;rock salt;rock salt online;rock salt pink;rock salts;salt 84 himalayan pink salt dollar tree;salt and spices;salt chef;salt for bath;SaltWorks Ancient Ocean Himalayan Pink Salt;shan himalayan pink salt buy online;shan himalayan pink salt online india;shan himalayan pink salt price;shan himalayan pink salt price in india;shan himalayan pink salt price in pakistan;Sherpa Pink Gourmet Himalayan Salt;sodium pink salt;source of himalayan pink salt;substitute for himalayan pink salt;the himalayan pink salt;The Spice Lab Himalayan Salt;try to refresh;uses for himalayan pink salt;uses for pink salt;uses of himalayan pink salt;what does himalayan pink salt taste like;what's himalayan pink salt good for;where can i buy himalayan pink salt near me;where can i buy pink himalayan salt;where can i buy pink himalayan sea salt;where does himalayan pink salt come from;where is himalayan pink salt from;where to buy himalayan pink rock salt;where to buy himalayan pink salt;where to buy himalayan pink salt in canada;where to buy himalayan pink salt in dubai;where to buy himalayan pink salt in toronto;where to buy himalayan pink salt lamp;where to buy himalayan pink salt near me;where to buy pink himalayan salt near me;which himalayan pink salt is best;which himalayan pink salt is best for weight loss;why himalayan pink salt;why himalayan pink salt is better;why pink himalayan salt on keto;गुलाबी नमक;गुलाबी सेंधा नमक;पिंक हिमालयन सॉल्ट;रॉक सॉल्ट;रॉक सॉल्ट pink;लाहौरी नमक;सेंधा नमक
moringa-powder,ACTIVE,Vitamins & Supplements,Shop Moringa Powder Online: Boost Your Health Naturally,55,Buy Moringa Powder Online | Shevga Powder,41,Buy Moringa Powder Online from the dried green leaves of the moringa tree. from our farms dried with health benefits excellent source of vitamins & minerals. ,158,3199,2,192.0,360.0,346,1 teaspoon of moringa powder;1 teaspoon of moringa powder nutrition;1 teaspoon of moringa powder nutrition facts;24 mantra organic moringa powder;aduna moringa green superleaf powder;advantages of moringa leaf powder;advantages of moringa powder;african moringa powder;amorearth moringa powder;baidyanath moringa powder;benefits of consuming moringa powder;benefits of having moringa powder;benefits of moringa powder for face;benefits of moringa powder for weight loss;benefits of moringa powder in hindi;benefits of moringa powder to the body;best moringa leaf powder;best moringa powder;best moringa powder brand in india;best moringa powder in india;best moringa powder online;best moringa powder to buy;best moringa powder uk;best organic moringa powder;best price moringa powder;best quality moringa powder;best time to consume moringa powder;best time to eat moringa powder;best time to take moringa powder;best way to drink moringa powder;best way to take moringa powder;buy moringa powder;buy moringa powder australia;buy moringa powder online india;buy moringa powder uk;buy moringa powder wholesale;buy organic moringa powder;calories in 1 tsp moringa powder;can i take moringa powder on empty stomach;consuming moringa powder;demand for moringa leaf powder;does moringa powder help you lose weight;drumstick leaf powder;drumstick powder;global moringa powder;green virgin moringa powder;health benefits of moringa root powder;highest quality moringa powder;homemade moringa powder;how can i use moringa powder;how do you use moringa powder;how does moringa powder taste;how many calories in moringa powder;how much moringa powder per day;how to consume moringa powder;how to drink moringa powder;how to have moringa powder;how to make moringa leaf powder;how to make moringa powder;how to make moringa powder at home;how to make powder of moringa leaves;how to make tea from moringa powder;how to prepare moringa leaves powder;how to store moringa powder;how to take moringa powder;how to take moringa powder for diabetes;how to take moringa powder for weight loss;how to use moringa leaf powder;how to use moringa powder;how to use moringa powder for hair growth;how to use moringa powder for skin;how to use moringa powder for skin whitening;how to use moringa powder for weight loss;how to use moringa powder in food;is moringa leaf powder safe during pregnancy;is moringa powder good for diabetes;kuli kuli pure moringa vegetable powder reviews;moringa bark powder;moringa combination powder;moringa flower powder benefits;moringa flower powder online india;moringa fruit powder;moringa green powder;Moringa leaf powder;moringa leaf powder australia;moringa leaf powder benefits;moringa leaf powder benefits for hair;moringa leaf powder buyers;moringa leaf powder buyers in tamilnadu;moringa leaf powder daily dosage;moringa leaf powder dosage;moringa leaf powder export data;moringa leaf powder for face;moringa leaf powder for hair growth;moringa leaf powder hs code;moringa leaf powder making machine;moringa leaf powder making machine price in india;moringa leaf powder manufacturers in coimbatore;moringa leaf powder png;moringa leaf powder pregnancy;moringa leaf powder price;moringa leaf powder price in usa;moringa leaf powder price per kg;moringa leaf powder processing;moringa leaf powder processing machine;moringa leaf powder project report;moringa leaf powder psoriasis;moringa leaf powder side effects;moringa leaf powder supplier;moringa leaf powder uses;moringa leaves powder online;moringa leaves powder online india;moringa leaves powder patanjali;moringa leaves powder price in india;Moringa Oleifera;moringa oleifera leaf powder;moringa oleifera leaf powder side effects;moringa oleifera powder;Moringa powder;moringa powder 1kg;moringa powder 1kg price;moringa powder amazon;moringa powder amazon india;moringa powder and apple cider vinegar;moringa powder and weight loss;moringa powder australia;moringa powder available in pakistan;moringa powder ayurveda;moringa powder benefits;moringa powder benefits and side effects;moringa powder benefits arthritis;moringa powder benefits cancer;moringa powder benefits for skin;moringa powder benefits for weight loss;moringa powder benefits in hindi;moringa powder benefits in tamil;moringa powder benefits in urdu;moringa powder breastfeeding;moringa powder buy online;moringa powder calcium;moringa powder canada;Moringa Powder Dosage;moringa powder dosage for diabetes;moringa powder during pregnancy;moringa powder effects;moringa powder export;moringa powder for arthritis;moringa powder for blood sugar;moringa powder for breast milk;moringa powder for dogs;moringa powder for erectile dysfunction;moringa powder for fertility;moringa powder for hair;moringa powder for hair growth reviews;moringa powder for kidney disease;moringa powder for kids;moringa powder for pcos;moringa powder for rheumatoid arthritis;moringa powder for skin whitening;moringa powder for thyroid;moringa powder for weight loss;moringa powder hair benefits;moringa powder hair mask;moringa powder hair mask recipe;moringa powder health benefits;moringa powder himalaya;moringa powder how to make;moringa powder images;moringa powder in bangladesh;moringa powder in cancer;moringa powder in dhaka;moringa powder in hindi;moringa powder in kuwait;moringa powder in tamil;moringa powder in telugu;moringa powder in water;moringa powder ingredients;moringa powder iron content;moringa powder ke fayde;moringa powder label;Moringa Powder Leaf;moringa powder making machine;moringa powder making machine price;moringa powder making machine price in india;moringa powder manufacturer;moringa powder manufacturer in tamilnadu;moringa powder manufacturing process;moringa powder meaning in bengali;moringa powder meaning in gujarati;moringa powder meaning in hindi;moringa powder nutritional information;moringa powder on empty stomach;moringa powder on hair;Moringa Powder Online;moringa powder online india;moringa powder packaging;moringa powder patanjali price;moringa powder pregnancy;moringa powder price;moringa powder price in india;moringa powder price in uk;moringa powder price in usa;moringa powder price per kilo;moringa powder price per kilo in india;moringa powder recipes;moringa powder recipes indian;moringa powder safe during pregnancy;Moringa Powder Side Effects;moringa powder soup;moringa powder taste;moringa powder tea;moringa powder testimonials;moringa powder two brothers;moringa powder uses;moringa powder vs wheatgrass;moringa powder walmart;moringa powder wholesale price;moringa powder woolworths;moringa seed powder benefits;moringa seed powder for water purification;moringa seed powder health benefits;nutritional value of moringa powder;omg moringa leaf powder;omg moringa powder;organic india moringa powder;organic india moringa powder benefits;organic india moringa powder reviews;organic moringa leaf powder;organic moringa leaf powder reviews;organic moringa leaf powder suppliers;organic moringa powder amazon;organic moringa powder india;organic moringa powder price;organic moringa powder reviews;organic moringa superfood powder;organic pure moringa vegetable powder;original moringa powder;patanjali moringa leaf powder;patanjali moringa powder price;pura vida organic moringa powder;raw moringa leaf powder;two brothers moringa powder;weight loss moringa powder;what is moringa powder;where can i buy moringa powder;where can i buy moringa powder near me;where to buy moringa leaf powder;where to buy moringa powder;where to buy moringa powder near me;who sells the best moringa powder
black-salt-kala-namak-sendha-namak,DRAFT,Salt,Black Salt | Kala Namak | Sendha Namak,38,buy black Salt online? You've come to the right place! ,55,,0,587,2,185.0,350.0,200,best place to buy black salt;black salt;black salt 1kg price;black salt and lemon water benefits;black salt and rock salt;black salt and rock salt difference;black salt benefits;black salt benefits and side effects;black salt benefits for skin;black salt benefits in hindi;black salt benefits in tamil;black salt calories;black salt catch;black salt chemical formula;black salt chemical name;black salt composition;black salt crystal;black salt disadvantages;black salt during pregnancy;black salt for blood pressure;black salt for weight loss;black salt formula;black salt good for health;black salt gorakhpur;black salt health benefits;black salt hsn code;black salt in bengali;black salt in gujarati;black salt in hindi;black salt in kannada;black salt in malayalam;black salt in marathi;black salt in tamil;black salt in telugu;black salt jaipur;black salt kaise banta hai;black salt kala namak;black salt ke fayde;black salt made from;black salt malayalam;black salt meaning in bengali;black salt meaning in gujarati;black salt meaning in hindi;black salt meaning in malayalam;black salt meaning in tamil;black salt nutrients;black salt nutrition;black salt nutrition facts;black salt online;black salt origin;black salt packet;black salt photo;black salt picture;black salt powder;black salt powder price;black salt price;black salt price per kg;black salt rate;black salt restaurant;black salt rice;black salt rice price;black salt rock;black salt side effects;black salt sodium content;black salt stone;black salt substitute;black salt tamil;black salt taste;black salt uses;black salt uses and benefits;black salt uses in telugu;black salt vs pink salt;black salt vs rock salt;black salt vs sendha namak;black salt vs white salt;black salt water benefits;black salt wholesale price;buy black salt;buy black salt australia;buy black salt melbourne;buy black salt near me;buy black salt nz;buy black salt online;buy black salt online india;buy black salt uk;buy kala namak;buy sendha namak;buy sendha namak online;can i buy black salt;can you buy black salt;curd with black salt benefits;do sendha namak has iodine;does sendha namak contain iodine;how black salt is made;how much black salt per day;is black salt and pink salt same;is black salt and rock salt same;is black salt good for health;is black salt good for high blood pressure;is black salt good for weight loss;is kala namak and sendha namak same;is sendha namak and kala namak same;is sendha namak and pink salt same;is sendha namak good for health;is sendha namak good for thyroid;kala namak;kala namak 1 kg price;kala namak 1kg price;kala namak and sendha namak;kala namak banane ki vidhi;kala namak benefits;kala namak benefits in hindi;kala namak black salt;kala namak chawal;kala namak chawal price;kala namak chemical formula;kala namak dhan;kala namak dhan ka beej;kala namak english;kala namak formula;kala namak in english;kala namak in gujarati;kala namak in hindi;kala namak in kannada;kala namak in malayalam;kala namak in marathi;kala namak in tamil;kala namak in telugu;kala namak kahan paya jata hai;kala namak kaisa hota hai;kala namak kaise banaya jata hai;kala namak kaise banta hai;kala namak ke fayde;kala namak khane ke nuksan;kala namak kiran seeds online;kala namak meaning in english;kala namak meaning in gujarati;kala namak packet;kala namak paddy seeds;kala namak paddy seeds price;kala namak powder;kala namak price;kala namak rice;kala namak rice 1kg price;kala namak rice benefits;kala namak rice festival;kala namak rice gi tag;kala namak rice online;kala namak rice price;kala namak salt;kala namak sendha namak;kala namak vs sendha namak;recipes with black salt;sendha namak;sendha namak 1kg price;sendha namak and kala namak;sendha namak and kala namak difference;sendha namak and pink salt are same;sendha namak benefits;sendha namak benefits in hindi;sendha namak chemical composition;sendha namak chemical formula;sendha namak chemical name;sendha namak colour;sendha namak composition;sendha namak contain iodine;sendha namak for high bp;sendha namak for plants;sendha namak formula;sendha namak has iodine;sendha namak in bengali;sendha namak in english name;sendha namak in hindi;sendha namak in kannada;sendha namak in marathi;sendha namak in tamil;sendha namak in telugu;sendha namak kahan paya jata hai;sendha namak kaisa hota hai;sendha namak kaise banta hai;sendha namak ke fayde;sendha namak ke fayde aur nuksan;sendha namak ke fayde in hindi;sendha namak ke nuksan;sendha namak kya hai;sendha namak kya hota hai;sendha namak me iodine hota hai;sendha namak meaning in english;sendha namak meaning in hindi;sendha namak meaning in marathi;sendha namak online;sendha namak or kala namak;sendha namak packet;sendha namak patanjali;sendha namak pic;sendha namak picture;sendha namak powder;sendha namak price;sendha namak price 1kg;sendha namak rate;sendha namak side effects;sendha namak sodium content;sendha namak tata;sendha namak uses;sendha namak vs kala namak;sendha namak vs normal salt;sendha namak vs rock salt;sendha namak vs tata salt;sendha namak white;sendha namak wholesale price;tata black salt 1kg price;what is kala namak;what is kala namak called in english;what is sendha namak in hindi;where buy black salt;where can i buy black salt;where can i buy black salt from;where can i buy black salt in australia;where can i buy black salt in canada;where can i buy black salt in nz;where can i buy black salt in philippines;where can i buy black salt near me;where can i buy black salt powder;where can i buy black salt powder near me;where can i buy kala namak;where can you buy black salt;where do you buy black salt;where does black salt come from;where to buy black salt;where to buy black salt block;where to buy black salt for margaritas;where to buy black salt from;where to buy black salt in canada;where to buy black salt in new zealand;where to buy black salt in philippines;where to buy black salt in toronto;where to buy black salt kala namak;where to buy black salt near me;where to buy black salt perth;where to buy black salt powder;where to buy black salt uk;where to buy kala namak;where to buy kala namak near me;where to buy sendha namak;why sendha namak is used in fast;काला नमक;काला नमक का फार्मूला;सेंधा नमक का भाव;सेंधा नमक का सूत्र;सेंधा नमक क्या है
clove-lavang-laung,DRAFT,Seasonings & Spices,Clove | Lavang | Laung | Lavangalu,34,,0,,0,809,3,210.0,1000.0,300,
macadamia-nuts,ACTIVE,Nuts,Buy Jumbo Macadamia Nuts Online,31,Buy Macadamia Nuts for Keto Diet | Fast Delivery India,54,"Where to buy authentic macadamia nuts in India safely? Right here. Buy raw, unsalted macadamia nuts online with express 24-48 hr delivery. मैकडामिया नट्स online",160,1448,3,1210.0,4600.0,500,5 macadamia nuts calories;about macadamia nuts;are macadamia nuts and hazelnuts the same;are macadamia nuts good for diabetics;are macadamia nuts good for you;are macadamia nuts healthy;best macadamia nuts brand;best macadamia nuts in the world;best price on macadamia nuts;brownies with macadamia nuts;buy australian macadamia nuts online;buy macadamia nut oil;buy macadamia nut tree;buy macadamia nuts;buy macadamia nuts in bulk;buy macadamia nuts india;buy macadamia nuts near me;buy macadamia nuts online;buy macadamia nuts online australia;buy macadamia nuts online india;buy macadamia nuts online malaysia;buy macadamia nuts uk;buy macadamia nuts wholesale;can macadamia nuts be eaten raw;can macadamia nuts be frozen;can macadamia nuts be roasted;can macadamia nuts go bad;can macadamia nuts kill dogs;cookies with macadamia nuts;cooking with macadamia nuts;desserts with macadamia nuts;do macadamia nuts go bad;do macadamia nuts have cholesterol;do macadamia nuts have lectins;do macadamia nuts have omega 3;do macadamia nuts have oxalates;do macadamia nuts have protein;how many macadamia nuts are toxic to dogs;how many macadamia nuts can a dog eat;how many macadamia nuts in 100g;how many macadamia nuts per day;how many macadamia nuts per day on keto;how many nuts does a macadamia tree produce;how much macadamia nuts per day;how much macadamia nuts per day on keto;is macadamia hazelnut;is macadamia nuts good for dogs;is macadamia nuts good for pregnancy;is macadamia nuts good for you;is macadamia nuts keto friendly;largest producer of macadamia nuts;macadamia buy;macadamia buy online;macadamia near me;macadamia nut;macadamia nut coffee near me;macadamia nut factory near me;macadamia nut jokes;macadamia nut prices 2020;macadamia nut yogurt;macadamia nuts;macadamia nuts 1 lb;macadamia nuts 100g;macadamia nuts 1kg;macadamia nuts allergy;macadamia nuts also known as;macadamia nuts amazon;macadamia nuts amazon india;macadamia nuts and cholesterol;macadamia nuts and diabetes;macadamia nuts and dogs;macadamia nuts and gout;macadamia nuts and hazelnuts;macadamia nuts and kidney disease;macadamia nuts and pregnancy;macadamia nuts and testosterone;macadamia nuts are the best;macadamia nuts australia;macadamia nuts benefits;macadamia nuts benefits for hair;macadamia nuts benefits for male;macadamia nuts benefits for skin;macadamia nuts benefits in hindi;macadamia nuts benefits in telugu;macadamia nuts buy;macadamia nuts buy online;macadamia nuts buy online india;macadamia nuts called in hindi;macadamia nuts called in india;macadamia nuts called in urdu;macadamia nuts calories;macadamia nuts chocolate;macadamia nuts cholesterol;macadamia nuts cost;macadamia nuts costco;macadamia nuts cultivation;macadamia nuts diabetes;macadamia nuts dogs;macadamia nuts dogs death;macadamia nuts dubai;macadamia nuts during pregnancy;macadamia nuts expensive;macadamia nuts for baking;macadamia nuts for diabetics;macadamia nuts for dogs;macadamia nuts for hair;macadamia nuts for kidney disease;macadamia nuts for pregnancy;macadamia nuts for sale;macadamia nuts for skin;macadamia nuts for thyroid;macadamia nuts for weight gain;macadamia nuts from which country;macadamia nuts fruit;macadamia nuts glycemic index;macadamia nuts good for;macadamia nuts good for pregnancy;macadamia nuts good for thyroid;macadamia nuts hawaii;macadamia nuts hazelnuts;macadamia nuts health benefits;macadamia nuts hindi;macadamia nuts hindi name;macadamia nuts how many per day;macadamia nuts how to eat;macadamia nuts hs code;macadamia nuts images;macadamia nuts in chennai;macadamia nuts in hindi;macadamia nuts in india;macadamia nuts in marathi;macadamia nuts in pregnancy;macadamia nuts in tamil;macadamia nuts indian name;macadamia nuts indian name in hindi;macadamia nuts japan;macadamia nuts keto;macadamia nuts keto friendly;macadamia nuts kidney disease;macadamia nuts kidney stones;macadamia nuts kirkland;macadamia nuts low fodmap;macadamia nuts market;macadamia nuts meaning in hindi;macadamia nuts meaning in marathi;macadamia nuts meaning in tamil;macadamia nuts most expensive;macadamia nuts name in hindi;macadamia nuts near me;macadamia nuts nutrition;macadamia nuts nutrition 100g;macadamia nuts nutrition data;macadamia nuts nutrition facts per 100g;macadamia nuts nuts;macadamia nuts oil;macadamia nuts oil benefits;macadamia nuts omega 3;macadamia nuts omega 3 6 ratio;macadamia nuts omega 6;macadamia nuts online;macadamia nuts online australia;macadamia nuts online india;macadamia nuts online mumbai;macadamia nuts online order;macadamia nuts online price;macadamia nuts online store;macadamia nuts order online;macadamia nuts origin;macadamia nuts other names;macadamia nuts oxalate;macadamia nuts pregnancy;macadamia nuts price;macadamia nuts price in india;macadamia nuts price india;macadamia nuts price per kg;macadamia nuts price per kg in india;macadamia nuts pronunciation;macadamia nuts queensland;macadamia nuts rate;macadamia nuts raw;macadamia nuts recipe;macadamia nuts reddit;macadamia nuts replacement;macadamia nuts roasted;macadamia nuts roasted salted;macadamia nuts selenium;macadamia nuts shelf life;macadamia nuts side effects;macadamia nuts tamil name;macadamia nuts taste;macadamia nuts taste like;macadamia nuts toxic to dogs;macadamia nuts trader joe's;macadamia nuts unsalted;macadamia nuts unshelled;macadamia nuts uric acid;macadamia nuts uses;macadamia nuts uses in tamil;macadamia nuts uses in telugu;macadamia nuts versus almonds;macadamia nuts vitamins;macadamia nuts vs almonds;macadamia nuts vs brazil nuts;macadamia nuts vs cashews;macadamia nuts vs hazelnut;macadamia nuts vs hazelnuts;macadamia nuts vs pecans;macadamia nuts vs pistachio;macadamia nuts vs walnuts;macadamia nuts waitrose;macadamia nuts walmart;macadamia nuts where to buy;macadamia nuts wholesale;macadamia nuts wikipedia;macadamia nuts with shell;macadamia nuts woolworths;macadamia nuts yield per hectare;macadamia nuts zambia;macadamia nuts zimbabwe;macadamia nuts zinc;macadamia online;macadamia online india;macadamia online shop;pesto with macadamia nuts;price for macadamia nuts;recipes for macadamia nuts;recipes with macadamia nuts;salad with macadamia nuts;what is macadamia nuts called in india;what macadamia nuts good for;where are macadamia nuts from;where can i buy macadamia nuts;where can you buy macadamia nuts;where did macadamia nuts originate;where macadamia nuts come from;where to buy macadamia nuts;where to buy macadamia nuts cheap;where to buy macadamia nuts near me;who buys macadamia nuts;why are macadamia nuts good for you;why are macadamia nuts so addictive;why are macadamia nuts so good;why macadamia nuts are expensive;why macadamia nuts are good for you;why macadamia nuts are so expensive;why macadamia nuts so expensive;will macadamia nuts hurt a dog
chilgoza-pine-nuts,ACTIVE,Nuts & Seeds,Chilgoza | Pine Nuts | Pinenuts,31,Buy Premium Chilgoza Pine Nuts Online | 100% Fresh Kernels,58,"Order authentic shelled Pine Nuts (Chilgoza) online. Rich in protein, magnesium, and healthy fats. Vacuum-packed for maximum freshness. Ideal for Pesto and winter immunity.",172,1549,3,2699.0,9940.0,2998,1 kg chilgoza price;are pine nuts expensive;are pine nuts tasty;benefits of chilgoza;benefits of chilgoza dry fruit;benefits of chilgoza in hindi;benefits of pine nuts;benefits pine nuts;best chilgoza in the world;best pine nuts in india;best pine nuts in the world;buy chilgoza;buy chilgoza online;buy chilgoza online india;buy nuts online india;buy organic pine nuts;buy pine nuts;buy pine nuts bulk;buy pine nuts in bulk;buy pine nuts in shell;buy pine nuts near me;buy pine nuts online;buy pine nuts online canada;buy pine nuts online india;buy pine nuts uk;buy pine nuts wholesale;buy pine oil online;buy pineapple;buy pinenuts;buy siberian pine nut oil;buy walnuts near me;buying pine nuts;calories in pine nuts;cheap pine nuts;cheaper alternative to pine nuts;cheapest place to buy pine nuts;chilgoza;chilgoza 1kg price;chilgoza 1kg price in india;chilgoza animal;chilgoza benefits;chilgoza benefits for health;chilgoza benefits for male;chilgoza benefits for male in hindi;chilgoza benefits for sperm count;chilgoza benefits in hindi;chilgoza buy online;chilgoza chilgoza;chilgoza dry food;chilgoza dry fruit;chilgoza dry fruit benefits;chilgoza dry fruit benefits in hindi;chilgoza dry fruit in english;chilgoza dry fruit in hindi;chilgoza dry fruit price;chilgoza dry fruit price in india;chilgoza dry fruits;chilgoza dry fruits benefits;chilgoza english;chilgoza english name;chilgoza fruit;chilgoza fruits;chilgoza giri;chilgoza gond;chilgoza hindi;chilgoza how to eat;chilgoza image;chilgoza images;chilgoza in english;chilgoza in english name;chilgoza in gujarati;chilgoza in hindi;chilgoza in telugu;chilgoza is obtained from;chilgoza ka ped;chilgoza ka pedh;chilgoza ke fayde;chilgoza ke fayde aur nuksan;chilgoza ke fayde in hindi;chilgoza khane ka tarika in hindi;chilgoza khane ke fayde;chilgoza kise kahate hain;chilgoza kya hai;chilgoza meaning;chilgoza meaning in english;chilgoza meaning in gujarati;chilgoza meaning in hindi;chilgoza meaning in marathi;chilgoza means;chilgoza name in english;chilgoza nut;chilgoza nutrition;chilgoza nuts;chilgoza online;chilgoza pic;chilgoza picture;chilgoza pine;chilgoza pine tree;chilgoza plant;chilgoza price;chilgoza price 1kg;chilgoza price delhi;chilgoza price in delhi;chilgoza price in india;chilgoza price in india per kg;chilgoza price in pakistan;chilgoza price in qatar;chilgoza price per kg;chilgoza price per kg in delhi;chilgoza price per kg in india;chilgoza price per kg india;chilgoza rate in india;chilgoza rate per kg;chilgoza rates in india;chilgoza seeds;chilgoza shop near me;chilgoza tree;chilgoza tree in india;chilgoza uses;cookies with pine nuts;cooking with pine nuts;couscous with pine nuts;dry fruit chilgoza;dry fruit chilgoza benefits;dry fruit chilgoza price;dry fruits chilgoza;dry fruits chilgoza benefits;gond chilgoza;gond chilgoza ke fayde;gond chilgoza ke fayde in hindi;gond chilgoza price;health benefit of pine nuts;health benefits of pine nuts;how many pine nuts to eat per day;how much pine nuts should i eat a day;how to buy pine nuts;how to eat chilgoza;how to eat pine nuts;how to get pine nuts;image of chilgoza;in shell pine nuts;is pine nuts good for health;is pine nuts good for pregnancy;meaning of chilgoza;meaning of pine nuts in hindi;nutrition of pine nuts;nutrition pine nuts;pesto recipe without pine nuts;pesto sauce without pine nuts;pesto with pine nuts;pesto without pine nuts;pignoli;pine nuts;pine nuts 1kg price;pine nuts a tree nut;pine nuts benefit;pine nuts benefits;pine nuts benefits and side effects;pine nuts benefits in hindi;pine nuts buy;pine nuts calories;pine nuts chilgoza;pine nuts cost per kg;pine nuts dry fruit;pine nuts for pregnancy;pine nuts from what tree;pine nuts health benefit;pine nuts health benefits;pine nuts hindi;pine nuts image;pine nuts images;pine nuts in bengali;pine nuts in chinese;pine nuts in gujarati;pine nuts in hindi;pine nuts in hindi name;pine nuts in india;pine nuts in kannada;pine nuts in marathi;pine nuts in pesto;pine nuts in punjabi;pine nuts in tamil;pine nuts in tamil name;pine nuts in telugu;pine nuts ka hindi name;pine nuts kernels;pine nuts kg;pine nuts kg price;pine nuts meaning in hindi;pine nuts meaning in kannada;pine nuts meaning in marathi;pine nuts meaning in tamil;pine nuts meaning in telugu;pine nuts nevada;pine nuts nutrition;pine nuts nutrition value;pine nuts oil benefits;pine nuts on tree;pine nuts online;pine nuts online india;pine nuts pesto;pine nuts price;pine nuts price in india;pine nuts price india;pine nuts price per kg;pine nuts price per kg in india;pine nuts production;pine nuts production by country;pine nuts shell;pine nuts shelled;pine nuts substitute;pine nuts substitute pesto;pine nuts to buy;pine nuts tree;pine nuts tree in india;pine nuts tree nut allergy;pine nuts uses;pine nuts without shell;pinenuts;pinenuts in hindi;pinenuts meaning in hindi;pinenuts price;pinoli;piñón;price of pine nuts;shelling pine nuts;spanish pine nuts;storing pine nuts;substitute for pine nuts in pesto;uses for pine nuts;what are pine nuts;what are pine nuts in hindi;what is chilgoza;what is chilgoza in hindi;what is pine nuts;what to do with pine nuts;when do pine nuts go bad;where can i buy pine nuts;where to buy pine nuts;where to buy pine nuts cheap;where to buy pine nuts in bulk;where to buy pine nuts in grocery store;where to buy pine nuts in singapore;where to buy pine nuts near me;where to get pine nuts;where to get pine nuts in grocery store;who sells pine nuts;why are pine nuts so expensive;चिलगोजा
chestnut,DRAFT,,Chestnut,8,,0,One of the best CHestnut from Lebanon,37,1,1,0.0,0.0,0,
nutmeg-powder-jaiphal-powder-jathikai-powder,ACTIVE,Herbs & Spices,Nutmeg Powder | Jaiphal Powder | Jathikai Powder,48,,0,"Buy Nutmeg Powder (Jaiphal Powder, Jathikai Powder) produce of Thrissur Kerala. Hygienically grinded, Handpicked, vacuum packed, aromatic spice powder.",151,789,3,158.0,730.0,299,benefits of Jayphal;buy Jaiphal Powder;buy jathikai powder;buy Jatikkai;Buy jayphal Online;buy nutmeg Powder;Jadhiccupi;Jadhikai;Jaikai;Jaiphal;jaiphal online;Jaiphal Powder;Jaiphal Powder online;Jaji kaya;Jajikai;Jajikaya;Japha;Jathika;Jathikai;Jathikai Powder;jathikai Powder online;Jathikka;Jatikka;Jatikkai online;Jattikay;Jauzbuwa;Jayaphal Powder;Jayaphala online;Jayphal;Jayphal online;Jājikāya online;Jāyikāyi;Nutmeg Powder;nutmeg powder 50 gms;nutmeg Powder online;Sathiccupi;Zaiphal;Zaiphol;جائفل;जायफल;जायफळ;জায়ফল;જાયફળ;ஜாதிக்காய்;ஜாதிக்காய் online;జాజికాయ;ಜಾಯಿಕಾಯಿ;ജാതിക്ക
freeze-dried-strawberry-powder,DRAFT,,Freeze Dried Strawberry Powder,30,,0,,0,4,1,0.0,0.0,0,
test-product,DRAFT,,test Product,12,,0,,0,2,1,1.0,1.0,0,
alphonso-mango-cubes,ACTIVE,Mangoes,Buy Freeze Dried Alphonso Mango Cubes,37,Freeze Dried Alphonso Mango Cubes | 100% Natural Hapus,54,"Craving mangoes off-season? Buy crunchy, freeze-dried Alphonso Hapus mango cubes. 100% natural, guilt-free snacking with fast home delivery across India.",153,1283,2,280.0,450.0,118,buy alphonso mango cubes;buy hapus mango cubes;buy mango cubes;cut mango slice;dried mango;dried mango candy;dried mango candy online;dried mango cubes online;dried mango pieces;dried mango slice;dried mangos;freeze dried mango;frozen mango;guilt free snacks;mango chunk;mango cubes;mango cubes online;mango dried fruit;mango pieces;mango pieces online;mango slice;shop mango people
hapus-mango,DRAFT,,Premium Hapus mango,19,Buy Hapus Mangoes Online | Best Quality,39,Order fresh Hapus mango from Alphonsomango.in. We have the best Premium quality Ratnagiri & Devgad Hapus mangoes. Get them delivered to your door! Shop now!,156,1455,1,0.0,0.0,0,Alphonso Mango;Best Quality Mangoes;Chemical Free hapus mango;Devgad Hapus Mango;devgad hapus mango online;Hapus Mango;Hapus Mango in delhi;Hapus Mango in Mumbai;hapus Mango Online;Hapus Mangoes;Hapus Mangoes Online India;Mango Delivery;Mangoes Online India;Naturally Ripened;order hafoos aam online;Order Mangoes;Order Mangoes online;Ratnagiri Hapus Mango;Ratnagiri Hapus Mango in bangalore;Ratnagiri Hapus Mango in Mumbai
test-mango,DRAFT,,Test mango,10,,0,,0,0,2,2000.0,4200.0,0,
